8
1 500 1000 200 42 777 13 99
0.602261
5.864087
3.950307
0.726765
0.728854
0.729549
-0.075900
3.684221
-0.075828
0.431710
-1.406555
-2.445977
5.810288
3.156787
7.381687
-2.373498
-1.929400
-0.707376
-0.485784
-2.100843
-0.388402
-1.367713
-0.075611
0.767240
-2.884465
-0.512251
2.516333
1.185788
0.624993
0.730943
0.468539
4.346478
-0.335397
-3.030371
-1.728285
1.912311
-1.391765
-0.507143
-0.320202
1.756876
-1.372559
-0.924213
1.401813
0.440018
-2.079623
0.353090
0.602694
-0.652213
-0.878924
-0.598145
-0.858680
-0.362805
-0.224594
-0.260475
-3.114944
-0.083813
-1.830390
-0.515770
0.566281
-3.693159
0.729549
-2.960166
0.728854
-0.539524
-2.077908
1.750813
1.036647
0.636735
-1.565992
1.057882
0.249598
0.289964
-0.009092
2.362581
-1.125665
-1.001151
0.156437
0.648738
0.558990
0.154017
-2.578926
0.727462
-0.526442
5.301865
0.739471
-0.920932
-0.056662
-0.031312
1.453809
1.707620
-1.448999
0.468986
0.469434
0.723981
0.731639
0.468986
-0.075755
-0.075973
0.886102
0.732334
-2.053788
0.726765
-0.170446
0.726069
-0.336039
0.727462
0.729549
-0.075755
0.728158
0.725371
-0.336361
0.727462
0.728854
0.728158
-0.334111
-0.335075
-0.075393
0.884397
0.730943
0.724676
0.734422
-0.335717
0.728158
-0.337645
-0.667241
0.467645
0.726765
-1.348798
-3.310565
-0.075755
0.466749
-0.008476
-0.075464
0.728854
0.727462
0.468986
0.724676
0.726069
0.466749
0.727462
0.730246
0.730246
0.726069
0.726765
0.728854
-0.008523
-0.076046
0.466300
0.466749
0.468539
0.468091
-0.334755
0.727462
-0.075755
0.726069
0.725371
0.468091
0.729549
0.725371
0.467645
0.721890
0.728854
0.469882
0.726069
0.725371
0.726765
0.728158
0.725371
0.728158
0.468539
-0.075611
0.728854
0.728158
0.623207
0.726069
0.728854
0.728854
0.729549
0.468986
0.725371
0.728854
-0.335717
0.728158
-0.076119
0.729549
-0.075900
0.726765
0.722587
-0.334111
-0.335717
0.726765
0.728158
-0.336361
0.466300
0.726765
0.726069
0.728158
0.728158
-0.075828
1.202238
0.466749
0.728158
0.468986
0.726069
0.728158
-0.075828
0.088548
0.728158
-0.335075
-0.334755
-0.076335
0.728158
0.726765
-0.075900
0.723981
0.726069
-0.076119
0.728158
-0.334755
0.884397
0.730246
0.261679
0.728158
0.728854
0.728158
0.469882
0.727462
0.467645
-1.523111
-0.075755
-0.075611
-0.336039
0.728158
-0.076046
-1.230304
-0.334434
-0.075536
-0.335717
-0.075755
0.469882
-0.336039
0.468091
-0.335075
-0.076191
0.728158
0.725371
0.724676
0.724676
-0.075684
0.467645
0.728158
0.730943
-0.075536
-0.337003
-0.076119
-2.471771
-0.075755
-1.305298
-1.074847
1.676128
0.225051
-1.895527
-0.151699
4.169624
0.624700
8.400549
4.607383
-1.000861
-0.598778
0.905390
-0.075973
0.072910
-0.686672
-1.030729
0.315468
-0.166136
0.600486
-1.496139
0.292388
1.775751
0.858519
0.167558
3.380147
-0.472365
-0.230075
-1.086062
1.748934
0.927518
-0.778675
2.664215
-1.205843
0.899665
-1.033163
-1.609456
-2.074819
-0.893959
-0.683726
-1.149913
-0.116143
0.621487
-0.485863
-1.128512
0.758509
-0.124881
4.065681
0.689175
0.124997
-0.615637
-0.180980
3.693694
-1.500116
-0.839401
1.482107
1.844205
1.140625
1.430672
-1.680386
3.484729
-0.701344
-0.779928
-1.679281
1.312433
-1.327976
-0.847661
-1.665758
0.072917
-0.481740
-1.876841
-0.111274
3.461914
-2.144825
-0.907577
0.664953
2.919345
-0.698623
-2.395308
-3.237640
3.133877
1.954125
-1.031178
0.229586
-3.434974
-1.340868
-0.221313
4.988461
-2.004946
1.812654
0.867565
3.428459
1.240202
-0.966570
5.093225
1.807662
1.176267
3.041743
-0.312900
0.443924
-0.811613
-0.558067
4.463990
-0.495357
3.774150
1.178036
-0.130037
1.835652
1.576763
-2.055700
-1.571083
-1.967513
1.297948
4.064795
1.392991
-0.233899
0.728158
-0.348433
-1.134724
5.917108
-0.075684
-0.335717
0.728158
0.728158
-0.336361
1.059364
0.725371
-2.298351
-0.565555
1.476287
-2.206423
-2.879626
-2.555807
-0.290670
1.047835
1.153956
-1.039649
1.749211
1.633190
0.170384
-1.236276
-1.641948
-1.283771
-2.472890
-1.005524
-2.866298
-2.688440
-2.949663
-4.865027
-3.227922
0.168644
-2.205745
-0.553216
-4.809194
-0.998089
0.898593
4.813467
-0.423006
-2.167348
0.080463
-1.232095
-0.075755
-0.080751
0.764795
-0.506293
2.122109
-1.058795
-0.691442
-0.232575
7.641768
-1.575852
-3.631048
-0.243561
4.692801
-1.787314
0.198133
-1.553069
-1.577550
0.730246
-0.518712
-0.250806
7.823386
-2.347975
-0.210263
5.957224
-0.016971
3.279373
1.119034
-2.569892
-0.686598
-1.614643
-0.991162
-1.753575
-0.734192
1.605704
-0.386958
3.354152
4.382550
3.241525
3.466412
-0.120239
-0.825545
0.560487
-1.176917
-2.410010
0.811027
0.390064
1.138510
-1.675621
-1.670525
-1.235215
-0.918150
1.341137
0.723291
-0.750613
1.026901
-0.615263
0.467196
-1.866011
-2.251895
-1.668784
0.723981
-1.695803
2.772751
0.328677
-1.632952
0.004295
3.476575
1.832002
-2.514868
-0.111538
-0.418676
-2.065809
-0.784138
3.929876
-0.609424
-0.564007
5.244550
2.003281
-0.712089
-1.196777
-1.527958
1.043822
-0.515525
-2.155989
-0.660701
-0.174602
1.196391
0.857036
-2.042430
-0.468693
-1.329635
-1.991222
-0.075755
-1.339198
-1.825147
-0.320618
2.451677
0.769800
-0.574317
4.023742
1.191310
0.880547
3.101392
-0.748872
-1.957860
0.902535
-0.543234
1.845787
1.906123
-2.976119
-0.562747
-0.072048
-0.499383
5.397123
0.103841
-1.380667
1.427664
0.047992
0.467196
-1.591171
-0.804126
-1.275151
-0.738939
3.312417
-1.682282
-0.058442
-1.234468
-3.209436
-1.487040
0.105026
2.079671
-2.291769
-0.664701
-0.893380
3.415619
0.723981
-2.232544
1.372768
-1.375586
4.494249
3.620033
1.651933
1.591497
5.881399
2.022870
0.156113
-2.399224
4.591595
-1.581969
-1.392154
-0.627343
-2.251448
3.167632
0.928147
1.533892
-2.868655
-1.939104
0.728158
-1.025028
2.322603
1.710339
-0.282357
5.955746
-2.774570
3.443586
-0.281515
3.323737
-0.336556
1.357773
-0.798560
0.449418
0.944993
-1.449163
0.700242
-1.917630
-0.108798
-0.458571
-1.208070
-2.740459
-4.303425
-0.543558
1.384515
-0.125024
-1.380281
-2.295824
-1.903074
-0.371611
-1.780815
1.511258
-2.317400
-0.490160
0.468091
-1.981577
-2.738613
0.717715
-0.933257
0.464984
-1.848755
-0.851699
1.784451
-0.934674
-1.430224
-2.228108
1.762308
-0.963642
-2.360875
-0.335717
-0.405027
-0.173506
0.085421
-0.954996
0.663252
0.020541
-1.340329
2.848333
3.271986
-1.149224
0.132836
-0.521475
1.019186
-3.051768
-0.776043
1.396915
-0.722525
2.737917
-0.919144
-0.261595
-1.988070
2.854062
-0.467609
-2.095853
-0.122836
-0.278420
-0.557786
0.249288
0.080652
0.627440
3.595390
-0.807955
-0.068530
-3.942752
-0.900321
-2.969462
2.777129
-4.187630
0.124822
-0.181887
-0.075611
-0.169887
0.511708
-0.404328
-0.535807
-0.280613
-0.075393
-1.824339
1.251991
-0.936233
-0.082652
0.728158
3.791748
-0.649982
-0.128727
-1.702369
-0.442298
-1.700887
-0.803436
-1.699858
1.208730
-1.337464
0.966171
-0.610087
0.519315
0.908809
-1.381806
-2.534142
0.998608
1.471986
-0.486676
1.788192
-3.204928
-0.580714
-0.075755
-2.812428
0.880516
-0.337003
2.114097
-0.779233
-2.174844
-2.075829
1.227265
2.609401
-3.678337
0.727462
1.534393
-1.551802
0.009692
0.468986
-1.825174
2.240914
-2.194926
3.069620
1.073997
0.727462
0.001510
2.309932
-0.617794
-1.837468
-1.295271
0.684974
-1.888547
1.279703
-0.183357
-2.538963
-0.797210
0.634179
0.725371
0.271004
1.831942
-1.865481
1.541644
-0.347763
3.566365
-1.083091
1.599611
2.131998
0.639593
-2.079836
1.473205
0.088293
0.125478
-1.100497
-0.080844
-1.531815
0.084598
-1.809407
3.312256
0.400437
-0.502767
-1.040897
-1.682444
1.275897
-0.361545
-1.020994
-0.557605
-1.034495
1.366762
-2.210599
-0.170609
1.578319
-1.190844
-0.365939
-1.717262
-0.562769
1.996886
-3.466976
5.482501
2.200768
1.087018
-4.222535
5.145068
-1.230466
-0.313863
-0.507416
-0.944122
0.204657
0.728158
0.317534
2.743538
-3.277960
-0.449617
-0.264426
-2.691201
-0.448067
0.726765
-0.664646
3.063200
0.343277
-0.837265
-2.415145
4.666733
-2.619853
-0.680477
0.468539
-1.713955
-0.055412
0.673382
2.201941
-0.509681
0.628803
-0.258825
1.375684
-0.329205
-0.550253
-1.386557
-1.223338
1.851511
2.195710
0.727462
-0.333946
1.072961
-0.433604
-0.152107
0.302551
0.781709
0.088293
-1.072333
-0.439320
2.560440
0.506309
0.511859
0.047718
1.731967
-0.925880
-0.259249
-0.238641
-1.760754
-0.929350
-1.651248
1.320740
0.792828
0.451310
-1.541394
-1.260665
-1.671908
-0.389190
-1.722448
0.511455
-1.986294
-1.434958
0.646766
-0.180299
-0.086345
0.598544
-0.165639
4.020912
-0.933991
0.726069
0.102686
-1.001013
-1.100444
0.723981
-3.240344
-0.574953
0.341227
-1.329762
0.084474
-3.286305
2.836526
-1.881754
0.568191
1.120257
-1.958788
-1.974957
-4.208209
-2.178337
0.100461
1.661680
2.259569
0.113857
-0.334755
2.029468
0.726765
-2.237822
0.725371
-1.378492
1.870821
-2.502449
-0.374778
-3.508151
2.866571
4.358296
1.152244
-0.561825
-2.618597
-1.767564
-1.515793
-1.843519
1.376570
-0.917364
0.589618
-2.964428
-2.063017
-0.036694
1.204836
-1.398877
-1.548434
0.051831
1.507510
-0.062057
0.195645
2.524963
-0.673814
-1.599297
-1.998903
-0.335397
-2.071822
3.682394
1.811481
-2.435066
0.348516
0.183098
0.721196
0.728158
-2.736251
0.599446
1.485989
-0.874847
-0.411131
-1.555271
0.860644
0.515054
0.773686
0.925975
-1.531176
0.726765
1.874863
0.152913
0.799279
-0.776310
-0.436117
-1.230466
2.289981
0.726069
-0.575710
0.445746
0.728158
1.017592
1.549667
-0.959661
0.434529
1.069859
-2.170434
0.392173
0.674004
2.287849
-0.363298
-1.777897
1.393464
0.886958
-2.610482
-1.590089
0.216619
-3.864087
-3.689285
0.536543
0.009862
-0.320618
2.398227
1.681100
-0.335397
-3.105124
-2.303756
1.416091
0.764873
-0.659489
-0.528101
4.037462
-1.090352
0.726765
-2.979020
-1.337408
2.083926
-1.004010
-0.630218
-1.766832
0.728854
3.588911
0.058935
-2.059750
0.075880
-1.162018
-3.315416
0.022442
-0.980797
0.309889
-0.764335
3.150107
-3.522485
1.896747
-2.868590
-2.031898
-0.403774
0.726069
0.977251
0.318503
-1.825880
0.530064
-1.158885
1.860935
-1.045533
-0.544241
-0.523518
-0.754344
-2.591696
0.726069
0.726069
-0.087861
0.878471
-2.322332
-0.723807
-2.067815
-1.893506
2.142209
-0.360091
-1.353997
-1.247214
0.727979
-1.594225
-0.567579
-0.479326
0.519315
0.728158
-0.091436
-0.567167
-0.319815
-1.524724
0.529827
-0.907610
4.129002
-1.495390
-0.848076
-0.337003
-0.320297
-2.258870
0.728158
2.517088
-3.606227
-1.387436
0.560708
-0.374991
-2.621374
-2.021519
1.883228
-2.328905
-1.408097
2.915176
-1.279235
-1.371464
0.106422
0.373390
0.693699
-2.050409
-0.075393
-3.336092
-1.596440
-0.287747
-0.611096
-0.032606
-0.594588
-1.098832
-0.466720
-1.612975
-1.650206
3.018699
-2.618752
1.168421
-0.757411
-0.058806
1.679676
0.136643
-1.459023
0.431396
-1.691078
-0.747278
-0.163800
0.047678
-0.075755
-1.197912
-0.333789
-3.635214
-2.620809
1.140591
-1.277833
-0.822283
-1.969696
-2.228189
-1.344900
-0.199353
-2.976119
-2.546935
-0.792916
-1.840542
0.194890
-2.820893
0.467645
-0.698199
-0.617518
-2.695551
1.314082
2.061948
1.457379
-0.382319
-1.350263
-0.236328
4.828447
2.368843
0.003249
0.425098
2.632787
1.015138
0.468539
-0.093622
-0.071869
1.163637
-2.745338
4.141043
-1.217569
0.057480
-1.560271
-0.593486
1.463420
-2.452423
-0.552983
-0.335397
-0.280306
1.522674
0.728854
-1.370833
0.433876
-1.276040
-1.236119
-1.805000
-1.395617
-0.458946
0.073919
-0.075900
-0.334755
-0.075900
-2.275876
2.287282
-1.089952
1.024536
-0.243934
0.321452
-1.757179
0.877118
0.324693
3.191175
-1.118413
0.727462
1.019646
-3.225687
-0.882691
0.724676
0.287560
-1.992337
-0.628670
-1.644822
-1.566615
1.845692
-0.669642
-2.774965
-0.838653
0.438109
-0.862287
-0.407736
-1.985171
-0.075973
1.608671
-1.229516
0.408262
-0.167115
-1.755770
-0.886870
1.535761
0.514944
-0.774523
0.933048
0.727462
0.405823
0.769217
-2.846723
-1.537105
2.320010
1.570403
1.109374
-1.045071
0.221524
-1.758815
1.140848
-0.283592
0.727462
-0.771613
-0.755464
-0.843048
0.726765
-1.475614
-2.338223
0.283781
-0.303733
-0.405750
0.489584
-1.100186
0.111647
-0.928993
0.743677
0.448848
-1.151506
-2.435958
1.827199
-0.260213
-0.779897
1.115337
-0.206691
-0.721706
-1.140389
1.253858
0.859480
-1.683449
-1.567801
0.031910
1.690980
-0.546268
0.728854
-0.944741
0.187394
-0.113607
1.153765
-1.409530
-0.492908
1.030888
1.437753
-0.881617
0.008585
-0.273053
-2.182468
-0.585969
-2.766332
-0.601744
0.665624
0.821025
1.056296
-0.937538
-1.095752
0.981033
0.449279
-0.336039
-1.664528
-1.383747
-0.335397
-0.289060
-0.080577
0.380731
1.170147
-1.922074
0.435820
-1.911224
-0.376404
0.692654
-0.402192
-0.790504
-0.798524
4.710420
-0.121371
0.431405
0.819873
-4.815914
1.729721
-0.170936
0.980863
1.070201
0.728854
0.151335
0.789612
1.683335
-2.423817
-3.026584
-0.245462
-0.905045
0.726765
-1.663906
-1.491432
0.467196
-0.323670
-2.332420
0.169110
1.203100
-0.915951
-1.478879
-1.352936
-0.046974
-1.120778
0.063962
-2.180019
0.694356
-0.474572
2.007501
-0.179700
-2.398618
-1.533587
-1.980439
-2.328815
2.926802
-0.779998
0.231761
1.801151
0.467645
-0.836563
2.892493
-1.185792
-1.174314
-0.748111
-0.652558
-1.278151
-2.073825
1.564303
-0.970600
0.077327
-0.660779
-2.075829
1.099369
2.251201
0.585285
2.570308
-1.270660
1.789627
0.448531
0.716945
-3.231901
0.211472
-2.490333
-1.468732
-2.573508
-2.647129
-0.832272
-0.669104
1.100450
0.726069
-0.607764
-0.546433
0.798137
-1.018966
-1.843858
-0.970763
0.454172
0.496567
-1.234027
0.382970
-1.943094
-0.440321
-0.369027
-3.667879
-2.134226
0.836491
-0.358306
-0.173537
-1.247500
-2.250566
1.532688
0.317656
-4.591144
0.838886
-0.315844
-0.504217
0.806121
-1.270070
-1.257890
-0.055365
0.728854
-0.320780
0.022755
-1.468507
2.377855
0.724676
-1.520477
3.591103
-2.083546
0.446611
-1.475659
-0.980072
-3.607051
-1.841836
0.356858
-3.839931
-2.658097
1.174286
-1.101534
-3.683548
0.111434
0.030078
-1.338402
-0.081172
-0.346170
0.401188
2.399336
-1.715068
-0.399321
0.356004
0.184087
2.844865
-0.911481
-1.710261
-0.397058
-2.963607
-1.590156
0.868730
1.364719
-1.000815
0.378346
2.396241
-0.680278
-0.076046
2.572015
1.974530
0.221840
-0.445244
-2.466794
-0.658725
-0.176121
1.511840
-0.774581
2.682441
2.106252
-2.740417
-0.774966
0.721890
-0.937887
6.172255
2.190240
-0.076409
-1.112963
0.729549
-1.779544
-1.454211
0.467196
2.693843
0.470330
0.365496
-1.393313
-0.296201
-0.472856
-1.892412
1.935329
-0.463334
0.363783
1.013662
-1.291532
-0.051443
-0.650665
0.825338
1.152385
0.501384
0.415002
-1.426164
0.727462
2.014189
0.507163
-1.713518
0.189426
-4.199977
0.579240
-1.297946
0.724676
-1.852049
-0.835460
4.927081
-0.235173
-0.510530
0.383990
0.156366
0.044603
-1.088557
-0.269217
1.593286
0.142849
-2.544384
-1.339703
0.728854
0.166433
0.724676
-0.395648
-2.596015
-0.288904
1.995530
-1.373377
-2.622911
-0.126336
0.718377
-0.531614
-0.403032
0.730246
-2.331520
-3.626660
0.003312
-1.971071
-0.546639
-0.065755
0.723981
-1.670107
-0.050947
-0.012682
0.916297
-1.159395
0.726765
0.837081
0.726765
0.366552
-2.959744
-0.075900
0.660359
-0.415017
-2.663695
0.445044
0.088377
-0.335075
-1.664488
0.185457
-3.864555
-0.713491
-1.344900
-1.489467
-0.878945
-1.180537
0.153041
-0.937033
0.501447
-0.518790
-0.075900
-0.087730
-0.515972
-2.269483
0.692072
1.530704
0.335208
-1.339883
4.387205
-1.444575
-1.311019
-0.417814
-1.909525
-0.075684
0.712571
-3.410672
-0.609924
0.301793
-0.024453
-1.245672
-1.082543
-2.469203
0.414722
-2.053788
0.844096
1.875309
2.410706
-1.371608
0.631889
-0.106567
1.171039
-1.305875
-2.154794
0.511555
-0.336361
-2.433810
0.113190
0.305018
-0.838754
-0.951105
-1.099750
-1.865507
1.881108
-0.641754
1.837102
4.379182
0.319301
-0.212925
-1.752607
-0.323820
-0.650388
0.269858
0.688735
0.708251
0.479998
-2.075668
-2.596674
0.975601
-1.359905
-0.056131
-0.670889
-3.296009
1.109418
-2.071822
1.534245
-0.731854
-1.187515
-1.382342
-1.393636
-1.631288
-1.835303
-0.574072
0.967744
-1.313806
-3.237967
-0.335075
1.940701
-0.481973
-1.270742
-1.129938
-1.000222
0.309777
-0.224492
0.993408
1.615493
1.113783
1.019864
0.553965
-0.015175
1.454825
0.164857
-2.248495
-2.301584
-1.621258
-1.089545
-0.426099
0.724676
-1.807921
-1.616050
-1.095581
0.004049
1.221874
-1.659433
-1.410630
0.673770
0.217563
0.104506
-0.941298
0.726069
-0.996777
-2.092460
-3.286305
-1.308638
-0.592005
0.020283
-0.123323
-1.282788
-0.721951
-0.029766
-0.647740
-1.079388
-0.428568
1.235093
-0.639211
-0.712663
0.573182
-0.542636
0.943605
1.270400
-1.671652
1.700140
2.180911
-1.071236
0.726765
0.338242
-0.250880
-0.336361
0.727462
-2.921188
-1.532362
-1.424657
-0.393878
-2.948648
1.753329
-1.670355
0.671495
0.469075
-0.178286
0.844591
-2.602569
0.037002
2.831672
-0.231437
0.107427
0.599312
0.087219
-1.286646
0.511729
-0.612426
-1.199995
-1.395612
-1.006382
-0.855592
0.726765
-0.105108
-0.929278
1.502328
-0.611286
0.467196
0.468474
-0.077819
-0.494909
0.639101
-0.837363
-0.357458
-3.499027
-2.576268
2.870118
-0.169792
0.828002
-1.288939
0.727462
0.451533
1.010015
-1.568239
-0.729188
-1.316308
0.229535
2.365525
0.196011
-0.337003
1.511379
-0.620252
0.726069
-0.119680
-0.334434
0.579150
0.427562
0.608327
0.837414
-0.910123
-2.061803
-3.951221
-2.324472
-0.121337
0.106861
-2.385788
-1.430344
0.297671
-2.061803
-0.319977
0.135798
-0.386816
-2.706069
1.669891
-1.143550
0.016877
-0.178618
-2.954387
-2.992641
-0.357491
0.102677
-2.487879
-0.395282
-2.371271
-0.987185
-0.710075
-1.467884
-0.341042
0.921283
1.563459
-0.353957
-0.946824
-2.079158
-1.347965
-0.324634
-0.493572
-0.445973
-0.349292
0.429427
-0.217787
0.719804
-0.144407
0.886102
-1.538395
1.433105
0.560182
-0.882079
-0.755736
-0.347910
-0.974393
-1.812024
-2.234708
-1.415266
-0.076119
-0.155015
0.467645
-1.467589
1.042685
0.730246
-3.292773
0.393802
-0.301973
0.604203
0.653643
-2.136622
0.580772
0.058255
-2.140160
-0.844351
-0.905774
-1.175052
0.468539
-3.349113
-0.406696
0.337731
-3.302478
2.686429
0.496389
-3.159415
1.084265
-2.224011
-1.032639
0.600093
0.468539
0.088122
-1.794745
1.169420
-0.590577
1.806434
-1.739976
-2.349749
0.321128
0.469882
-2.899793
-1.073754
0.182411
1.377268
1.554624
1.277391
-0.159232
0.927385
-2.945661
1.224494
-0.302400
-3.264825
-0.029697
-0.164974
1.204446
1.190215
-1.644609
0.655025
0.235705
-0.336361
-0.356610
-1.243745
-0.457106
0.845693
-1.301061
-0.335397
1.363918
0.466300
-2.378526
1.460498
-0.419462
0.387690
0.726765
-0.184485
-0.830228
0.083275
-2.216471
-0.360438
1.864766
-1.659195
-1.284461
-0.075755
0.468091
-1.772209
0.725371
0.460882
-2.063067
0.729549
-2.607769
-3.138693
-2.015295
-0.897391
-1.403385
-2.119107
-0.380606
0.578038
1.270842
0.507452
1.410209
0.468091
1.973096
-0.770378
2.804213
-0.477096
-2.157486
-0.541597
0.887326
-0.336682
-0.999359
-1.050464
0.998498
-0.652096
0.728158
-0.401420
1.472940
-1.410787
1.370682
0.974633
1.822525
0.725371
-0.837792
-1.514073
0.505252
-0.634070
-0.850214
-0.319173
0.681136
0.319442
0.026048
0.724676
0.730246
2.222250
3.961976
-2.693429
0.244228
0.043021
-2.559801
-0.716469
0.068747
-1.899674
0.735525
-1.249503
-2.300167
-0.336361
-0.942850
0.728158
-1.679490
-4.518426
-1.126399
0.662610
-0.513979
-1.610934
-1.226299
-0.240160
0.726069
-0.690923
-2.564791
-1.297721
0.654855
1.586963
-0.414344
0.726069
-3.051011
-2.880020
-0.216006
-0.335717
-0.357743
-1.986883
0.466749
0.072919
-2.205912
-0.978162
-1.340288
-0.087110
-3.443650
-1.769911
-0.831346
-1.324486
-0.756657
-0.447522
-1.035490
0.675395
-1.974643
-0.334434
0.658646
-0.075900
-0.313113
-0.015076
0.468986
-0.162091
0.147095
0.560992
-1.137973
-0.075973
2.363754
-0.075536
-2.387907
-0.323510
0.151975
-2.081839
-0.174576
-1.094061
-2.026417
-0.182224
0.040156
-0.427260
1.532453
-0.456774
-2.880817
-0.320457
-1.719570
1.350025
1.188758
-1.102764
0.448848
0.522529
-3.041875
-0.745611
-0.771040
0.407770
0.725371
0.294017
1.595585
-0.898782
0.088548
-0.718389
-1.492006
-0.608572
0.771480
-0.335075
-3.327179
-1.643708
2.767798
0.620143
-1.187660
1.740389
0.981460
-0.336682
-0.907410
-2.015425
-0.687670
-1.384542
-1.556305
-2.290892
-2.053788
-1.623771
-0.335397
-0.113707
-0.589386
-2.344034
0.051294
0.726069
-2.716535
1.310068
-1.195571
-2.482967
0.088932
-0.258772
-0.124768
0.970096
1.522541
-2.126056
0.119185
0.437319
0.080873
0.726069
-2.374056
1.383400
-0.764110
0.161924
-0.283665
-0.141661
-2.403774
1.395613
0.598983
0.726069
2.052277
-0.505604
-1.218861
-1.838634
0.354197
-1.344900
-1.276354
-2.044945
-2.223167
0.699662
0.803648
0.729549
-1.978350
-0.426857
-2.285508
0.444156
-3.326226
-0.011701
0.728854
-0.073176
-0.438299
-0.637416
-3.273700
-0.428115
-0.170281
-3.063308
-1.979846
-2.033076
-1.169711
0.531727
-4.214383
-1.377293
-3.246502
-1.168810
-1.334664
-1.544870
-2.694718
-0.953952
-0.566362
0.036061
0.951658
0.466300
-2.918983
1.867224
0.728158
-0.075755
-1.890903
0.452654
-1.033007
-0.335717
-0.200254
-0.336039
0.153871
-0.335397
-0.432438
0.622012
-2.419417
-0.372949
0.695437
0.467645
-1.632014
-1.889004
-2.380050
-0.019470
0.631919
-0.580078
1.621129
-1.206455
-0.798312
-1.154634
0.634350
-0.829855
1.356887
0.485333
0.073653
0.728158
0.729549
1.826346
1.462261
-0.018895
0.649042
-0.420841
-0.092923
-0.075900
-1.099078
0.208117
-1.109388
-0.805812
-0.186624
1.018991
0.062208
-2.978362
-1.035375
-1.656614
-0.207211
-0.076119
-0.335075
-1.160702
0.725371
-1.689624
0.566347
-1.018562
-2.301003
-0.022940
-1.515946
0.730246
0.726765
-0.725762
-0.388591
-0.365194
-0.551985
-1.625542
-0.258848
0.724676
0.572394
-0.131309
-1.007936
0.726069
-0.075755
0.002338
-0.926410
-0.171800
-0.490979
1.258953
-0.055303
1.293919
-1.154215
1.399971
-1.779523
0.728158
0.730246
0.723285
0.008008
-1.512834
0.727462
-1.143827
-1.392306
-0.323510
-0.542705
-0.664460
-0.525148
-0.363733
-1.541801
-1.901763
-3.179751
-0.921992
0.431115
-0.876557
0.402330
-1.364955
0.553988
-0.677334
0.887156
-0.320457
-1.209011
-1.980060
1.168516
-0.753898
-1.619532
0.727462
-0.075973
-0.444095
0.466749
0.680655
-3.482064
-0.118769
1.464509
-0.774161
0.316645
0.435121
-0.598256
-0.330149
1.053563
-0.323908
0.449743
-0.696943
0.492833
0.496513
-2.358663
0.413152
-0.634052
-0.464851
-2.614735
-2.495563
-0.939297
-0.766943
-0.608368
-0.605996
0.728854
-3.351512
-0.666900
0.728158
0.412001
-1.311720
-1.810720
-0.990498
-1.706218
-0.072269
-0.096740
-3.661828
-2.427677
-0.399513
0.723981
0.330629
-1.467845
-2.537423
-0.588076
1.006865
-0.210009
0.486623
1.350481
1.237433
-3.305712
0.073948
-2.443882
-0.539357
-1.256328
-0.748872
-0.182975
-0.076191
-2.172134
-1.645801
-1.771065
-0.681782
2.649230
-0.699020
1.240749
2.403856
-2.724396
0.127078
0.467196
-1.568839
-2.808078
1.343279
-0.335717
0.729549
-0.274461
-0.334434
0.468091
-1.906063
0.726765
-1.609109
-1.361825
0.251964
-1.062466
-1.418122
1.013379
-1.677612
-2.462462
3.368831
-0.069270
0.728158
0.350405
0.193976
-1.650694
0.053020
-0.992394
-2.066422
1.589174
0.726765
0.729549
0.467645
-1.779622
-0.206511
-0.329461
0.729549
-0.423132
-0.075611
-0.940511
-0.141936
-0.675180
1.214378
-0.578556
0.603446
-1.198882
-1.179320
-0.684600
-1.167046
-1.113512
-1.454620
0.177675
0.227620
-1.578642
0.147379
-3.200574
-1.170897
-1.828316
0.185861
0.035478
-0.768427
0.096728
0.700044
-1.427737
-2.120151
-0.543696
-1.396254
0.917374
-0.335717
3.985574
0.548244
1.408268
-0.544452
-1.929073
-0.984628
-1.195622
-1.155875
-2.290569
-0.264694
0.999359
-0.244167
-2.023967
-2.941309
-1.610641
-0.186400
-2.361403
1.398350
-0.682313
1.246605
0.443118
-1.469017
-1.655095
-1.565073
-0.493364
0.726069
0.474725
-0.986322
-1.125606
1.113309
-1.342369
-0.733361
-0.389974
-0.337003
-2.996540
0.727462
1.220019
-0.428655
0.972729
0.468539
0.049733
-0.808047
-0.044432
-1.444105
-0.335397
-0.801619
-1.279929
0.468091
0.607714
-0.918899
0.757569
-2.726025
-1.757002
-0.323670
0.699075
0.861059
4.924004
0.727462
0.823430
-1.427757
-0.481099
-0.854553
-0.075828
-0.314352
-2.262223
-1.410016
-1.436942
-0.210183
-0.901181
-0.715234
0.467645
0.468986
-0.075900
-0.678082
-2.127449
-1.639957
0.814386
-1.377976
0.466749
-1.569452
-2.036586
0.725371
-0.332185
-0.876915
0.297613
-1.143761
0.723285
0.723981
-0.301905
0.509954
-1.240920
0.465901
-0.829145
-0.823244
-0.242283
0.037324
-0.177981
-1.956613
0.083838
-0.867752
-0.134740
-2.458468
-1.864167
-0.075464
-0.335397
0.219093
-1.166867
-1.549283
1.025625
0.905233
-1.318954
-0.020303
0.725371
0.259588
-2.996120
0.739366
-1.750386
-1.696924
1.495941
-1.060592
-0.842011
0.017548
-1.064862
-0.502767
0.726069
0.446163
-1.024210
-0.645114
-0.452698
-1.253244
-0.634281
0.728854
0.467645
0.352335
-2.279893
-0.226921
-0.588721
-0.600217
0.727462
0.593047
-0.505869
-1.564684
0.386415
-0.136953
0.219031
-0.052180
-2.367037
-2.720610
-0.120133
-1.830347
-1.608370
0.101843
0.011372
-0.333470
-0.509395
-1.176360
0.687559
-1.515142
0.467645
0.290699
0.194264
-3.887519
-1.529239
0.854016
-1.687042
-2.076658
-0.121642
-0.588474
-0.512311
-1.335303
-0.335397
0.931970
-0.577492
-2.515050
-0.704506
-1.128548
-0.212774
-0.336039
-1.253419
-2.692209
-2.029106
0.730943
-1.068396
-0.112550
0.469434
-0.462827
-0.355491
-1.469360
-0.499868
-0.980744
-0.394019
-2.143082
-3.434122
-2.300703
-0.865400
-1.323627
-1.264420
1.438639
-0.119373
0.726765
0.728158
-1.662437
-0.828600
-0.565841
1.153960
-0.377116
-1.516433
-3.816505
0.468539
0.479316
1.875930
-0.533029
-1.130028
0.465853
-2.553104
0.728854
-1.098225
0.466300
-0.493227
-0.505272
-2.750392
-1.246435
-0.737039
0.810548
-0.696010
-1.201371
-0.201960
-4.178688
-0.109924
-3.250767
-1.321252
-1.708342
-0.335397
-0.764556
-0.444686
0.728158
-0.370435
-0.334434
-0.042275
0.726069
-1.575910
-0.815826
-1.976944
-0.399430
0.467196
0.466749
-0.330507
-1.357855
-1.432888
0.726765
-0.826920
-1.483233
-1.610353
0.752262
0.697527
-3.273366
-1.150681
-0.214816
-0.782262
-1.788082
-1.476197
0.921609
-2.534926
-0.336039
-2.474465
-1.521923
0.726765
1.365629
0.628263
-0.616785
-0.334434
0.468986
0.726765
-1.028584
-0.663363
-1.300950
-0.078169
-2.185231
-1.803405
-2.552022
-0.881154
-0.241010
1.534057
-2.220315
-0.076528
-0.613804
-1.555859
-0.985165
-2.419616
-0.326911
-0.620198
-1.397235
-0.335075
-0.209036
0.196363
-0.361802
-2.805060
-1.316266
0.726765
-1.634310
-3.152972
-2.136558
0.417162
-0.559044
-0.263145
0.242016
0.617726
0.167275
0.726765
-0.237766
-2.742379
0.484908
0.337003
1.545944
1.191244
-1.887072
0.004663
-1.343720
-0.786367
-0.708391
-0.223805
-0.456192
0.725371
-3.809881
-1.311442
-0.134357
-2.369711
-0.043336
0.442581
0.630446
-1.644595
-0.838880
0.511073
1.558832
1.375508
0.222246
0.726765
2.231135
-1.429902
0.010062
-1.637126
0.717715
-3.231286
-0.904581
2.990369
-3.772709
0.967697
-0.642407
-0.075755
-0.129114
-0.136745
-2.152261
0.465853
-0.991562
-0.449875
-1.139651
-1.816598
1.021673
-1.976828
0.729549
0.726069
0.723285
-2.623218
-1.275811
-0.766391
0.588655
1.250606
-1.138075
-1.638896
-0.153781
-1.167101
0.126344
0.587547
-2.550368
0.500372
-0.788013
0.451278
-1.522741
-0.296520
-1.392543
-1.218841
1.297142
1.634714
-0.181933
-1.843442
-0.791801
0.046975
-0.447517
-1.472124
0.236412
0.516722
-0.412462
-0.295862
-0.565947
-1.404352
-0.655302
-1.176463
0.036226
-0.085281
-0.075393
-1.360821
-0.200993
-0.075536
-0.695523
-0.197949
-0.678854
-0.094411
0.060952
-1.684996
-0.861616
0.384437
-1.215681
1.324593
-2.516330
0.730943
0.725371
0.308635
-1.446470
-0.288454
-0.544709
-2.155057
-0.306787
-1.281098
-3.088727
-1.665271
-1.587577
-1.179554
-0.640988
-0.115513
-1.233776
-1.028462
-0.318370
0.364751
-0.281219
-0.877176
-1.668948
-1.174031
-0.131462
-1.437049
-0.075755
-0.460995
-0.282019
-2.030919
-1.564697
-0.413063
-0.191110
-0.077194
-1.585383
0.499879
-0.075900
-0.081275
0.775833
-0.671876
-0.997798
-0.759934
-0.075755
0.724676
-0.516185
-0.390785
-0.317729
-0.782731
-2.128170
-0.784029
-0.180482
0.730246
-1.447313
-0.399125
-2.982255
0.186872
0.726765
0.420963
-0.522177
-0.364510
-0.949148
-1.784557
-0.583398
-0.852760
0.469434
0.833548
-0.450621
-2.656878
-1.538982
-0.062169
-1.671622
-1.229277
-0.843497
0.724676
-0.075900
-0.334000
-0.866370
-0.709357
-1.098533
2.265749
-0.335075
-1.419235
1.234753
-0.163185
-0.741387
0.345276
-1.848395
-1.239609
0.446388
-0.439748
-1.955025
-2.434282
-0.879867
-0.759509
0.403819
-1.321741
-0.510901
0.196742
0.014190
-1.153745
-2.163794
-0.218565
-0.821839
-1.519817
-0.541849
-1.046354
-1.692326
0.660905
0.360147
-1.008558
-0.413468
-0.335717
-0.756679
0.576365
-0.494529
-1.799704
0.067064
0.158827
-0.075900
-0.630344
0.302242
0.514617
-1.527771
0.349563
-3.873031
-0.043256
-1.320536
0.726069
-0.075900
0.057664
-1.248675
-0.412603
-0.161389
-1.667886
2.518160
0.729549
-0.806539
0.920662
0.468091
-0.254628
0.726848
-1.223961
-0.716819
0.728854
0.204043
-1.829101
-0.882333
-0.926826
-0.370818
1.496026
-1.439127
-0.686429
0.730246
-0.562310
-1.241141
-0.819292
-1.608273
-1.031630
0.728854
-2.861123
-1.173570
0.322856
0.370642
-0.652012
-0.565662
-1.469710
0.725371
0.466300
0.730246
0.333607
-1.111162
-1.876619
0.730246
-1.753412
-1.683837
0.728854
-1.969634
-1.859121
0.628632
-1.686411
-0.989864
-1.243874
0.402322
-0.752849
-1.317435
-1.123145
-1.488945
0.703444
-1.388270
-1.548351
-2.011674
-0.439817
-0.706113
-0.352360
-0.018477
-0.401134
0.727462
-0.553312
-0.578271
0.728158
-1.008291
-0.215617
-1.539915
-1.775010
-0.336682
-0.075464
-3.599719
0.976326
-0.680012
1.100145
0.608406
1.407820
-1.758900
-0.075536
-1.328032
0.728158
-0.424439
-1.274651
-0.304013
0.007514
0.137672
0.339516
0.466780
-1.330461
0.009736
0.146617
-2.453279
1.566812
-2.087216
-0.492759
-1.123043
-1.013676
0.730943
-0.499896
-2.768657
0.690962
-2.055824
0.437691
0.520639
0.774596
-0.948175
0.190072
-0.154579
-1.073228
-0.076263
-0.045895
-0.253662
-0.540244
-1.228976
-0.322065
-0.514618
0.240286
0.542659
-1.544972
0.729549
-0.327737
-0.940830
0.724207
-0.004327
-1.401804
-0.948033
-3.144453
-1.661158
-1.701314
-0.335075
0.937141
-1.217533
0.627420
-0.446077
-0.434592
-3.815976
-1.330534
-1.910061
-0.979205
-1.835584
-0.014475
0.468539
0.213053
-1.788048
-1.173925
-3.487066
-2.407675
-2.037138
-0.438903
-3.201574
0.400287
-1.228144
-0.787166
0.424458
0.271921
-0.816498
-1.603296
-0.216516
-1.938595
-1.975685
-0.286517
-0.242464
0.037920
-1.261252
-0.766715
-1.467369
-1.222617
-1.384461
0.063280
-2.310198
-0.971388
0.538977
-0.425159
-0.561432
0.722587
-0.074510
-0.932575
-0.423840
0.726765
1.201062
-2.145316
1.435290
-0.178142
-0.815028
-3.383734
-1.741352
0.222512
0.404546
-1.403407
-1.479532
-0.257902
0.728158
0.729549
0.765779
0.041239
-1.639467
0.727462
-4.509528
-1.101093
-0.761899
-0.774777
-2.228424
0.273531
-0.075611
1.307403
-0.047601
0.052636
0.049896
0.631657
-0.911481
-1.311558
-0.910009
-1.055181
-1.633765
-1.466371
-2.048779
-2.209235
-2.061803
-1.963810
-1.263201
0.726069
0.729549
0.498741
-1.114019
-0.445928
-1.487521
-2.987126
-0.876526
-1.126811
-0.576864
0.726765
-1.348055
-1.032436
-1.210125
0.729549
-2.056752
-2.069818
0.594144
-0.075828
-0.919286
1.214319
-0.335075
-1.835472
-0.486590
-1.138661
-2.134539
0.466749
-1.817434
-1.524884
0.728158
-1.756821
-0.757377
0.726069
-0.505257
0.097048
0.154122
0.467645
1.470812
-0.827292
-1.342893
-1.422315
-1.236747
-0.173221
-1.273220
-2.013113
-0.167579
-2.172616
0.726765
-0.335717
-0.099710
-1.046585
0.456921
0.513401
-0.294018
-1.063077
-1.623173
-1.963570
-1.783442
-1.695804
-0.335397
-1.825071
0.727462
0.441183
-1.326571
-0.528100
0.714268
0.375513
-0.827427
-0.546959
-1.310234
1.599805
1.305184
-0.267149
-1.570838
-2.262657
-1.478826
-1.069896
-0.334755
-0.479620
-1.591120
-2.794793
-1.934027
-1.632041
-3.082814
-0.848358
-2.248875
-1.460698
-0.907400
-1.475416
-1.221575
-2.134283
0.394861
-0.910367
-0.392588
0.723981
-0.504701
-0.749713
-0.202428
0.510765
-2.474034
-2.393201
-0.335717
-1.705426
-0.190821
-2.461505
-1.501990
0.468091
-1.774727
-1.940574
-0.336335
0.724676
-1.709783
0.485180
-1.095016
0.088548
-0.292074
0.375622
-0.528568
-0.328825
0.724676
0.260032
-0.336361
0.468091
-0.593074
-0.189191
-1.793658
0.724676
-2.533474
0.467196
-1.918895
-0.962576
-0.202051
0.726069
-0.075828
-1.087402
-1.164927
-1.102330
-0.441683
-0.789421
0.413685
-2.313881
-0.528692
0.297798
-1.019919
-1.299950
0.729549
0.787954
-0.335717
-0.400609
-0.829717
-0.076046
-0.545801
-1.399482
-1.348694
-2.829151
-0.810693
-1.797213
0.467196
-0.397732
-2.138629
-2.435727
-1.781269
-1.281628
-1.131358
-0.912034
0.100437
-0.081373
0.466300
-2.365327
-1.716367
-1.422727
1.960657
-0.780128
-0.899154
-0.915291
-0.566244
-0.486759
-0.075828
-0.986838
-0.543059
1.124102
-0.973410
-0.351675
-0.659241
0.466300
-0.995674
0.469434
-0.451670
-0.441421
-1.117774
-0.919191
-2.778950
-1.673432
-0.012371
-2.847481
-1.102803
0.466300
-2.254409
-0.164905
-0.072525
-0.198462
0.468986
-0.878903
0.088293
-2.147209
-0.183497
-0.888606
0.075952
-0.311805
-1.958584
0.726765
0.724676
-0.899608
-2.806369
-0.201661
-1.186972
1.007844
-0.008163
-0.295698
-0.009232
-0.342257
-4.044820
-0.342193
-3.495177
-1.270898
-0.075611
0.466749
0.421568
0.501929
0.725371
-0.889117
-1.182205
-1.661262
-0.548695
-0.061888
2.007815
-0.002834
0.090151
-1.201919
0.735521
0.726765
-1.334679
-1.884264
0.876978
-2.205100
-1.009560
-1.415272
-0.684553
1.425657
-1.802839
-0.750279
-0.106271
-1.724535
-1.510765
-2.487454
0.466300
0.727462
-2.091161
0.407063
-1.187883
0.811804
-0.155998
-1.392649
-1.361721
0.327610
-2.027328
-0.595002
0.730246
-1.587177
0.469434
-1.151233
0.728158
-0.702701
-2.249859
-1.407853
-0.103325
1.553471
-2.421699
-1.459533
-0.740521
-1.576241
-1.843803
-0.231240
-0.336361
-1.097780
-1.866177
-0.334755
-1.245646
-0.806183
-0.931470
-3.363838
-0.855595
-1.609968
1.255043
0.825768
-0.151741
-0.631285
-0.634124
-0.791815
-0.770471
-0.980204
0.500299
-2.964515
-0.299764
-0.821185
-0.335717
-0.032107
0.733714
-1.386526
-0.947745
0.367709
-1.061213
-2.073272
0.726069
1.008737
-1.102238
-1.795020
0.088209
-0.333789
-0.748846
0.408613
-1.471015
-0.391434
-0.988589
-0.610816
-0.740610
-1.753853
1.043717
-0.600723
-1.231402
-0.524541
0.725371
1.168586
-0.889834
-1.700337
-2.039013
-1.307314
-1.123034
-2.062150
-0.115834
0.108175
-1.435274
-1.085363
-2.805070
-0.667925
-0.008597
0.870611
-1.812906
0.728854
-0.075755
-0.336039
-0.072232
0.448624
0.026062
0.436072
1.490848
0.469434
0.600612
0.725371
-0.382650
-0.107201
-0.076046
-0.072561
0.033305
-2.704271
-2.122037
-1.996300
0.730246
-1.259176
-0.600797
-0.335397
0.113930
-1.530082
3.336368
-1.109957
-2.743657
-0.788563
-0.510712
0.728854
-1.649059
-0.838651
-1.647209
-0.075684
-1.162377
-0.076046
0.283934
0.469434
-0.075536
0.469882
0.043979
0.788021
-1.556160
-1.569077
0.466749
-0.186592
0.723285
0.200451
-0.470779
-0.273675
-0.510106
0.729549
-1.613449
-0.075828
-0.760016
-0.460524
-0.610811
-0.777392
-0.866170
0.730943
-1.600943
2.195333
-0.075611
-0.701608
-0.335075
-0.834645
-0.439771
0.728158
0.729549
-1.196048
-0.535665
-0.622254
-1.890759
-0.697151
-1.366764
-1.851018
0.836974
-0.447540
-0.604950
0.244114
-1.513523
-0.498163
-0.907677
-1.214130
0.267152
0.468986
-0.731045
0.729549
-0.207929
-1.844060
-2.412425
-0.984831
0.611084
-0.842558
-0.752100
-0.334755
0.727462
-0.278403
-1.801487
0.728158
-0.300787
-1.562010
0.095179
-0.560278
-0.778758
0.727462
1.085143
-1.535670
-1.391844
-0.984691
-2.410853
0.356202
-0.181345
1.283703
-2.158694
-0.076191
-1.005770
-0.467877
-0.870900
1.131904
-0.075536
-1.022323
-1.279725
-3.237476
-0.203783
-2.750489
0.112851
0.363736
0.726765
-0.543155
0.350456
-1.645362
-1.909032
-0.206805
-0.059993
-1.426343
0.468091
-2.242151
-2.200884
-0.075755
0.468091
-1.477311
0.174083
0.729549
0.130611
-0.859040
-1.641114
-1.602813
0.054423
-1.765346
-0.853986
0.728854
-0.072667
-0.021355
0.726069
0.727462
-0.563142
-0.214793
-2.137084
-0.995526
-0.336039
-0.430172
-0.064468
0.889518
-0.513419
-1.594278
-0.460969
0.038116
0.725371
-0.708381
0.488547
-1.190325
-0.335717
-4.204093
-3.786778
-0.068320
0.215441
-0.806763
0.056461
-1.491719
0.467196
-0.335397
0.726765
-1.055614
-3.648904
0.099446
-1.746298
-0.917269
-0.336361
-0.726876
-1.546324
-0.160105
-0.842799
-1.013631
-1.337925
-2.062464
-1.349563
-1.847028
-0.152042
-1.235660
-0.884590
-0.721314
-0.142428
-0.377643
0.726069
0.911274
-1.251740
0.360377
-0.670604
-2.061348
-1.397701
-0.754566
0.533702
-0.189734
-0.543581
-0.759228
0.728158
0.725371
-1.232840
-0.887531
-1.048951
-0.508104
-1.266623
-0.565710
-1.223287
0.724676
1.420937
0.001488
0.726765
-0.970381
-2.929239
-1.255218
-0.662973
-1.090918
-0.942103
-0.853810
-3.292773
-2.362314
-0.369618
-1.581583
-0.848849
-2.121194
-2.954361
-0.797538
0.530822
-1.057463
-0.304421
-0.991010
-0.988543
-0.060352
1.125888
-0.396176
0.880297
-3.434662
0.446163
-2.239766
-3.312182
-0.075755
-1.291364
-0.927822
-0.130116
-0.498608
-0.337323
-0.848191
0.550489
-3.205819
-2.408677
-0.885203
-0.369722
-0.521855
1.126099
-1.481106
0.870930
-2.400337
0.883544
-1.025127
-1.777926
-2.033866
-0.486740
-1.539070
0.467645
1.397902
-2.151232
-0.173739
-0.602629
0.726765
0.727462
-0.197528
-1.067229
-1.156758
-1.740861
-1.348798
-0.098930
0.979145
-0.842837
0.730246
0.727462
0.729549
0.728854
-1.375065
0.726765
0.012677
-0.110861
-0.922094
-1.355492
0.728854
-1.004540
-0.475482
0.730246
-1.066068
0.736957
-0.266994
-1.611512
0.559323
-1.657072
0.084713
-0.075464
-2.758840
-2.195679
-0.028291
0.628632
1.668188
0.468986
-0.770378
-0.018508
0.469434
-1.583073
-1.628613
-0.778423
-0.337645
0.726765
-1.001930
0.099323
-0.894038
-0.336361
-0.982983
-0.937886
-0.700663
0.726069
-0.744342
-1.629373
0.494023
-1.759905
0.728158
-3.255575
-0.018918
-1.036896
-0.503515
-1.828144
-0.813320
-0.387747
-1.261480
1.460222
-1.805902
0.727462
-1.245247
-1.537709
-1.302383
-0.715905
-1.586694
0.199762
-1.448720
-1.980621
-0.815032
-1.074639
-1.480078
-0.225920
0.728158
0.086150
-2.056332
-0.463779
-0.719818
-0.955995
-1.279674
-0.278381
-0.008110
-2.309781
-2.043904
-0.301656
-1.964369
-0.321046
0.465407
-0.075611
-2.469154
-0.100128
-0.336361
-2.013281
-0.792358
-1.201283
-0.177821
-1.367525
-1.477049
0.915457
0.288990
-0.529909
-1.975073
-1.527136
-0.458020
-0.524249
-1.247530
-1.473414
-0.020493
-2.193759
-1.538378
-0.335075
0.467196
-2.173919
-0.529658
0.058200
-0.393129
-0.917927
-1.200829
-0.766432
0.349465
-1.112046
0.726069
-0.283406
-0.535569
-0.383270
0.727462
0.727462
-1.348055
-1.550153
0.727462
-0.765081
-0.336682
-1.199092
-1.398166
-0.335075
-2.444869
0.499091
0.730246
-1.746559
-1.231410
-1.148168
-0.973934
-0.136503
-1.423396
-3.105108
-1.044039
-0.594909
-0.336361
-1.721989
-0.678557
-1.319947
0.086052
0.863655
-0.900705
-0.546195
0.289550
0.726765
-0.144156
-0.423621
0.096793
-0.703668
-0.075828
0.192750
-1.781319
-0.775059
0.725681
-0.075828
0.279112
-1.351819
0.889727
-0.336361
-0.075684
-1.595502
0.469434
-0.860246
-1.162070
-0.036943
-0.352603
0.728854
-0.759920
0.005107
-0.041013
-0.252404
0.728854
0.501437
0.465853
-0.096644
0.849450
-1.166565
0.468986
-2.240300
-0.723861
-1.348756
-0.001925
-1.379091
-1.824736
-1.051300
-0.636203
-0.949780
-0.355491
-1.343946
0.558389
-0.064597
-1.067486
-1.441758
0.726069
-0.881444
-1.587014
0.206172
-2.537285
0.726069
-1.077600
-0.025190
-0.810581
-1.049181
-1.776346
-1.388054
-1.056023
-0.383013
-1.725275
-3.318651
0.323341
0.435836
-0.918237
1.370952
-1.089080
-0.271532
0.727462
-2.690159
0.725371
-0.793646
0.852173
-2.163213
-0.243307
-1.065165
-0.181032
-0.076263
-0.258146
1.058600
-0.739486
-1.695084
0.330647
0.727462
-0.994031
-0.649199
-0.535388
-1.217620
-2.151410
-1.142970
-0.334755
0.376407
-0.584176
-1.050696
-2.089991
-0.737818
-0.754389
-0.075684
-2.069818
-1.881015
-2.419714
-0.098631
-1.846239
0.468091
-0.580594
-0.554633
-0.075973
-1.126587
-0.075828
-0.237954
-1.363922
-0.898510
0.728158
0.722587
-0.075828
-1.345180
-2.978932
-1.308068
-0.818036
-1.516871
-1.428013
-2.207610
1.500088
-1.864695
-0.072256
-1.796218
-0.416517
-0.119684
-0.997538
-3.032857
-2.669790
-0.742424
-0.075755
0.731076
0.726069
-1.789156
-0.358960
-0.170924
-0.632983
-0.178741
-1.329790
0.726765
-1.198142
0.727462
-2.505091
-0.581658
-1.512565
-2.067815
0.726069
0.730246
0.726765
-0.441058
-1.526183
-2.020179
-0.373585
-2.072032
-0.404322
-0.439522
0.676869
-0.500021
-2.728667
-0.724856
0.555891
-0.713856
-0.673312
-1.550745
-0.434023
-0.433885
-1.565709
-0.005455
0.403339
-0.945979
-1.778273
-0.335075
0.490724
-2.564889
-1.515911
-0.913276
0.728158
-1.981608
0.725371
-0.931737
-1.697439
-0.380540
-1.472153
-1.165651
-1.138750
-1.257338
0.726765
-0.093669
-0.858125
-0.334111
-1.256577
-0.661120
-0.668951
1.288458
-0.356894
-0.346408
0.191889
-2.117025
-2.456382
0.088293
0.423340
-0.296463
1.129919
-1.141122
-0.766482
-2.245843
-0.075547
-0.416648
-1.814566
-1.461950
-0.335717
-2.055518
-2.319200
-0.017983
0.726765
1.114665
-0.570717
-1.430707
-0.041600
-0.868398
-0.162012
-1.334682
0.729549
0.886958
-0.963842
-0.801372
-1.005164
0.106678
-0.588055
-2.586991
-0.983787
-0.075464
-0.317567
-1.012758
-1.305546
0.728854
0.727462
-2.320258
-0.282620
0.728158
-1.304280
-0.931361
-1.746305
-0.685585
0.726765
-0.406836
-0.260249
0.240165
0.557796
-0.674352
-0.545127
0.206485
-3.809633
-1.486433
-1.036239
-2.116727
0.467196
-0.075755
-1.000388
-1.011253
-0.088116
-0.420804
-0.072675
-1.882800
-0.277729
-0.210207
-3.453384
0.728854
-0.284606
-0.444374
-1.490782
-0.640355
0.726765
-1.105678
0.729549
0.308076
0.088377
-0.597393
-3.395956
0.466749
-3.116697
1.427528
-0.357436
0.397324
0.197224
-1.087961
-1.426015
0.040215
-0.590718
-1.883051
-1.029519
0.068284
-0.828874
-0.640956
-1.772745
-1.047711
-0.562322
-2.412350
-0.148217
-0.076191
-1.518938
-0.897461
-1.301625
-0.851445
-3.032462
0.630446
-0.258914
0.381459
0.698205
-0.704420
-0.072778
-0.174433
-2.028711
0.725371
0.087075
-0.292064
-0.595867
0.559078
-2.194661
0.377040
-2.506790
0.726765
-0.346352
0.639499
-0.834823
0.729549
-1.040548
-0.418296
-1.582471
-0.766623
-0.669482
0.244540
-0.727491
0.437784
1.172282
0.726765
-1.244935
-1.042696
0.331401
-0.089294
-2.264678
-1.016957
-0.522921
-0.661296
0.729549
0.022571
0.419105
-0.526873
-0.876674
-0.318209
-1.266042
-1.667204
-0.449269
0.524462
-1.168534
-1.242816
-0.066903
0.812380
0.171393
-0.760259
0.549482
0.939645
-1.352402
-0.487521
-0.576314
0.465853
-1.297866
0.725371
-1.352226
-2.549485
-3.366351
-2.581249
0.728158
0.725371
-1.377410
0.728854
-0.609521
-0.794228
-1.325716
-1.653594
-0.707042
0.002439
-0.335397
-2.617296
-0.804160
0.468091
-1.092029
-0.852796
0.725371
0.018223
0.719749
-0.753743
-1.546117
-1.476673
-0.486122
0.724676
0.396180
-0.042982
-3.214998
0.730246
0.726069
-0.065718
-0.784379
-0.303752
0.468091
0.728854
0.176085
-2.210061
0.467645
-1.356275
-0.908574
0.072311
-0.360091
0.248709
-0.624911
-1.326532
-0.335717
-0.476531
-0.335397
0.886121
-0.023067
-0.965293
0.036356
-0.075755
-0.823198
-2.538007
-0.547319
0.729549
0.724676
-0.337645
-0.695907
-1.019918
0.568831
0.469882
-0.697345
-1.485569
0.322607
-0.352433
-1.091580
-0.530491
-0.221682
0.646827
-0.582943
0.729549
0.728854
0.725371
-0.514344
-0.577525
-0.942457
-0.917269
0.191982
-0.075828
-2.233635
0.891880
0.728158
-0.193256
-0.711033
-0.400346
-1.195320
-1.205546
-2.340559
-0.076046
-0.495591
0.728854
-0.868895
-0.748118
-2.002951
-0.972967
1.299879
0.468539
-0.075900
-0.444736
-2.772004
0.443727
-1.608953
-2.466670
-0.366983
-1.420065
-2.093504
-0.619455
-1.099950
-1.773766
-1.759127
0.132444
-0.410066
-1.490631
-0.449714
-1.306331
-1.625056
-1.607013
-1.585040
-0.998373
-1.697346
-0.323670
-0.235205
-2.029271
0.816680
-1.536920
-0.311941
-1.629571
-0.335717
0.467645
-0.336039
0.467196
-0.754506
-0.658543
-1.783704
-2.811011
0.468539
-0.315649
-0.242885
0.819694
-0.581841
0.678753
-2.965965
-0.699499
-0.157991
-1.446076
-0.837094
-1.536858
0.162575
-1.792735
-2.241191
-1.372851
-0.413944
-0.413085
0.727462
-1.027825
-0.637674
-2.683011
-2.526455
-1.061274
0.726069
-4.551796
-1.351003
-0.011990
0.729549
-1.568611
-1.721038
-0.666288
-0.233936
-0.252639
-2.263555
0.729549
-1.176955
1.451273
-3.139341
-0.281747
-2.114702
-0.075611
-1.734480
0.049725
-0.334755
0.730246
-1.046648
-1.098203
0.465853
0.725371
-0.896762
-1.391508
-2.165810
-0.249242
-1.449251
-2.384087
-1.490408
0.728158
-1.496032
-0.182030
-0.112518
-0.112083
-1.026470
-0.558400
-0.042808
-1.380710
-0.021903
0.876428
-0.457304
-1.717521
-3.392272
-0.484092
-0.990919
-1.167217
0.991933
0.725371
-0.150173
0.088377
-1.664935
-0.820350
-1.345696
-0.018980
0.447183
0.728158
-0.075828
-0.047155
-0.802463
-0.051603
0.380742
-2.065809
-2.085995
-0.426474
-0.818571
0.143019
-0.356521
-1.613755
-0.885151
-0.942633
0.243833
-0.315961
-2.710317
-1.751102
0.418966
-1.605016
-1.602296
-1.339198
0.467196
-1.911338
-0.935772
-1.106102
-1.106689
-0.324019
-0.324604
-0.531293
0.041753
-0.138707
-2.405337
-1.032935
-0.087485
-0.726935
0.467645
0.721196
-2.268656
-1.242906
-0.075536
0.241607
0.191691
0.065066
-0.671088
-0.623258
-0.194586
-0.252923
0.726765
-0.335397
-1.109590
-1.750299
-1.775391
2.170456
-0.898968
0.353937
-1.605369
-0.669246
-0.870149
0.725371
-0.078934
0.242206
-0.334111
-0.468105
0.726069
-0.761067
-0.144674
-0.483003
-1.583498
-0.227900
-0.773024
-1.199327
-0.067565
-0.335717
-2.636816
-0.356116
0.726069
-0.589463
-0.287431
0.727462
0.369246
0.804254
-0.871009
-0.356829
-0.336361
-0.948866
0.696477
-2.065809
0.479357
0.311407
-2.034588
0.730246
0.870748
-1.437513
0.726069
-0.224278
0.595530
0.728158
-1.238658
0.378744
-2.200038
0.100626
-0.420837
-0.722347
-1.091333
0.058219
-1.147869
-1.875452
-0.077207
-1.366844
-1.538207
-0.416726
1.243912
0.728854
-1.354849
-0.657882
0.267794
0.226468
-1.297010
0.728158
0.887811
-2.071822
-1.398180
-0.335717
0.468986
-0.335717
-1.819427
-2.061803
-1.383239
0.287201
-0.632987
-2.396754
0.726765
-0.076119
0.726765
-1.283711
0.726765
-2.430437
-0.166146
-0.335717
0.158491
-0.379252
0.177889
-1.837872
-1.616080
-0.825074
-1.117100
-0.840136
0.724676
-0.075828
-0.460676
-1.680344
-0.601485
-0.034870
-0.751679
-0.127994
-2.210859
-0.791032
-1.116721
-0.173364
-2.842989
-0.390820
0.359955
-1.334277
-0.297325
-2.969101
-1.382251
-0.967210
-1.604895
-0.742360
-0.625568
-0.552019
0.378829
-4.556247
-0.689370
-0.271161
-2.063807
0.726765
-2.594939
0.217613
-1.023198
0.467645
-3.346052
-0.007999
0.730246
-0.076119
-0.734622
-1.587159
0.729549
-1.554878
0.004985
-0.283685
-0.401466
-0.437563
0.728158
-0.206550
-0.120085
-1.436791
-1.308708
-0.648588
-1.549904
-1.782201
-0.791357
0.225654
1.441785
-0.588204
-0.075755
0.727462
-1.244897
0.729549
-2.524158
0.066048
0.726069
-0.110474
-1.677402
-0.075900
-1.933612
-0.729021
0.288231
-1.535911
-0.317922
0.239025
-2.976535
-0.457782
-1.820306
-0.335397
-0.702870
-0.798228
-2.132048
0.230506
-0.534369
0.878933
0.468539
-0.075828
-2.705626
-0.912546
0.163790
-0.596961
-1.507685
-1.828974
0.566312
-1.844592
-0.889022
-0.076191
-1.538550
-0.036297
-1.164614
0.282734
-0.296076
-1.708370
-0.634438
0.491806
-0.720589
-1.506175
-2.535109
-1.746268
-0.828888
-1.604429
-0.673272
-2.067509
0.194724
0.446163
-1.238205
-0.336039
0.894363
-1.269113
-1.216213
-1.857370
-0.959833
-1.376780
-1.091534
-0.855865
0.795790
-2.114047
-0.335075
-0.335397
-0.075684
-1.023907
-1.516414
-0.540527
-1.941213
-0.693398
-0.336682
-0.364469
-1.853354
0.726069
0.727462
-0.080044
0.446388
0.144699
-1.386884
-0.907236
-0.336039
-0.205486
0.107774
-0.595203
-0.844597
-0.075755
0.654127
-0.680289
-1.149828
-3.218379
-1.359596
-0.709695
-1.703894
-0.764405
0.283009
0.467645
-0.257306
1.090886
-0.218972
-0.044340
-1.794674
-2.625670
-1.012916
-0.073328
-1.439694
-1.107210
-1.779465
-1.634015
-1.237924
-0.709719
-0.728121
-1.602465
-0.334434
0.029107
-0.858590
-0.809657
-0.587903
0.378492
-0.694370
-0.864030
0.728854
0.137398
-0.263011
-0.441298
-0.033810
-2.293159
-0.910649
-2.309020
-0.506518
-0.076191
-1.576664
-1.051475
-0.360786
-0.768390
-2.269148
-2.074547
-0.577478
-0.075828
-0.768259
-3.024919
-0.334111
0.467645
-1.012390
-1.971899
-2.293008
-0.082463
-0.831931
0.100484
-0.692744
0.456529
0.467196
0.659381
-0.724981
0.469434
-1.165739
-1.419984
-0.718663
-0.628925
-1.315802
-0.921855
-1.684910
-0.335075
-1.306906
-3.344123
-1.386137
-0.400212
1.167863
-0.334755
-0.964058
0.195728
-1.849405
0.957336
0.467645
-0.795199
-0.950643
-0.595660
1.066417
-1.732212
-2.013844
-0.302571
-0.206594
-0.311607
-1.501001
-0.021837
-0.141030
-2.062260
0.730246
-1.420079
-2.709346
-0.167115
-1.610385
-1.821266
-0.272089
-0.275606
0.659580
-0.652699
-0.143824
-1.763108
-0.365226
-0.035939
-1.189697
0.300901
-1.716772
0.249487
0.010265
-0.411753
0.727462
-1.477114
0.110834
-1.361219
-1.897798
-0.312366
-0.876875
-2.286394
-1.750932
-0.011876
-0.038088
-3.039102
-1.674435
-1.574259
-0.746704
-0.964637
0.728854
-1.179067
-2.221268
0.033615
-0.923178
-1.808927
-0.067639
-0.166935
0.151777
-1.553920
0.431602
-0.583554
-0.706276
-2.247985
-0.972697
-0.732512
-0.921813
-0.612445
-0.335075
0.590051
-2.780240
0.468091
0.786966
0.596718
-0.416170
-0.832040
-0.880005
-0.075828
-2.032385
-1.363866
0.296179
-0.275215
0.000021
-0.337708
0.309086
0.728854
0.468986
-0.168235
0.566911
1.320087
-0.175687
-1.191368
-0.371684
0.605536
-1.385668
-0.895435
0.147471
-2.197884
0.013975
-0.628783
-0.323831
-2.109182
-0.750397
-1.437436
-0.716147
0.827749
-1.134693
-0.116657
0.726069
-0.075684
-0.248598
-0.500424
-1.391042
-1.140955
0.820676
0.934908
-0.073397
-1.137658
0.680844
-0.294598
-0.924753
-4.249234
0.468091
0.727462
-0.879111
-0.180228
-0.650979
0.695530
0.015724
-0.337308
-0.183925
-0.484704
0.728158
-1.315623
0.610477
-1.390870
-1.603291
-0.336039
0.209016
0.045377
-0.311528
-1.973790
-0.316584
0.963048
-0.347445
0.727462
-0.685452
0.726069
0.511972
-2.038860
-0.390127
-0.288849
-1.261281
-0.996871
-1.134033
-0.249030
-1.898419
1.763072
-0.334755
0.436952
-1.027085
-0.784991
-0.524713
-1.292454
-0.613449
-1.917472
-0.033419
-1.091921
-0.170117
-0.697219
-1.341350
-1.605184
-3.334473
-1.015998
0.164203
-2.191992
0.473763
-0.796098
0.187848
0.727462
0.078094
-0.871489
-0.284136
0.144083
-0.408645
-1.716461
-0.116514
-1.499447
-0.697567
-0.974093
-0.758521
-1.034719
-1.680195
0.727462
-0.133224
-0.289941
-1.254539
-1.141151
0.200697
-0.194263
-0.603441
-0.568559
-1.616654
0.183127
-0.665162
-2.076761
-0.722869
0.623918
0.466300
-0.226825
-0.610892
-2.765237
-0.406310
-0.944046
-0.161421
-2.008707
0.678352
-3.268188
-0.075684
-0.444712
-0.960765
-0.045176
0.778182
-0.718003
-0.831295
-1.355725
-0.511492
0.131500
-1.136670
-0.335075
-0.549569
0.725371
-1.334693
-1.019683
-1.120279
0.511240
-0.713433
-1.359872
-1.309155
-0.858748
-1.330270
-1.967001
-0.075611
0.442131
-1.139313
-1.165613
-1.678963
-2.495918
-1.362987
-1.318878
-1.930736
-1.255954
-0.307837
-0.982652
0.111042
0.728158
-2.260973
1.492515
-1.101678
0.306806
-0.919549
-0.270609
-0.113800
-0.075828
-1.950535
-1.829659
-0.785062
1.289700
0.915408
-0.377506
-1.518963
-0.335075
-1.300388
0.318308
-0.623590
0.308172
0.129946
-1.185833
-1.109385
-1.670986
-0.075755
-3.812739
0.468091
-1.223914
-0.326402
0.469434
-1.071410
-0.334111
-1.322852
0.775906
0.012397
-0.075755
0.466749
0.451757
-0.787094
0.469434
-1.214226
-0.472945
-2.203846
-1.767503
-0.655167
-0.935956
-2.231487
0.728158
0.725371
1.967723
0.114524
0.727462
0.256995
-1.097702
-1.396875
-0.433806
-0.469479
-0.592576
-0.335397
-0.794801
0.703290
-0.515495
-0.793167
-0.480674
-0.894058
-1.530722
-1.112550
-1.247190
-1.183916
0.468091
-1.928820
-0.860757
0.764087
-1.673697
-0.988688
-1.951847
-0.075900
-0.147371
-0.606542
0.726765
-0.354738
-3.859655
0.730246
-0.582984
-0.406059
-0.337003
-1.406295
-0.562150
-0.484482
-0.987976
-0.620631
-2.978485
-1.824068
-1.367061
0.468539
-0.954625
-1.397838
-0.883519
-1.298846
-1.139709
-1.739518
-0.075755
-1.797476
-0.198893
0.003133
-1.317036
0.520087
-0.232263
-1.555691
0.848717
0.390661
0.728854
0.726765
-0.954225
-0.337003
-2.198242
-0.838325
0.151717
0.727462
-1.299161
0.052464
-0.331546
-0.768783
-0.897235
-0.622816
0.301090
0.429730
0.726069
-1.699858
-2.027717
-1.787135
0.468986
0.727462
0.724676
-0.260677
0.066366
-0.130646
-0.607394
-1.019618
-0.335717
0.890372
-0.741472
-0.432984
-0.351988
-1.161762
-0.267770
-0.529640
-1.251670
-1.332739
-1.367755
-0.800558
-0.808061
-1.094710
-0.862584
0.252972
1.263381
-0.411496
-2.159465
0.238707
-0.893524
-1.212645
-2.118364
-0.336361
-1.060720
-0.479657
0.324091
-1.311025
-0.160744
-1.350096
-1.972435
-2.165317
0.330397
-0.685339
-1.862646
-1.402300
-0.852190
-0.027623
-0.460543
1.031720
0.879693
-1.422954
0.099478
-0.953593
-1.121250
-2.575876
-1.415165
-2.521215
-2.486799
-2.424611
-2.361817
0.728158
-0.249730
0.729549
0.163364
-3.332614
-1.239966
-0.817983
-0.115740
-1.947928
-1.727950
-1.001420
-0.086465
-0.654168
-0.334844
-1.018976
-0.675062
0.555616
-0.867665
0.728158
-0.075684
0.024881
0.525943
-0.223206
-0.544600
-1.091727
-1.203547
0.414608
-2.401260
-0.373721
-1.200296
0.295741
-0.461443
0.724676
0.070673
-0.075828
-0.575886
-1.317622
-0.777915
-1.338598
-0.442619
0.087229
-0.927602
-1.973899
-0.236786
-2.648298
-2.042901
0.726765
-0.302540
-1.153148
0.857852
1.236023
0.379970
-1.286806
-0.986293
-1.046519
-2.973217
-2.211272
0.466300
-0.335397
-2.232544
-0.626092
-1.212082
-0.700489
-0.075611
-0.402459
-1.342655
0.093079
0.338802
-0.239413
-0.497176
-1.761361
-0.925575
-1.184317
0.772218
-0.556126
-0.168081
-0.599143
-0.174383
-0.326257
-1.535190
0.124785
-1.480057
-0.584551
0.649120
-2.651662
0.408920
-0.075611
-0.075684
0.088618
0.449295
0.728158
-2.172439
0.466300
-0.857244
-2.391311
-0.720182
-0.390785
-0.320618
-1.041511
-2.016676
-0.268655
-0.796766
-1.653781
0.623152
-0.982329
0.577903
0.726765
-0.075684
-0.461470
0.726765
-0.244752
0.727462
-1.178366
0.019212
-1.124359
-3.312182
-0.995261
-0.490391
-1.284284
-2.060664
-0.184803
-1.642265
-0.374763
-0.674500
-0.298258
-0.065601
-1.622297
-3.634747
-0.773975
0.561158
-0.337003
-0.519377
0.362191
-1.086540
0.273314
-0.899172
1.647242
0.257848
-0.753147
-1.200149
-1.247617
-1.845438
-0.016929
0.726765
0.727462
-0.337038
-1.097766
-1.144511
-0.386730
-2.279236
-1.469852
0.730246
-0.076046
-2.477695
-0.131670
0.118727
-1.750276
-0.773617
0.495172
0.561584
0.729549
1.269548
-1.466379
-0.981409
-1.211191
-1.319995
-1.101736
1.718219
-1.710129
0.907069
0.154202
-1.468077
-2.121522
-2.035629
0.726069
-2.448524
0.178492
-0.586941
-0.926499
0.728158
-0.746750
-1.388750
-1.431870
-0.830584
-0.589202
0.678042
-0.378199
-1.133390
-0.597019
-1.343600
-0.491937
0.446833
-0.972053
0.009263
-0.698075
-0.501044
-0.078137
-1.178663
0.728854
-0.191723
0.160606
0.088931
-0.783806
-1.441482
-1.227307
0.050693
-0.602180
-0.641004
-0.743608
-0.790145
0.483275
-1.929937
-0.309686
-3.726127
-0.424661
-3.310565
0.896549
-1.529038
-0.075684
0.512630
0.468986
-0.860101
-1.352407
-2.777421
-0.468459
-0.235175
0.908509
1.225711
-0.335075
-0.636234
-0.715721
-0.619916
-1.172487
0.824569
0.667817
-2.173505
-2.303943
-0.468961
-0.030727
0.182018
-1.944673
-0.337003
-3.961699
0.728158
0.352187
-2.175824
-1.700610
0.466300
-0.324895
-1.835068
-0.059510
-1.151021
-0.932975
-0.977237
-0.136076
-1.513445
-0.495631
0.088293
-0.010767
-1.372421
0.729549
-1.056155
-0.962456
-0.965298
-1.547134
-1.843013
-1.412161
-0.881894
0.606300
-0.341804
-0.155051
0.051134
-1.572645
-1.051718
0.468539
-0.928720
-0.698196
-2.733115
-1.371173
-3.230572
-0.195328
1.330899
0.334766
-2.031858
-1.273211
-2.087787
0.184251
0.734999
-0.878524
-0.833453
-0.601385
-0.839355
-0.552512
-0.700092
0.468091
0.002128
-1.876889
-1.005440
1.195977
-1.888953
0.161698
-2.010351
-1.355494
-2.205153
-0.696498
0.728158
-0.632214
-1.037562
-0.648388
0.198466
-1.240803
-0.825269
1.011122
-0.332658
-0.699109
0.404104
-0.979176
-0.104397
-0.501801
-0.351348
-1.117119
0.409584
-0.305462
-1.104769
0.029655
-0.362579
-0.885739
0.730943
0.329968
-4.569595
0.464959
-0.455313
-1.944950
-0.535300
-1.190258
-1.576661
-0.335075
-0.743835
0.730246
-1.049535
-1.202646
-1.187355
-0.519051
0.034956
-1.368850
-0.225879
0.723285
0.652300
-1.285282
-0.994617
-0.337369
-1.389181
-1.827181
-0.321721
0.216851
-1.119678
-0.522314
0.650778
-1.108065
-0.404567
-0.272451
-1.555692
0.163285
-1.797491
-0.362596
0.725371
-1.260681
-0.618431
0.362223
-1.837535
-0.446206
-1.646449
-0.281969
0.728158
0.039695
-1.629918
0.071689
-0.075973
-0.075755
0.594317
-2.879675
0.725371
-1.340961
-0.815533
-0.955856
-2.004532
0.483258
-1.306749
-0.573924
-0.757112
-1.785903
-0.338210
-1.743723
0.466749
-0.630267
-2.466171
-2.467763
-0.718093
-1.764217
-0.482938
0.727462
2.001973
0.723873
-2.017790
-1.844884
-1.225968
-0.411557
-0.161165
0.486908
0.133847
0.725371
-1.224374
-0.445817
0.467196
-2.069841
0.394354
-2.088864
-1.087863
0.020796
0.503370
-1.577284
-1.197973
-1.709661
-0.202517
0.956300
-1.432248
-1.899712
0.109561
0.466749
-2.968976
0.147654
-1.482392
-4.587125
-0.008166
1.002169
0.504932
-0.829233
-1.293633
-2.103251
-1.086285
-2.407429
-0.470060
-1.544424
-0.929700
0.317045
-0.434197
-0.556147
0.310631
-0.332826
-0.995507
-2.084324
-0.025090
-3.368601
-0.235627
-1.154122
-0.372137
0.728158
-0.536192
-0.073407
0.159655
-0.532950
-1.564918
-0.383707
-0.575289
-0.204932
-0.416216
0.513145
0.726069
-0.335622
-1.669761
-0.681595
-0.025601
-0.986457
-0.453831
0.430020
-1.249233
0.688044
-0.463396
-0.335075
0.726765
0.346002
-0.847848
-1.221228
0.027744
-0.263964
0.451827
-0.076119
-0.859284
-0.685317
-0.225937
-4.536222
-1.190484
-0.336361
-1.458382
0.434177
-2.063807
-0.090698
-1.049922
-0.462961
-0.207691
-0.962822
-3.038996
-1.566783
-0.170446
-0.829531
-0.955091
0.468539
-1.601568
-1.673047
0.727462
0.226969
-1.833642
-1.079309
0.279151
0.712729
0.627594
-0.075828
-1.651908
-0.339733
-1.535255
-2.013324
-0.884372
0.088462
0.726069
-1.534176
1.072484
-0.067807
-1.638951
-2.183472
-1.030440
-2.215424
-0.203413
-2.073912
-0.335075
-0.307287
-0.335075
-0.170117
-1.234027
-0.330151
-0.033128
-1.012935
0.728158
-0.763809
0.729549
-0.287876
-0.982959
-1.439460
-0.075393
-0.817715
-0.894892
-0.124604
-0.508220
-1.246318
-0.557735
-1.053843
-0.778885
-1.317665
-2.349712
-1.993595
-1.470806
-2.035872
-3.099298
-0.710147
0.379731
-1.376052
-2.193759
-0.336682
-0.480664
-1.243102
-0.986145
-0.075684
-0.845203
-0.209392
1.463517
0.729549
1.296288
-0.860027
-3.381439
-0.247814
0.456783
-0.334434
-0.336361
0.889518
-0.208973
-0.737926
-1.221641
-1.807748
-0.043224
-0.857570
-0.181928
0.077877
0.727462
-1.109880
-0.513380
-0.062981
0.077119
-1.168859
-1.280102
0.725371
0.392631
-0.143218
-0.980371
-1.883111
-0.075755
-1.315577
-1.222436
0.729549
0.466300
-2.121791
-1.243415
-0.494148
-0.540293
-0.826716
-2.593575
-0.997703
-1.853568
0.215080
-0.953817
-2.711041
-0.335717
-1.451351
-0.001528
0.635917
-0.009662
-2.447015
0.726765
-0.669934
-0.560969
-0.070193
-0.967067
-1.439152
0.726765
-0.620548
-0.211950
-2.635343
-0.314594
-0.664053
-1.594912
-0.250814
0.366297
-0.171981
-2.435839
-2.013332
-2.240819
-1.352039
-0.389474
-0.953351
-2.693887
1.180490
-2.611441
0.117238
0.035258
0.726765
-1.553620
-0.185209
-2.163194
-0.601830
0.614662
0.174270
-1.317627
-2.130999
-1.017228
0.437661
-1.448458
-1.137337
-0.269786
-0.321581
0.319572
-1.270801
-1.395635
-0.602943
0.045829
-1.543622
-0.179226
-0.431704
0.314521
0.134726
0.370861
0.730246
-2.360144
0.627420
-0.443220
-1.009293
-0.762527
-0.075464
-0.664195
-1.333212
-0.611925
-0.097854
0.728854
-1.818881
-0.223350
-0.202551
-1.107375
-0.936356
-0.283763
0.227343
-2.421870
-1.397362
-1.476693
-1.713269
0.687713
0.727462
0.746916
-0.501277
-1.057808
-0.596867
-0.501801
0.233103
-0.953813
0.307899
-0.559945
-1.091370
-1.913257
-1.358646
-0.400159
-0.929589
-1.608769
-2.206401
-1.253648
-0.434014
-0.718512
-2.753112
-0.334755
-1.692970
-0.286503
-1.348840
-0.527169
0.814303
-0.335375
-1.881449
-0.619671
-0.404575
-1.605470
-0.545814
-1.188811
-1.447592
0.794085
-2.152207
-0.067225
-4.239076
-1.405279
0.470776
-0.305912
-1.516396
-0.706570
-0.519852
-2.134762
-0.381704
0.726765
-0.453683
-1.428080
-0.054660
-1.491390
-0.611959
-0.073485
-0.849974
-0.609032
-0.023755
-0.782944
-0.320780
-0.242715
-0.954209
-2.596126
-1.710371
-1.418990
0.530242
-0.119104
-1.454291
-1.259557
-0.240392
-1.777361
-0.106483
-1.243923
0.151885
-1.075473
-2.098915
-0.076191
-0.995877
0.728854
0.306964
-1.662566
-1.131687
0.727462
-2.627235
-0.075900
-0.422558
0.798689
-0.887042
-0.697582
-0.797460
-0.335717
0.097587
-1.364621
0.728158
0.731639
-0.466443
-1.418083
-2.868965
-0.729033
-2.037153
-0.129312
-0.319046
-2.227057
-1.323562
-0.449591
0.083373
-0.233122
-0.593437
-2.097163
0.447057
-1.538523
-0.611435
-2.073825
0.670349
-0.539524
0.133217
-0.336039
0.200799
-0.045347
-0.765934
-0.872910
-1.758682
-0.731650
-1.408173
-1.257174
0.730246
-2.059339
0.828670
-3.489481
-2.688381
0.096454
-0.885507
-0.336039
-0.820825
-0.441598
-0.855321
-0.943620
-0.801646
-0.089598
-0.460259
-0.092951
-1.238550
0.088000
-0.592118
-1.809470
0.570966
-2.052104
-1.043864
-0.986031
-0.726585
0.258668
-0.323133
-0.334111
0.726765
-0.356899
-1.020910
-0.335717
-1.059565
0.726069
-0.935716
-1.377633
-2.535766
-1.570464
0.997005
-0.841734
1.234734
-0.834179
-1.189165
-1.029458
-1.302944
-1.569660
0.096469
-3.173097
-1.225956
-1.128032
-0.799393
-0.735687
-2.348752
-0.793036
-0.390776
-0.075755
0.271233
-0.451034
-0.336361
0.725371
0.150885
-1.185903
-0.703595
-0.104349
0.964182
-1.651577
-0.529895
-0.915890
-0.829111
-2.539217
-0.075755
1.144111
-0.570610
-0.076046
-2.151797
-1.766775
0.811527
-1.503365
-1.512346
0.743411
-2.220666
-0.437910
-1.688384
0.366886
-0.210976
0.127683
-0.823478
-2.304750
-0.318261
-1.284723
-1.059414
-2.199161
0.048036
-1.109212
-2.359317
-0.317084
-2.037828
-0.075755
-1.514796
-1.236404
-0.076119
-1.235899
0.311417
-0.758071
-0.467949
-0.411317
0.726069
-0.075755
-0.507936
-1.314418
0.467645
-1.573444
-1.415179
-0.994183
0.728158
-0.013815
-3.650182
-0.766808
-1.460572
0.728854
0.521115
0.422992
-2.367369
-0.336361
0.727462
-0.975559
1.209774
-0.822445
-0.188716
-0.518461
-0.619619
-0.700806
-1.212327
-1.742523
-0.849318
0.224705
0.140388
-0.233857
-0.291901
-1.830851
0.213168
0.631052
0.726765
0.444023
-0.075755
-1.614022
-0.084129
-2.065809
-0.878527
-0.092637
0.990858
-1.272882
-0.275308
0.468539
0.256244
-0.335717
-0.331762
-1.098272
0.725283
-1.217377
-0.700005
-0.344997
0.550132
-0.289368
-1.974545
-1.522840
0.728158
-2.558413
-1.531009
0.729549
-1.032874
-0.541078
0.725371
-0.959801
0.466300
-0.241232
-1.547797
-2.569143
-1.527388
-1.230743
-4.300262
-0.421839
-0.750468
-0.371327
-0.905513
1.022622
-0.718470
0.727462
-1.295291
-1.323792
0.467645
-0.748467
0.313564
-0.723736
-1.961700
0.725371
-0.447356
-0.076119
0.334462
-0.440636
-0.376894
-0.241460
-2.101596
-2.131618
0.410293
-0.029218
0.532412
-0.830506
-0.616236
-2.360990
-0.197201
-1.722739
0.848335
-2.221652
-0.573997
0.268168
-1.270162
-2.968867
-0.585430
1.009105
-0.776432
0.727462
-1.142925
-0.472143
0.724676
1.004037
-2.035590
-0.962382
-0.170772
-1.514113
-0.863590
0.466749
0.509458
-2.307626
-0.214748
-0.137527
0.991367
0.078255
-0.208323
0.468539
0.727462
-0.609503
0.726069
-1.457554
-1.442259
-2.759195
0.206067
-2.263687
0.403338
-2.691837
-2.306935
-1.344148
-2.011838
-0.188600
-0.649232
0.321175
-0.725613
1.181206
-1.232833
-0.504289
0.033502
-2.105368
-1.604664
-1.074626
0.468091
0.467196
-1.096725
-1.531818
-0.604514
-0.396178
-0.075611
0.277497
0.466749
-1.481629
-1.868477
-0.756184
-0.919656
-2.610090
-0.724225
0.738721
-0.075973
-1.692571
-1.560243
0.726069
-1.578520
-1.292823
0.727462
0.254449
0.728158
-1.045365
0.032039
-1.059835
0.726069
0.887811
-1.982041
-1.341916
1.707901
0.727462
0.723285
1.132142
0.726765
0.726765
-1.669691
-0.952278
-0.997152
-2.709150
-1.205282
-0.929047
-0.466097
-0.886183
-0.540716
0.449296
-1.139277
-0.991279
0.083242
-0.364162
-2.710994
-1.862822
-2.812211
-0.050815
-0.075973
-0.075755
-0.481848
-0.697810
0.043249
0.161065
-1.161788
-0.075828
0.419968
-0.723528
-1.898634
-1.446226
-1.576860
1.680136
-0.333408
-0.336361
-0.046572
-0.523288
-0.615493
-0.966641
-1.337621
-0.531128
-0.969012
-0.542601
-0.075900
-1.723784
-0.961671
-2.965965
-0.494473
0.058776
-0.541078
-3.914349
-0.251630
0.886958
0.469434
-0.772472
-1.343745
-0.821975
-1.687071
-0.425197
-0.601364
-1.130667
-0.130326
-1.888056
-0.137888
-1.624369
-0.741385
-1.190580
-0.811597
-0.789340
-0.712317
-0.937947
-2.331076
0.730943
0.727462
-0.453400
-2.894308
-2.370929
-2.645895
-1.562301
0.726765
-2.240582
-0.252729
1.051251
-1.048858
-1.207226
-2.137292
-0.146715
-2.807876
-2.224275
-1.553895
-0.931910
-2.707967
-1.358914
-0.651326
-0.134184
-0.340357
-0.157647
-0.325386
-0.856540
-1.463091
-1.243386
0.724676
0.468091
0.266577
-0.920468
0.466749
-0.054532
-0.656526
0.661151
0.059600
0.468091
-2.554921
-0.606232
-0.506503
-0.298733
-1.817259
0.629324
0.542763
-0.624734
0.158710
-0.475583
-0.884977
0.566821
0.466749
0.517517
0.468091
-1.106148
-0.075755
-2.281363
-1.231884
-2.067815
-0.601726
-0.801258
-0.268491
-0.464036
-0.158342
-0.168239
-0.151272
-0.669247
-0.027305
-0.529993
0.728158
-3.160157
0.716705
-0.433564
-0.358832
-1.579345
-0.981822
-2.107338
-2.043140
-0.601315
-0.364187
-0.370436
-0.494091
0.367466
-2.328860
-0.172556
-0.335075
-1.168085
-1.192185
0.098971
-2.927819
-2.979020
-0.279050
-1.773306
-1.303697
-1.353092
-2.411818
0.100087
-1.879695
0.508926
-2.009863
0.467196
-0.856763
-0.056363
-1.248663
-1.516919
-0.178329
-1.559116
-0.233729
-1.247389
-0.592900
0.724676
-0.898573
0.728158
-1.693626
-0.498200
0.727462
-0.772573
-3.323698
0.179102
-2.167366
-1.536388
0.186380
-1.507511
-0.589042
-0.415234
0.729549
-3.085047
-1.101876
-0.422792
-0.828188
-0.534364
-1.131024
-0.984621
-1.604231
0.730246
0.440300
1.162326
-0.717703
-2.069602
1.505352
1.637468
-0.290882
-2.365014
-0.335075
-0.810108
-2.107263
-0.057786
-1.165886
0.729549
-3.060022
-1.346198
0.239620
-1.521945
-1.502409
0.040823
-1.116764
0.466300
-2.380546
-2.965088
0.425754
-1.218231
-0.692946
-0.176157
-2.839396
-2.663029
0.242314
-1.407535
0.858155
-0.194042
-0.337645
-0.618957
-1.327698
-1.074041
-2.706825
0.720185
-0.882256
0.689175
-1.565696
-0.472252
0.726765
-0.076119
0.312155
0.228238
0.464959
-0.671844
0.500266
0.032005
-0.564405
-1.412875
0.367662
0.728715
0.941900
1.077072
-1.791519
-0.798268
0.466749
0.019763
-1.681866
0.063495
-0.082968
-0.904714
-0.745828
-0.675989
-0.689822
-0.358721
-1.194776
-0.712421
0.726765
2.193465
-1.287130
0.007253
-0.193081
-2.934615
-0.075900
0.886958
-0.336361
0.728158
0.555807
0.415370
-1.658397
-0.144073
-1.349130
-0.746948
0.466300
-0.075684
-2.293802
-1.028591
-1.235929
-1.088172
-0.104642
0.262701
-0.823305
-0.511678
-1.235771
1.045967
-1.032263
-0.575661
0.968847
0.479396
-0.821567
-0.390271
-0.564159
0.397610
-0.695693
-2.164089
-1.860239
0.726765
-0.886460
-0.630164
-1.789574
-0.800138
-0.700737
-1.903939
-0.614914
0.113516
-1.163408
0.727462
-1.414182
-1.241246
-0.819909
-0.594592
-1.578610
-2.024363
-0.745985
-0.172133
-0.476357
-1.661185
-1.680436
-0.335397
0.619641
-0.431378
0.726069
-0.919811
-1.037899
-0.498531
-0.221752
-0.452273
0.726069
-1.694343
-2.479027
-0.115007
0.272419
-0.947057
-1.503585
-1.035502
-0.590012
-1.571332
-1.609154
-0.832681
0.728158
0.886102
-0.128830
-0.919985
0.146387
-1.103129
-0.353769
-1.045695
-1.581487
-0.208045
0.515870
-1.020557
0.724676
-0.335075
0.724676
0.888622
-0.799916
-1.348798
0.013910
-0.608302
-3.158578
0.839010
-0.951851
-1.242774
-1.515369
-1.773230
-0.916817
0.886958
1.451501
-0.647189
-0.394104
-0.835531
-1.101107
-1.149856
-0.823234
-0.435951
-1.513646
-1.237359
0.088462
0.699267
-2.070126
-1.734578
-0.581038
-1.294302
-1.739141
0.568753
-1.264757
-0.882641
-0.634736
-1.379623
-2.124293
-0.076191
-2.525900
-0.717715
-0.029051
0.495023
-0.832041
-0.506240
-0.530653
-0.381029
-3.106407
-1.079063
0.725371
-0.269091
-1.401230
-3.384162
0.725471
-1.063812
-1.285490
-0.734647
-0.599540
-0.804147
-1.195030
-2.146473
-0.202192
0.190290
-1.027488
-1.451852
-1.910256
-1.132885
-1.203225
-1.572440
-0.129465
-1.330002
-0.811978
0.666486
-0.324313
0.738403
-0.802565
-1.786348
0.366097
0.469434
-2.447586
-1.269505
-0.076119
-2.171935
-1.990857
0.728158
-0.319605
-2.224722
-0.273445
0.295514
-1.111612
-2.334901
0.051920
-0.118672
-2.243927
0.154577
-3.741844
-1.554153
-1.075139
-1.365628
-1.112713
0.291106
-0.289089
-0.339577
0.081657
-0.304556
-1.324366
0.726069
-0.791445
1.199344
0.468986
-0.864639
-0.618849
0.301185
-0.075828
-1.520806
0.245263
-0.758642
-2.412350
-0.336039
0.831196
-2.791145
0.095497
0.727462
0.393118
-0.334755
-1.388094
-0.236380
-1.278422
0.233565
-1.061466
-0.833628
-0.338787
-1.068275
0.727462
-0.321519
-2.384325
-1.189144
-1.505888
-1.177383
-3.720083
-2.000781
-1.859585
-0.337234
-0.201199
0.022846
0.467645
0.541589
0.375299
0.727462
-1.831159
0.467645
0.049389
-0.710761
0.727462
0.385802
-1.965485
0.468539
-0.687197
0.601145
-0.147852
-2.056153
-1.165726
-0.298834
-1.330939
-1.163561
1.023155
-0.289359
-0.904429
-1.442890
-2.807537
-0.029030
-0.689732
-1.221408
-2.752605
-2.325492
-0.901281
-0.029251
-0.521953
-0.758760
-1.221083
0.468091
0.724676
0.757104
0.727462
-0.075321
-0.589764
-1.649675
0.315992
0.348289
0.467196
-0.647583
-0.881379
-2.862582
-0.523964
-0.076119
-0.516103
-0.820355
0.726069
-0.228162
-1.899358
-0.116810
-1.360387
0.916017
-0.667017
0.439712
-0.969651
-1.260879
0.558927
-1.200460
-2.513292
-1.881761
-1.246197
-0.328780
-1.877571
-0.888669
-1.991920
-0.075828
-0.942442
0.364981
-2.177849
-0.076046
-1.807202
-1.052583
-0.771100
0.228401
-0.181773
-0.909486
-1.841905
-0.170117
-1.276016
-3.533588
-0.709309
-0.315801
-1.630280
-1.344900
-1.500098
-1.914437
-1.462860
-1.259756
0.727462
-1.420962
-0.981022
-1.503440
-0.626192
-1.975319
-1.647434
-1.056116
-1.556608
-0.562553
-1.911285
0.685174
-1.107064
-1.343836
-1.957462
-1.380677
-4.554022
-1.033893
-0.181976
-2.380471
0.724676
0.726069
-0.082159
-1.105477
-4.357426
-1.792876
-2.216285
0.124236
0.013988
-2.325161
0.424185
-1.671816
-0.631196
0.726765
-2.035403
-3.455132
0.723981
-1.620558
0.468539
-0.801299
-0.335397
-1.241409
-1.580845
-0.343904
-0.701507
-0.268097
-0.737718
-1.040942
-1.225520
0.729549
-0.833190
-0.921749
-0.300397
-0.451886
-0.916522
-2.039806
-2.612851
0.266192
-0.075684
-0.260694
-0.528923
-2.185390
-0.716330
-1.595650
-0.075611
-0.784525
0.568361
0.628632
-0.555001
0.731639
-0.336361
-1.204903
-4.193803
-0.264745
0.003736
0.325317
-0.215770
-0.267498
-0.075973
-0.803567
0.299270
-0.435400
0.319966
-1.583813
-0.433579
-1.159776
-1.408715
-1.724694
-2.205443
-1.565953
-0.800738
-1.084446
1.986030
-1.958860
-0.740272
-0.345782
-0.538722
-0.550922
1.232796
-1.260489
-1.635065
-2.483620
-0.133409
0.726069
0.728854
-2.414308
-0.075900
-1.437325
-1.472186
-2.504259
-0.472769
-1.660420
0.726765
-2.462382
-0.714193
-2.277755
-0.754005
-0.166509
-0.151691
-2.030853
0.466300
-0.673751
-1.268761
0.730246
0.476889
-0.820942
-0.223529
-0.426123
-1.364026
-1.302984
0.730943
1.236914
-0.313964
-0.642738
-0.804416
-0.520085
-0.286454
-0.286706
-0.873100
-0.717432
-0.058793
-0.179738
0.580945
-2.244169
0.434529
0.286384
0.725371
-0.096898
-0.143225
-0.075828
0.728854
-1.796417
-2.441222
0.727462
-2.265803
-2.311283
-0.335075
-0.335397
-0.335717
0.598753
0.830919
-0.711290
0.728854
-3.307916
0.730246
-1.409354
-2.659671
0.133843
-2.174751
-0.088043
0.914203
-0.800541
-1.049266
-0.438059
-1.587696
-2.424037
1.548543
-1.086039
-0.218968
-0.466980
0.491217
-0.290292
-2.758017
0.780788
-0.574514
-1.938432
0.390443
-0.783149
-1.442935
-0.510308
-0.057603
-0.191435
-0.177802
-1.791798
-0.075611
0.729549
0.726069
0.728158
0.728158
0.723981
0.728158
0.463556
0.236295
-0.181867
-2.366328
0.729549
-0.646477
-0.154405
0.729549
-1.596019
-0.434440
0.232533
-1.120718
0.730246
-1.200540
-2.795146
0.724676
-0.746305
0.033774
-0.384785
-2.101087
-0.016173
0.880390
0.071501
-2.051251
-0.277340
-1.915763
-0.450976
0.073875
-1.250614
-0.023472
-1.650150
-1.852112
-0.229902
-2.174497
-0.471250
-0.814868
0.083752
-0.170281
-2.687468
-3.294389
-2.545047
-1.674338
-0.474466
-0.334755
-0.361918
-0.996526
-1.514316
-0.335717
-0.076046
0.738912
0.731639
-1.568425
-0.114984
-0.962576
0.727462
-1.068648
-1.968591
1.371109
-0.456177
-0.612562
1.227165
-0.075828
-0.367409
-0.426069
-0.751797
-0.558542
-0.611581
0.171908
-2.774400
-1.792715
-1.331213
0.457156
-3.266462
-0.447983
0.219792
-1.992578
-0.030093
-1.225133
-0.686242
0.439613
-0.430865
-1.740418
-0.538712
0.728854
-0.505507
-1.156042
0.619039
-2.784055
-0.980547
-1.926026
-2.432557
-0.075684
0.731639
-0.323831
0.467645
-0.076119
-1.951172
-1.034740
-1.330185
-0.166831
-0.125367
0.728158
-1.643835
-1.649983
-0.075755
1.680082
0.467645
-0.327034
0.527719
-0.173571
-0.337003
-1.210364
-0.476334
-0.632641
-0.525407
-0.859572
-2.388638
-0.335075
0.894213
0.273691
-0.858121
-1.687073
-1.764397
-0.038288
-1.911793
0.107174
-2.611020
-0.316664
0.730246
0.468586
-1.826387
-1.949084
-0.562912
0.135761
-1.151145
-0.335075
-0.962005
-0.312223
-1.674060
0.731639
-1.148779
-0.561884
-1.189164
-0.389935
-0.450862
-0.946173
-1.074759
-0.449471
-1.095320
-1.889420
-1.735713
0.467645
0.727462
0.532180
0.726069
0.285583
-1.498558
-1.989870
-0.336361
-2.051161
0.726069
-1.961423
0.459227
-2.556197
-1.317914
0.730943
0.729549
0.467645
-0.281219
-1.928754
-0.955075
0.854116
-0.304013
0.161347
0.726069
-0.336099
-1.227264
-1.238763
0.113463
-1.049385
-0.759111
0.641706
-0.456209
-0.413778
0.724676
-1.274371
-0.684072
0.568544
-1.261187
-0.335397
1.246989
-0.647788
-0.944938
-1.613194
-1.460843
0.728854
-1.330522
-1.383418
-2.540557
-1.623381
-0.158276
-2.160969
1.228006
-0.741350
-2.973254
0.201373
1.230116
-2.185231
0.729549
0.130664
0.727462
0.596718
0.731639
-0.336361
-0.752824
-0.075900
-1.250927
0.920795
-0.974722
-0.211930
0.726765
-1.127738
-1.058133
0.468091
-0.123441
-0.322666
0.468539
-0.335717
-0.114903
-1.356645
-0.306821
-0.008605
-1.075513
-0.075828
-1.000830
0.222910
-0.977653
-1.227835
-0.228682
0.134280
0.475528
0.269771
0.502186
-0.391163
0.211440
-0.801753
-0.191935
0.566878
-1.630503
0.477573
-0.489281
0.431661
0.402245
-1.268352
-1.263966
0.535953
-0.376694
-0.583124
-2.424787
0.727462
-2.061803
0.468986
-4.107375
-0.823407
-1.781958
-2.502297
-0.685253
-0.919638
0.701008
-0.670960
0.945587
-0.717045
-0.602290
-0.544482
-0.433297
-1.506587
0.725371
0.125671
1.809492
-0.020932
-0.335717
-0.075973
-1.163080
0.728158
-1.165365
0.727462
-2.018020
0.227277
-0.393731
-0.715429
-0.417463
-0.621684
-4.964226
-0.160786
1.573727
-2.462013
-0.783380
-0.433174
-0.731385
-1.468712
-0.474904
-0.750948
-0.229564
-1.079852
-0.168932
-0.144180
-1.674843
-2.508995
0.502253
-0.156369
-0.075828
-1.554543
-1.194561
-0.960111
0.234894
-0.604335
-0.408592
-0.107101
-2.739402
0.224799
0.728158
0.466300
-2.518875
-2.517567
0.957456
0.403740
0.141412
0.088377
-0.171280
-3.034995
0.727462
-0.075900
-1.849222
0.468539
-0.712031
0.937457
0.529646
-0.335717
-2.183668
0.341684
-0.220237
-1.558899
-1.601696
0.725371
0.729549
-4.531773
-1.018986
0.771977
-1.981860
-1.105077
0.088377
-0.477491
-0.385595
0.727462
-0.232914
-0.181170
-0.395982
-0.041533
-2.209610
-0.207393
-0.075828
-1.051476
-1.276970
-1.199645
-1.045379
-1.247253
-0.105599
1.586749
-0.466908
-1.917250
1.187320
-1.843497
-1.285091
-1.044572
-1.122528
-1.513984
-1.509718
-0.373023
0.856780
-0.075611
-0.981639
1.273343
-0.758613
1.326410
0.727462
-0.075973
-3.134687
-0.802142
-1.945658
-1.293390
-2.065809
0.730246
0.724676
-2.322843
0.467196
0.760541
-0.283054
-2.136829
-2.014718
-0.075900
-0.075755
-1.759692
-0.731119
0.022515
0.468539
-1.180873
-0.319177
-1.383751
-1.211272
0.682843
-0.888113
-0.896586
0.287439
0.843577
-0.842616
-2.132084
-1.084062
-0.658170
0.467645
-0.821122
-0.825167
0.027362
-0.716506
-1.800232
0.252080
0.419422
-1.674372
-0.601802
0.477213
-1.670525
-0.518411
-0.075828
-0.929547
0.452074
-0.198110
-0.996837
-0.691901
-0.433189
-0.593937
0.296092
-1.468760
-2.029623
-0.776378
-0.325296
-0.692593
-1.230229
-0.211162
0.726069
0.725371
-2.494598
-1.041888
-1.720531
-1.299543
-1.116435
-1.578516
-3.278907
0.447731
-1.295035
0.726765
0.691329
-0.075611
0.170575
0.975852
0.727462
-0.335717
0.192129
0.467645
-1.061727
-3.145259
-2.595470
-0.229640
1.341715
0.481800
-2.143918
0.461434
-1.345178
0.565109
-3.148141
-0.557736
-0.335075
0.540361
-2.117463
-0.516277
-2.523884
-1.941581
-3.874515
-1.756573
-0.894858
0.726069
-0.249219
0.062210
-1.644210
-0.170446
1.170199
-0.161684
0.727462
-1.043449
0.107620
-1.012888
-1.969997
-0.081089
0.869670
2.562356
-1.734718
0.053773
-0.450387
-2.655050
1.975627
-0.822558
0.090057
-0.172835
-0.336039
-1.773572
-2.175295
-0.851387
-1.040213
-0.620831
-0.076119
0.727462
0.466749
0.286861
0.987700
0.723285
-0.562724
-1.147037
0.407367
-0.828012
-0.393309
-2.407675
0.768396
0.088037
0.468539
-0.075900
0.019819
-2.068106
-2.158937
-0.296218
-0.346642
-2.967416
-1.510774
0.440852
0.728854
-2.439945
-0.445754
-2.147803
-0.540563
0.064769
-0.562553
-1.262452
-0.158136
-1.552464
-2.254694
-0.107554
-1.473486
0.450193
-0.240545
0.260468
-1.107531
-1.125610
-1.891655
-1.854819
-1.534913
-0.517524
-2.382342
-0.644448
2.062384
-3.048279
-2.078123
0.115810
-1.441332
-2.166460
0.071630
-1.977847
-1.688435
-1.042852
-0.744504
-0.883807
-1.488310
-1.203953
-0.797879
-0.785886
0.730246
-1.133763
-0.908864
-1.795505
0.727462
0.467196
-3.331589
-0.075828
-0.075900
0.495662
-1.957988
-0.090595
-0.641676
0.788344
-0.319371
-0.941301
-0.075973
-2.097846
0.304981
-2.213514
-0.456022
-1.088496
-2.774500
0.728158
-1.464072
-1.862148
-1.137121
-1.391697
-0.393398
-0.313018
-1.041977
-0.624234
0.726765
-1.284418
-0.143424
-1.958896
0.465853
-0.701135
-0.664591
-3.425084
-0.556612
0.286408
-1.713317
-1.350771
0.210193
-2.738642
0.466749
0.369408
-0.097812
-0.335717
-1.622508
-1.322179
-0.411910
-0.364538
-1.652651
-2.667450
0.284182
1.323152
-1.000486
-0.512487
-0.493136
1.227879
-1.357584
-2.121720
0.728854
-0.258518
-2.127098
-0.613118
-2.456147
-0.326844
-1.356294
-0.830515
-0.092300
0.727462
0.726765
0.180119
-0.173946
0.111105
0.426135
-1.756419
-0.503253
-0.529511
-0.610013
0.653537
-1.301526
0.275321
-1.049325
0.464959
-1.622031
-2.064611
-0.075536
-1.259668
0.725371
-1.886809
-3.251012
0.727462
-1.284824
-0.276458
-2.804957
-1.820935
-0.759602
-2.754066
0.631657
0.599206
-1.433858
-3.031598
-1.489599
0.641924
-2.509643
0.100402
-0.824265
0.470778
0.135856
0.726069
-0.619993
-2.570159
-1.770109
0.524998
-1.314015
-0.185895
-2.015945
-0.458276
-0.055804
-1.430499
1.550920
-1.669959
-0.483806
-1.608232
0.123975
0.201418
-0.685027
-0.312189
-1.315514
-1.143370
-1.651681
-0.414311
-0.469595
-2.699224
-2.728694
0.545929
0.283748
-0.892199
-1.721553
-0.342188
-1.879617
-1.789082
-0.512321
-1.069504
-1.371955
2.071577
-0.874754
-0.874753
0.071937
-2.600414
-2.381974
-1.630227
-0.905546
-0.968396
-1.946071
-1.755791
-0.021919
-0.099728
-2.541097
-1.099535
-0.493019
-2.544254
0.725371
0.726765
-1.383271
0.654949
-2.559688
-0.334111
0.729549
-2.373482
-0.189791
0.467645
-1.914541
0.733230
-1.611634
-1.890860
-0.033899
0.729549
-0.129232
-0.335075
-0.993628
-1.234114
0.457479
-1.801377
-0.075900
-0.176856
-1.434019
0.728158
-2.069818
-0.211188
-0.337003
-2.034276
0.466300
-0.181424
-0.075900
-0.844787
0.072790
-0.220049
-1.228090
-0.333789
-2.215506
0.468986
-3.520042
0.724676
-0.738840
1.402532
-1.151541
1.138602
-0.769949
-1.235361
-0.523434
0.325464
-0.819686
-1.116156
-0.301874
-2.002093
-0.067891
-0.424717
-2.065809
-0.406552
-1.516781
-0.807401
-1.613756
-0.236972
-0.481888
0.237292
-2.677926
-2.750966
-0.600950
0.156376
-0.797762
0.725371
0.479734
-1.161101
0.726069
0.927895
-1.329152
-0.128532
-2.537217
-0.451343
0.478472
-2.040502
-1.343982
-0.848843
-0.975463
-0.559487
-0.334755
-1.636829
-0.930818
-0.601201
-0.723899
1.232904
-2.499580
0.726765
-2.801245
-2.116939
0.248172
-0.799724
-1.489614
-0.906732
1.671614
-1.248506
-1.941026
0.764274
0.728854
-0.941202
-2.970317
-0.121850
-2.631523
-0.139695
-0.875975
0.073524
-0.336361
0.726765
2.354924
0.724676
-0.170117
0.468091
-2.795183
0.724676
-0.748979
0.728854
-2.176509
-0.181867
0.155661
-1.264084
0.294174
-1.183664
-1.918608
-0.779767
-1.020833
-0.531283
-1.175683
-2.800732
-2.848475
-0.817644
0.303188
-1.239694
-0.551128
0.443641
-1.665815
-0.334111
-0.973947
-0.809227
-1.362898
-4.283510
-1.801539
0.518394
0.726765
0.728158
-0.025771
-0.924973
-1.215369
-2.644991
-1.369806
-1.129433
-1.321225
0.695282
-0.585696
0.522527
-1.203406
-0.200841
1.456640
0.302199
-1.149439
-1.256080
0.048511
-1.207189
-0.001960
-1.809381
-0.984785
-0.118636
1.655642
-1.331841
-1.801390
-0.711170
0.024168
0.244207
-3.406735
-2.077329
-1.094109
1.331396
0.443924
0.728158
1.938457
0.305039
-0.054099
-1.472834
0.728158
-0.035508
0.291167
-3.558121
1.008928
-3.210240
-2.078092
-2.823650
-0.319012
-0.075755
-1.331014
-0.334434
-0.075755
0.616431
-0.907432
0.104934
0.469434
0.892580
-0.334755
-1.376694
-2.779022
-1.831905
-0.335075
-1.206801
-0.336682
1.048853
-0.685559
-1.915247
-0.126129
-2.131441
-0.671339
-2.077869
-0.759934
-1.363561
-2.076442
-0.335717
-0.694669
-1.470649
-1.970177
-1.717867
-0.887476
-0.576835
-1.119852
-0.400629
-0.095586
-1.585668
1.067438
0.468986
-0.752762
-2.527986
-1.709857
0.466749
-0.961337
-0.106320
-1.316066
-2.768511
0.468091
-1.348961
-0.607691
0.724676
-0.522309
-1.679916
1.076112
-0.354832
-1.152655
0.216868
-0.820847
-0.261523
-1.552497
-1.012180
-1.494977
-3.939261
-2.859262
-1.754635
-1.075834
-2.624242
-1.783733
-1.579023
-0.324093
-0.833021
0.610636
-1.407607
-0.925971
-1.630698
-1.684245
-0.630124
-0.618127
-1.322368
-0.075973
-0.125006
0.338694
-0.334434
1.782790
-1.316276
-2.093066
-1.758602
0.466749
0.729549
0.779731
-0.927982
-1.397926
-2.028761
-1.793380
-2.794515
-0.418191
-0.186989
-1.683274
-1.897789
-0.075247
-1.063159
0.245185
-1.630173
0.072313
-0.937138
-0.004413
-1.274548
-1.648328
-2.810142
-1.715705
-2.219131
-0.726840
-1.375730
-2.981918
-0.073102
1.217520
-1.433264
-0.398699
-0.250396
-1.303302
-1.717756
-0.677164
-0.136530
-1.362553
-0.741810
-1.181512
-0.062323
-1.894989
-1.157562
-0.341769
1.719556
0.704496
-0.302721
-2.796696
-0.875950
-0.204820
1.019458
0.462625
0.235834
-0.335397
-1.584299
-0.249720
-2.682442
-2.340595
-2.219903
0.124960
1.158948
-0.124385
0.234984
-0.119119
-1.732958
-0.182613
-0.981777
-1.548102
-0.335397
-2.444982
-0.335397
-0.075828
-2.568615
-0.335075
-0.628678
-0.990670
-1.383750
-1.617693
0.727462
-3.455757
-1.348439
0.378557
-0.335397
-0.079567
-1.565249
0.468091
-0.748871
0.726765
0.728158
-0.320137
1.097332
-0.307446
-2.394509
0.000958
-1.226900
-0.171100
-0.632857
-1.624970
-1.677047
-0.963425
-0.850937
-1.834519
0.655184
0.707653
-1.295282
-1.190837
-2.454474
-1.528225
-1.621637
0.468986
-0.756478
-1.795349
-1.543050
-0.075684
0.048266
0.445940
-0.597358
0.469882
-1.573441
1.525298
-1.344892
-0.761495
-1.784331
-0.907097
-1.313928
-0.641477
-1.752396
0.602873
0.366041
0.765083
0.728158
0.432786
0.113364
0.725371
1.343475
-1.510614
-2.173263
-1.851233
-1.228118
-1.433977
0.002383
1.645909
-2.975386
-2.109291
-1.157227
-1.155028
-1.953881
0.329589
-0.575917
-1.611180
-0.557932
-2.115063
0.467645
0.191651
-1.256901
-0.404285
-2.146309
-1.245764
-2.119107
-2.941150
-4.551796
-2.266140
-0.139995
0.304222
-1.317707
-2.052570
-0.053389
0.468986
0.726765
-0.076046
-0.335075
0.468091
-0.335397
0.730943
0.728854
0.733029
-1.051714
0.183906
0.447234
-0.075755
0.147896
-2.620737
-0.620663
0.726069
-2.073825
-1.162338
-1.124298
0.589874
0.565228
-1.931170
-1.931327
-1.552232
-0.083428
-1.120345
-0.125247
0.728158
0.469434
-0.244218
-2.374643
-4.565145
0.802311
-0.075684
-0.498624
-0.545029
0.726765
-0.760645
0.727462
-1.501846
-0.532658
-0.709845
-0.805345
0.802662
-0.825365
1.173195
-3.231056
-2.416938
-0.605447
0.728158
-4.191744
0.591215
0.468986
-1.688633
-3.648164
0.366738
0.826694
-1.660673
-0.268709
-2.018970
-0.941626
-0.421948
-0.193711
0.965616
-2.036374
-1.647699
-0.073101
-1.651760
-1.348375
-0.518772
-0.387390
-3.485056
-0.878297
-2.404175
-0.962261
0.727462
0.497542
-0.223407
-0.301862
-2.404574
-2.188093
-0.501801
0.255613
0.884397
1.434370
-0.807037
-0.242568
-0.545996
0.728854
-1.710656
0.804506
0.116524
-1.693276
0.575038
-2.050590
-1.857121
-1.398452
-3.064999
-1.431652
0.103809
-1.091590
-0.829486
-0.334434
-1.590965
-0.328353
0.468091
0.104817
-1.424048
-0.468671
-1.924703
0.466300
0.725371
0.468091
-3.092460
-1.695250
-4.206909
-0.075684
-0.596036
0.280242
-1.338133
0.729549
-0.708319
-0.335717
0.691022
-0.250594
0.035279
0.795170
0.726765
-0.075755
0.465853
-0.944791
-2.478851
-1.041252
-0.336039
-0.333789
-1.491503
-1.940199
-1.943870
-2.352196
-2.035872
-0.210252
0.148665
0.886102
0.726765
1.279455
-0.881768
-0.967920
-1.140085
-2.162045
0.427160
-0.332238
-0.075900
0.879869
-2.046446
-2.674216
-1.070065
-0.411245
-0.661815
0.449295
-0.782645
-1.266241
0.081598
-0.745906
-0.021836
0.131476
-1.196914
-1.222921
0.326910
-1.334186
0.150383
-3.409720
0.342006
-0.701582
1.401709
0.463387
-0.059935
0.727462
-1.511889
-2.469340
0.977186
-0.945245
-0.674910
-3.819809
-1.667344
-1.119154
0.142912
-0.468436
0.468091
-0.638015
0.716134
-2.075829
-0.683756
-3.715008
-0.563666
-2.130520
0.830726
-0.277853
-0.627834
0.728158
-0.102031
-0.397755
-0.741891
0.727462
-0.472449
-0.334755
0.728854
-1.117776
0.450863
-0.088313
0.727823
-0.568912
-1.632731
0.464062
1.244580
-2.850287
0.723285
-3.363300
-3.653827
-0.777135
-0.075828
-0.432866
-0.816818
-2.984820
0.446833
-0.250445
-0.096752
-0.125586
0.467196
-2.416146
-0.336682
0.051870
-3.308947
0.725371
0.208111
-0.049542
-0.370697
-1.071642
-0.764549
-0.033765
-0.451824
-2.345352
-1.758304
-0.110712
-2.177627
0.717352
0.629392
1.213097
-0.545229
-1.279606
0.517944
0.728854
0.478871
0.291243
-0.075536
-0.489462
-2.332698
-1.439820
-2.892383
-0.686592
-0.734603
-4.403840
-0.904139
2.316232
-3.059978
-2.429535
-3.227343
-1.207909
-0.772747
-0.416710
-0.076119
-2.520496
-0.709391
-2.984820
-0.076864
-1.621813
0.615271
1.223921
-2.154953
-1.142468
-2.820634
-0.226143
-0.824507
0.156850
-1.082097
0.725371
-0.370835
-1.144554
0.494880
-1.350630
-0.545116
0.653687
-0.955073
1.034879
-0.789375
-0.420432
-2.984714
-0.399086
-0.170446
-0.289604
-2.126417
-0.653113
-1.712486
0.643693
0.383248
-2.254168
-1.176595
-0.103318
-0.204811
-1.233937
-1.652584
0.388696
-0.285293
-0.571688
-2.298395
0.485648
-3.458186
0.723981
-1.433076
-0.529318
-1.104882
-0.502285
0.460618
-0.328064
-0.828484
-1.908617
-1.230993
-4.889789
-0.471281
-0.736412
-0.838641
-2.882417
0.446625
-0.145803
-0.013824
-0.075828
-0.347931
-1.511590
-4.754414
-0.085915
0.729549
-0.478837
0.729549
0.728158
-0.703253
-1.458574
-0.337003
-0.964056
-2.056220
-0.602589
-2.685697
-0.639199
-0.075755
-0.659826
-1.693137
-1.389800
-0.075536
-0.075611
0.730246
-0.170609
-1.242265
0.724676
-0.304876
-0.879369
-2.348490
-1.489844
-0.761160
-1.751700
-2.398301
0.727462
-0.740006
-1.371084
0.728854
-2.491651
-0.334434
-0.139009
0.726765
-3.096657
-2.481363
0.077000
-0.118055
-1.079011
-1.988839
1.401449
-1.148573
0.145560
0.728158
-3.574378
-3.424453
-0.052663
0.728854
-0.008189
0.732334
-0.165248
-1.016801
-1.620593
-1.047278
-0.642841
-0.939184
-2.022286
-0.746325
-1.119586
-0.335397
-1.140411
-2.006882
-1.014342
-0.541589
-1.730765
-0.335717
-1.565021
-4.162483
-2.369751
0.727462
-2.504392
-1.898576
-3.661191
-1.121257
0.383570
0.213584
-3.225708
-0.791907
0.219040
-0.648840
0.729549
0.445940
-0.580119
-1.484524
-1.237061
-0.704693
-1.066796
-1.325638
-0.586484
-2.915844
-1.860932
-1.635232
-0.255686
-1.793757
-1.612882
-1.793874
-1.856436
-0.336361
0.357084
-3.221515
0.631462
-0.820107
0.366767
-0.407789
-1.420343
-1.349448
-2.067815
-0.423183
-1.562790
-0.745269
0.286920
0.487225
-3.232085
-1.814395
-0.123271
-0.323029
0.728158
-0.075464
-2.287086
-0.075828
-3.442963
-0.639662
0.166107
-0.075755
0.728854
-0.335075
-2.986511
-0.135097
0.723285
-0.477560
-0.075321
-1.888897
-1.559224
-1.033702
-0.075973
-0.075755
-2.056546
-1.719156
-2.590324
0.729549
0.838614
-1.271452
-1.350096
-0.523999
-2.285384
-1.199725
-3.310565
-0.097842
0.469434
-2.568287
-1.077595
-2.627316
-0.878960
-0.927305
1.109115
0.214101
-0.911607
-0.986324
-1.156025
-1.406592
-0.487570
-2.038564
0.468539
-1.346198
0.465853
-1.072268
1.284123
0.699963
0.382701
-2.145789
-1.202180
-0.132554
0.347295
0.468986
-0.119960
0.655280
-2.064886
-1.512674
-0.039222
-0.817322
-0.398957
0.726069
-3.323948
-2.082229
-1.523832
-0.075973
-1.119165
-0.635964
0.088944
0.662060
-0.335717
-1.883962
-2.221430
0.463034
0.591244
-1.422031
0.155960
-1.384745
-1.713175
0.123155
-0.651697
-0.677140
-0.581473
-2.643628
-2.486772
1.425884
0.119213
0.206007
-1.273478
-0.981290
-0.401609
-1.046330
-1.244137
-0.326379
0.487949
-0.981317
-1.548452
0.551875
-3.273255
0.957741
-0.626745
0.162648
-0.532822
0.050241
-2.077319
0.190409
-0.452211
0.726069
-1.739622
-1.166331
-0.340253
-0.032196
0.372144
-0.332001
-1.599548
-3.120923
-0.822162
1.402493
-0.607762
-1.471803
-3.288108
-1.760193
-0.183493
-0.596137
-1.166263
-1.244783
0.722587
0.724676
-2.664210
-0.059962
-0.277760
-0.335717
0.053489
-1.058810
-1.601360
-2.798559
-1.293370
-2.211248
-0.219238
-1.365502
0.730943
1.103164
-0.705381
0.725371
-2.908182
0.727462
-1.181272
-2.553299
-0.176280
-0.782963
0.727462
-2.606184
-1.460117
0.400869
-0.334755
-2.876676
-1.197285
-2.588151
-1.319095
-1.701714
-1.647718
-1.347564
-1.319775
-0.078972
-0.573859
-0.843030
-0.926667
0.249476
-2.102517
0.175225
0.043097
-1.514672
-2.207243
0.073555
-1.011081
0.466300
0.284429
-2.693742
-1.294899
-1.579079
-1.576532
-2.284256
-3.279323
-1.637773
-0.095248
0.795093
-2.184135
-2.495178
-0.246678
-0.999472
-1.257953
-0.612777
-2.020595
-1.658151
0.465853
-1.024818
-1.986060
0.551697
-1.376642
0.339711
0.487879
-0.314676
-1.966790
0.372269
0.412528
-0.042394
-3.147132
-3.463640
-0.199246
0.485734
-2.100300
-0.462813
0.929337
-0.336682
-1.445821
0.726069
-0.670799
-0.325621
-1.751037
-1.807127
-1.326101
-1.470554
0.088293
-2.456954
0.652095
0.702994
0.780828
-0.071835
-2.023754
-2.404988
-0.765730
-1.618586
-2.818290
-0.406409
-0.506160
0.479854
-0.049388
-0.449775
-0.336039
-3.574935
-0.910196
-1.513770
-0.294889
0.062252
-1.479755
-0.248147
0.468539
0.567282
-2.794882
-1.921954
0.501760
-1.273992
0.749762
-1.324325
-2.410487
-2.017174
-0.335397
-2.122742
-2.339047
0.935160
-0.852806
-1.381434
-0.526118
0.117452
-2.680497
-3.295611
-1.539242
-2.517963
-0.221910
-2.072172
0.726765
-1.295436
-2.581108
-1.141060
0.467645
-0.075900
-1.028189
-0.336361
0.467645
-0.568612
-0.435278
-0.335717
-1.366670
-1.119224
-1.977817
-0.206944
0.217166
0.730246
0.463081
0.468091
-0.075755
-1.088706
0.468361
-0.470387
0.465853
0.728158
-0.165001
0.726069
-0.335717
-0.486410
0.092949
-0.449837
0.203933
-0.388059
0.465407
0.467196
-0.075828
0.467196
-0.903527
-0.676556
-0.976805
-1.367147
-0.955378
-2.074030
-0.280397
-2.067815
-2.215780
-1.355725
0.730943
-0.917228
-1.532169
-1.512933
0.466749
-0.733836
-1.006667
0.726069
-2.116428
-0.890796
-1.421672
-1.045473
-0.990438
0.727462
-0.706538
0.404187
-0.616412
-2.369346
-1.036997
-0.843457
-1.211218
-0.854510
-0.922280
-1.043715
-0.313191
-1.607219
-0.779777
-1.015119
-0.508933
-0.711728
-0.165490
0.217867
-0.334190
0.861579
0.412993
-0.848233
-2.116261
-2.338610
-3.739583
-0.990490
0.725371
-3.633931
0.468539
-0.647452
-0.750238
-1.042729
0.487701
-2.171846
0.048295
-0.684109
-2.020890
0.727462
-0.134434
0.227503
0.294750
-2.442317
-2.459539
-0.622072
-0.526172
-2.050783
0.008364
-0.548838
-1.553179
-0.265910
-1.031345
-2.045250
-3.783308
-2.705791
1.210998
-0.219649
-0.740902
0.607781
-1.067608
-2.847135
-3.630924
-3.496789
-1.184792
-3.142627
-0.948460
0.766177
-1.436084
-1.258972
-0.436759
1.515842
-0.336361
-0.952319
-0.710005
-1.287207
0.726765
0.280376
-1.209688
-1.895071
-0.874350
-3.441998
-2.400842
-0.979144
-1.524366
-0.758538
-3.856431
-0.823566
0.724676
-3.566878
-1.587958
-0.680086
0.728158
-3.526970
-3.030779
-0.335397
-0.432201
0.506459
0.729549
0.727462
0.728854
-0.075973
-0.028889
0.653954
-1.207233
-0.334111
-0.335075
-2.937324
0.129188
-0.476612
-3.041982
0.466300
-1.917004
-2.907670
0.726069
-2.081461
0.451310
-0.922887
-2.895986
0.751670
0.728158
-0.813029
-1.409296
-0.075828
-3.884444
0.466749
-0.008272
-0.359286
-0.771783
0.088122
-0.336361
0.729549
0.133766
-1.125588
-2.027459
-0.335717
0.726765
-0.083686
0.068034
-0.910422
-1.431779
-1.460071
0.057567
-0.202452
-1.362176
-2.634329
-1.469170
0.467645
0.497411
-1.365875
0.729549
-0.124048
0.728158
-0.422719
-1.585338
-0.076119
-0.570183
-2.080451
-0.976312
-2.139449
-2.611329
-0.830642
-0.708326
-2.197564
0.723981
-2.246573
-2.570045
-1.165751
-0.317567
-0.020477
-2.588911
-1.136199
-0.341139
0.214092
0.468091
0.467645
0.371907
-1.786100
-1.679830
-0.533263
0.730943
-1.283906
-0.674357
-1.388687
0.646681
-2.365369
-1.092296
-1.056518
-1.681333
-1.094157
0.253813
-0.976026
-1.935242
-1.157769
-0.920341
-2.228582
-0.274404
0.138818
-0.963556
0.408777
-1.556177
-0.335717
-1.037166
-2.484441
-1.657390
-1.193298
-0.075755
-1.522883
-0.784983
-0.707484
0.138737
-1.409319
-0.268561
0.172133
-0.642668
-1.911977
-2.720610
1.245735
-3.738521
-0.793160
-0.268821
-1.744350
-0.966826
0.111216
-1.406492
0.566847
-0.948456
-3.382334
-0.947148
-3.051797
-2.483213
-0.876975
0.310159
-2.612066
-3.000347
-1.016838
-2.204425
-0.715351
0.112361
-1.618902
0.728854
-0.661216
0.751626
0.402933
-0.983145
0.726765
-1.068616
-2.105505
-1.603110
-0.471995
-4.100477
-1.276936
-0.682831
-1.369559
-1.442786
0.728854
-3.963352
0.468986
1.413229
1.107917
0.467645
-1.380903
0.489400
-0.334434
-1.905443
-1.488654
-0.116632
-0.335397
-0.722242
0.729549
-1.479420
0.009745
0.511859
-0.926830
-0.334755
0.889518
-1.573807
-0.093084
0.995511
0.934265
0.087954
-2.979020
0.628127
0.468091
-2.686007
-0.847939
-0.075973
-1.982212
-1.051886
-0.440902
-0.076046
-1.011694
0.144230
0.454394
-0.403064
0.240253
-1.282872
-0.179125
-0.334111
-1.887425
-0.986772
-3.802602
-1.034560
0.083963
-0.936499
-2.414687
0.234211
-0.962938
-2.037466
-2.276109
-1.744611
-2.274971
0.723981
0.165680
-1.234027
-0.745170
-0.412008
-0.306933
0.656466
-1.648205
-2.574498
0.728158
-0.473423
-0.336361
-2.094470
-0.917347
-2.081839
-3.338744
0.417487
-2.963065
-1.103567
-1.124171
0.967487
-0.337003
-1.076831
-0.909351
-0.696036
0.438766
-1.125542
0.551758
0.467196
-1.363305
-0.775737
0.624074
-1.073104
-3.379807
0.583343
-0.659204
-0.956524
-1.036059
-2.089800
-0.726891
-1.315017
-3.212162
0.468091
-1.370265
-1.511076
-0.075900
0.083109
-2.206329
-0.743231
-1.516576
-1.414347
-1.981337
0.468539
-2.634017
-1.867143
1.358187
-1.180635
-0.512179
-2.705166
-1.022398
-1.815835
-0.585723
-0.639070
0.917226
-1.098439
-1.131913
-1.243628
0.354258
-0.103414
-0.075611
-0.419309
-1.735254
-0.522565
-0.328698
-0.479082
-1.793043
-0.937378
-1.409686
-0.134068
-1.150377
-1.672687
0.280641
-2.280189
-0.360410
-0.844140
-1.600709
-0.301558
0.087602
-1.776717
0.726765
0.451640
-2.184212
-0.162838
-1.188609
-0.995181
-2.685971
-1.083605
-2.805830
-1.402530
0.726765
0.280149
0.459462
-1.706873
0.623801
0.726765
0.467196
-2.125918
0.726765
0.115438
-1.456250
-3.089664
-0.075828
-0.801166
-1.746709
-2.539281
-0.910645
-1.767850
-1.772021
-0.982698
0.728854
-2.012495
-2.478719
-0.194903
-0.032671
-0.028301
-0.481378
0.468091
-1.758164
0.771579
-0.601016
-0.263440
0.726069
-2.457680
0.728158
-0.335397
0.469434
0.730246
-0.546401
-0.865962
-0.335397
-0.513691
-0.573962
0.466300
-1.755434
-1.715306
-1.067182
-0.334755
-1.112154
-3.309693
1.387529
-0.155873
-0.856705
0.942117
-2.430430
-1.328261
-1.237736
-0.596630
-0.553869
-1.609869
1.210085
-2.012047
-2.177903
-3.708770
-0.335397
-3.310565
-0.612211
-0.076119
-1.162339
0.218023
-0.062166
-2.055793
-0.784135
-3.198840
-2.442146
0.394978
-1.285072
-0.376374
-2.061803
0.727462
-0.156967
-0.031709
0.038104
-2.118864
0.046131
-1.380677
-0.632430
0.454218
-2.594124
0.001304
0.578859
-0.988588
-2.126475
-1.988864
0.377884
-0.206598
-1.579844
-2.192909
-3.357465
0.468539
-0.969837
-1.643891
-2.506470
-1.087414
-0.402241
-0.681270
-1.746441
0.742395
-0.350076
-0.635932
-1.142341
-0.573753
1.012463
-1.118282
0.466749
0.918016
0.729549
-1.129608
-4.042133
-1.553446
-2.560167
-1.600328
1.390154
-1.198354
0.729549
-1.630990
-1.159995
-1.130589
-0.227973
-0.249075
1.529449
-1.773390
-0.736646
-2.207346
0.053518
0.390085
-0.137740
-0.594888
0.467645
-0.280522
0.359192
-1.053224
-4.342694
-0.088634
-2.637996
-2.256554
-1.205094
0.008423
-1.585486
0.685685
-0.455628
-1.069015
0.824900
-0.974959
-1.012037
-1.142067
-1.150323
1.012068
-0.114242
-0.831328
0.205714
-1.403725
-1.371871
1.437495
-0.643468
-1.492004
-0.382390
-0.774697
0.103370
0.542994
-0.075755
-0.782176
-2.248022
-0.652895
-2.540479
-0.880567
0.042541
-1.518496
0.117044
-0.388526
-1.364770
0.431149
0.999788
-0.413146
-0.320137
-0.626725
1.308496
-0.498524
0.485252
0.181468
-3.038698
-0.770572
-3.630867
-0.898465
-1.110593
-1.897791
-1.275193
-2.403498
-0.768303
-1.820184
1.292145
-2.692065
-0.977307
0.075109
-0.075973
0.723981
-0.783921
-1.307192
-1.824517
0.083837
0.913211
0.722587
0.050730
-0.446354
-0.333789
-1.839746
-0.228780
-0.770688
-0.556082
-0.262044
0.436274
-0.913785
-0.742057
-1.058442
-1.334921
-0.244879
-2.049272
-0.642995
-4.181457
-0.655796
-1.811816
-0.168307
0.726765
-1.495792
0.726069
-0.336361
-0.196800
-1.636335
0.468091
0.726765
-0.745499
0.350510
-0.075536
0.855366
0.728158
-0.336361
-0.075684
0.517786
-0.912082
-2.284912
-2.287086
-1.476421
-0.418030
-0.075973
-0.245707
0.891226
-0.994963
0.469882
0.726069
0.189567
-1.183343
-1.469123
-3.728789
0.726765
-0.075684
-0.124889
-0.334755
0.592255
-0.849934
-2.432697
0.820657
0.728854
0.337002
0.469882
-2.151264
-0.899183
-0.075828
0.727462
0.724676
0.467196
-1.629312
-2.384298
0.467196
-1.815764
-0.311518
-0.369024
-1.954829
0.726765
-2.268214
-0.296845
-3.571775
-2.214876
-2.786329
-0.523916
-0.760341
0.728158
-0.500396
-0.724901
-0.959637
0.727462
-0.076191
-2.187025
-1.401384
-2.907393
-1.831756
0.726765
-0.076119
-1.342299
0.037365
-2.524964
-0.626848
0.728854
-1.939263
-2.091902
-0.417641
-0.363442
0.728854
-1.487151
-0.075393
-0.315455
-2.400663
-0.829414
-0.472801
-2.476196
-1.956608
-0.623466
-0.206882
-0.907105
-1.455811
-0.568117
0.840046
-1.104269
0.726765
-0.513234
-1.377234
-0.451628
-1.651878
-0.542636
-1.343600
0.885248
0.346289
-2.530491
-1.230738
-2.250303
-1.343558
0.751607
0.726765
-2.004438
-1.084368
-1.524685
-1.123871
-1.294715
-2.158142
0.467645
0.467196
-3.007706
0.024745
-2.895994
1.920215
0.821903
-0.634472
-3.330261
-1.903806
-0.239409
-0.329119
-0.496799
-1.329120
-0.317410
1.580601
-1.367088
-0.426241
-0.331987
-3.546753
-2.165289
-1.087232
-0.350897
-0.216898
-0.794655
-2.435934
-0.780692
0.466749
1.633350
-0.585529
0.634778
-1.070186
-1.635425
-0.475743
-0.957505
-0.496396
-0.912125
0.727462
-2.611159
-0.424021
-1.698943
-1.767738
0.013372
0.403648
0.467645
-1.611546
0.725371
-1.522187
-0.676434
-0.638389
-3.231311
-0.316533
-3.736767
0.441490
-0.578103
0.298021
-0.497354
-1.328947
-0.268908
-0.444421
-0.485642
-0.943710
0.762178
0.727462
-1.616761
0.349565
0.034874
-0.335397
-1.734660
-0.142238
-1.050235
-1.170954
0.088633
-0.216048
-0.507633
-0.760665
1.693933
0.788880
-1.632776
-0.881983
0.769625
0.726069
-2.396936
-4.148206
-1.347497
-4.920369
-1.905769
0.458542
-0.824205
0.726765
-0.401165
0.129449
-3.320324
-2.224697
-0.295079
-2.852954
0.728158
-1.986664
-1.461584
-2.478533
-2.684194
-1.815188
-2.043457
-0.950481
0.769718
-1.065265
-1.228149
-0.759038
-1.207961
-2.968278
-0.535489
0.550676
0.470776
0.730943
-0.335397
0.469882
-0.729145
-0.161358
0.726069
-0.075900
-0.076046
-0.267197
-0.335075
0.466300
-0.335717
0.466749
-1.886485
-1.646735
-1.099422
0.467196
-1.580519
0.155517
1.294596
-0.605693
-0.156096
-0.075900
-1.062752
-0.075900
0.728158
0.465853
-0.315478
-0.533089
-2.958713
0.725371
-2.428359
-2.999901
0.728158
-0.336682
0.728158
0.468986
-0.747921
0.935663
0.728158
-2.951126
0.853085
0.518778
0.727462
0.727462
-1.422449
-2.663621
-2.193558
-5.091436
-0.064659
-1.739207
-0.335397
-0.974639
0.728158
-0.481881
-1.409620
0.728854
-0.820631
-0.270597
-1.849061
-1.192788
1.014009
-0.076046
0.724676
-1.128535
-0.415925
-2.693946
-0.541597
-2.953983
0.728854
0.729549
-1.058980
-2.092187
0.725371
-2.054587
-2.359065
-2.304282
0.728649
0.726765
-0.577881
-0.334111
-0.470551
-1.293793
0.264649
-0.594847
-2.495374
-3.389029
-2.259204
-2.676144
-0.335717
-0.092543
-1.692977
-0.733332
0.477150
-1.625771
0.652235
-0.806833
-0.863882
-2.419225
-2.059798
-0.336361
0.727462
-0.076119
-0.761957
-2.391679
-0.336682
-0.075611
-1.813022
-1.467164
0.010353
0.674541
-2.843825
-0.925162
-1.157922
-0.704679
-0.340963
-0.116776
-0.419688
0.468539
-1.650317
-2.348308
-2.947111
-0.496496
0.082088
0.887870
-1.924886
-1.219426
1.260495
0.458467
-1.801013
-2.531397
-0.072741
-0.397222
-0.348967
-0.681372
-1.748578
-0.334434
-0.302467
-1.947593
-0.482654
0.485209
-0.148534
-2.053788
-0.821596
0.890626
0.725371
-1.578999
0.730246
-1.206477
-0.937183
-2.289619
-0.059135
-0.628746
-0.342322
-4.090475
-1.798537
1.001915
-2.178816
-1.990159
0.079627
-0.681931
-0.970289
-1.705844
0.348577
-1.642038
-2.842872
-1.466126
0.467196
-0.075973
-1.764872
-2.032662
-1.308241
0.727462
-0.953482
-0.170932
-0.975746
-2.943892
-1.332847
-1.664894
-1.024497
-0.522586
0.845426
-2.970317
-1.152624
-0.551306
-0.491464
-1.094923
-1.182337
-2.464595
0.726765
-1.450529
-0.408769
-0.985467
0.468539
-0.063703
-1.384330
0.725371
0.503161
-1.412387
-1.402209
-0.650195
0.478150
0.057810
0.930909
-1.433097
-0.227940
-1.499320
-0.009356
-0.440228
-0.893495
0.141011
0.429382
0.152033
-1.923061
-0.584252
-0.076335
0.465853
-0.076046
0.555563
0.490415
-2.821622
-1.924497
-1.405107
-1.414613
-0.190198
-1.814828
-3.331254
-0.319494
-0.075900
-0.511575
-2.089855
0.467645
-0.335075
-2.311320
-1.892958
0.467196
-1.565818
0.467645
-0.732067
-2.984820
0.469882
0.464170
0.728158
-1.342299
0.238246
-0.424265
-1.989199
0.468986
-2.058095
-1.339700
0.951791
-0.075828
-0.075755
-3.299242
-0.075684
0.728158
0.726765
-0.091732
-0.742504
-1.609570
-0.364311
-0.072851
0.725371
0.456867
-2.586813
-0.770750
-0.025627
0.348711
-2.032842
-1.538198
-2.562799
-2.155722
0.726765
0.466749
0.468986
-2.703006
-0.235777
0.241567
-3.253959
0.723285
0.596175
0.724676
-0.660318
0.724676
1.873209
-1.810602
-2.183408
0.327688
-3.006921
0.466749
0.332940
-0.560228
-0.075828
-0.314194
-1.647130
-0.319494
-2.328311
-4.560695
-1.165574
-1.816045
0.325330
-0.327653
-0.225199
-1.434008
0.889518
-1.609708
-1.964006
-0.672305
0.442401
1.315731
-0.076046
-0.582484
-1.224573
0.728158
-2.829481
-1.405684
-0.390520
-0.766250
-0.914815
-0.834470
-1.405326
0.730246
0.708492
0.523041
-1.394689
-2.019474
0.423238
-3.320839
-0.851557
-1.451157
-0.700384
-1.919063
-0.334331
0.465853
0.728854
0.726765
-1.234137
-1.648270
-0.757335
-2.508674
0.727462
-2.026609
-2.189497
-1.336019
-1.595394
0.728854
0.070891
-0.580041
-2.407675
-0.337323
-0.329999
-1.990660
-0.983736
0.866535
-1.577736
-0.072744
-0.429497
0.577825
-2.014848
-1.817177
0.723981
-0.149137
-0.929711
-0.331751
-1.064306
-2.743360
-2.606430
-0.632231
-0.436100
-1.963260
-2.275304
-2.015660
-0.999388
-1.403438
-2.529000
0.048356
-1.921277
0.467645
-0.466533
-0.260613
-0.622583
-1.635203
-1.608461
0.726069
-0.820548
-0.059874
-1.204055
-1.564362
-2.000992
-1.251811
-0.335075
-2.126460
0.725371
1.438254
-0.491895
-2.896682
-2.179560
-0.195268
0.404576
-0.972659
-1.999532
-0.901383
-1.091232
-2.260693
0.212804
-2.503520
-2.821550
-2.236868
-0.817440
-0.162130
-1.749144
-1.214631
-0.586041
-2.527279
-1.812154
-2.402530
0.542939
-0.335075
0.021288
-0.645588
-1.658655
-2.889180
-2.524029
-2.471563
-1.100285
-2.369064
-0.008523
0.467196
0.728854
-3.227835
-0.915792
-3.059217
-2.739460
-1.162084
-2.436823
-1.467305
-3.455245
-2.164984
-0.300945
-0.899091
-1.888164
-0.867455
-0.549356
-0.825078
-1.752751
-0.732036
-0.560707
-1.730722
-3.465196
-1.970520
-2.218802
-0.001656
-1.090498
0.468091
-1.155537
-2.187363
-1.849998
-1.425977
0.726765
0.350752
-3.447210
-4.120175
-1.014618
-0.722786
-0.566842
-0.577280
-2.439803
-0.508010
-1.907636
-2.996613
-0.336039
-0.076046
-3.258479
-1.548792
0.466300
-2.036410
-2.505369
-2.486732
0.724676
-1.377645
-3.691401
0.088037
-2.410010
-1.440735
-2.486075
-1.156040
-0.334755
-0.076119
-0.075828
-0.241316
-3.245682
-0.144073
-0.075900
-1.710296
-0.336361
-0.076046
0.726765
-0.185634
-0.607380
-1.444340
-3.121438
-0.401470
-1.494691
0.553688
-1.563434
-1.176442
-2.271731
-0.864190
0.726765
0.726069
-0.429368
-0.336039
-0.648822
-0.336039
-0.652652
-0.179980
-1.590170
-0.858026
-1.687069
-1.976838
-2.715676
-0.393188
0.727462
0.466300
-1.084664
-0.336361
-0.688119
0.467196
-1.103281
-2.018624
-0.261071
0.728854
0.466749
0.729549
0.727462
-0.311463
0.730246
-1.339851
-2.281465
-0.158786
-1.874326
-1.274479
-2.091193
0.467645
-0.088394
0.088377
-1.387723
-1.737314
-1.411264
-1.659138
-0.277950
-0.162257
0.293082
0.888664
0.728158
-0.133807
-1.582775
0.675298
0.728854
-4.549573
-2.580685
-1.310478
-0.075900
-0.029428
1.701728
-0.790672
-0.335717
-1.977541
-1.657052
-0.319977
-1.617972
-0.330489
0.727462
-1.608919
0.451980
-1.033905
-0.503737
0.726765
0.695437
0.075011
-1.006845
-0.034306
0.727462
-1.948166
0.287701
0.821032
-0.008541
0.728854
-1.419647
0.729549
0.466300
-0.321904
-1.292239
-0.716506
-2.120127
-0.166079
-3.418797
0.025698
-0.285441
-0.755948
0.725371
0.465853
-1.861388
0.467645
-0.075611
-2.055793
-0.075755
-0.914246
-1.272474
0.726069
-0.707288
-1.117728
-2.158370
0.726765
-1.450762
-0.300703
0.467645
-0.892514
0.070495
-1.749039
-2.451853
-1.267037
-0.569353
-3.238633
-3.315162
0.730246
-0.335397
-1.536201
-0.336039
-1.187445
-0.745831
-0.629426
-0.076046
-3.730460
-0.170117
-2.479413
-1.820880
-1.960202
-1.544922
-0.075900
-0.075611
-0.336682
-1.999653
-3.231833
-0.100807
-1.727720
-0.694627
-0.179319
0.727462
-1.475200
-0.965030
0.001604
0.110582
-0.862247
-2.296292
0.038277
0.637139
-2.712646
-2.313339
-3.066912
-2.863907
-1.127990
-2.581369
-1.392555
-0.464426
0.800634
0.723285
-0.817681
-1.898579
-2.082821
1.278394
0.469434
0.726765
-2.573914
1.292152
-0.606159
0.466759
-0.075828
1.136647
0.540730
0.464959
-0.741846
-0.782866
-1.364908
-1.113608
-0.377895
-1.635960
0.324375
-1.496372
0.466749
0.181929
-0.633329
-4.068601
0.468986
-0.406171
-0.386636
-2.701263
-1.260706
-1.404984
0.061288
-0.960132
-1.043769
0.393559
-0.931853
-0.462256
-1.783871
0.465366
-2.107568
0.043142
-2.192864
-0.746526
-2.024898
-0.695852
0.953585
0.999894
-1.667945
-2.725964
-0.577745
-0.769790
-1.720800
-2.124200
-0.593951
-1.951420
-1.783982
-1.215718
0.184587
-2.423411
-1.505222
-0.177059
-1.052021
-0.302031
-1.854921
-0.167967
0.088377
0.728158
-0.335075
0.728158
-0.388617
-1.207277
-2.979077
-2.014423
-1.599645
-0.915599
0.675251
-2.556191
-1.169046
-0.790482
-1.501509
-0.248310
-0.953567
-2.244906
-1.504791
0.400474
0.604944
-0.297447
-0.188111
-0.977256
-2.202477
-4.229504
-1.342657
-0.504883
-0.075755
-0.170772
-0.337323
-0.279610
-2.074805
-0.446377
-0.315576
-2.939050
-1.086664
-1.959054
-2.033237
-0.322065
-0.364718
-1.321866
-0.603894
-0.378295
-0.031991
-1.177894
-1.999821
-3.355244
-0.077781
1.174025
0.468091
0.726069
0.108615
0.087529
-1.629686
-0.834395
-0.436117
0.726069
-1.327129
0.468986
-0.539576
-0.529674
-0.789293
1.209653
-2.136662
-1.168445
-0.076263
-0.533102
-0.689265
-4.023826
0.466300
-1.574814
-0.467733
-0.336039
-2.999770
-0.075684
-0.671728
0.726069
-1.566850
0.929080
-2.854901
0.003556
-2.495301
-1.923692
-2.009764
-1.313847
-0.334434
-0.582300
-1.798125
-2.483865
-3.299609
0.726765
-0.807233
-0.378092
-0.075755
-0.075755
-2.264182
0.467196
-0.257829
-0.397791
0.582384
-0.040748
-1.699995
-0.075755
0.887811
0.468091
0.468091
-0.336361
0.469434
-2.050358
-1.663646
0.724676
-2.202632
-0.335717
-0.556051
0.556231
-1.231652
0.725371
-1.606742
-0.784323
-4.393985
-0.816167
0.464510
-0.042005
0.127526
-0.314996
-0.447463
-2.970317
-0.357215
0.674295
-0.336039
0.729549
-1.112036
-2.816578
0.730943
0.696484
0.766456
-0.336682
-0.839062
-1.240254
-3.369875
-2.853993
0.726765
-1.983086
0.723285
0.468539
-2.482444
-1.287695
-2.507996
-1.928812
-0.788351
-0.076046
-1.809030
-2.996423
-0.335717
-2.278160
-2.527714
-1.338326
-0.075900
-1.642906
-0.303913
-0.540180
-2.067815
1.404983
-1.348103
-1.014891
0.323959
-3.189417
-0.211972
-2.041108
-1.411103
-2.040388
-0.277023
-1.161148
0.400954
-1.338904
0.659912
0.105741
-0.335717
-0.337003
-2.606565
-1.822145
-0.663280
-1.639997
-0.249892
-1.239730
-1.587044
-2.070214
-0.849974
-0.400611
-1.207924
-0.853391
-1.018988
-0.669476
-0.335397
0.465853
0.847983
-0.898592
-1.584358
-0.599176
-0.942096
-0.742009
-0.543719
-0.302306
-0.525772
-3.874698
-0.789718
-0.930459
-0.190985
0.550393
-0.335397
-0.199819
-0.075973
0.531057
-3.282906
-1.262053
-1.280622
0.468091
0.458269
0.347400
0.199782
0.728854
-1.883700
-1.246381
0.613981
-0.962322
-1.597588
-1.815370
-2.583019
-1.163989
0.960045
-0.284127
-2.067815
0.396950
-0.822226
-1.173110
0.445714
-1.703077
0.728854
0.704195
-1.423885
-1.103422
-0.420970
0.989575
-1.656710
0.401768
-2.733609
0.735070
-0.800428
-3.253959
0.728158
-1.462419
0.726069
-3.440017
-2.115983
-0.102994
0.450193
0.468986
-0.612772
0.724676
-1.185655
-2.960771
-1.634931
-0.264709
-0.877350
-1.796958
-2.334121
0.121576
-0.432076
0.725371
-0.076191
-0.302127
-2.276815
0.468091
-0.335075
0.103378
-2.111243
-0.698077
-0.075536
-2.000693
-0.006356
0.366785
-1.985750
-0.580481
-0.273745
-0.315478
-0.866542
-2.025833
-0.596771
-2.208855
-1.793867
-1.342063
-2.265084
-1.030878
-0.072088
-1.986178
-0.583373
-2.275513
-0.075684
-2.216138
-1.933757
2.010411
-0.958556
0.632795
-1.927953
0.056080
-0.075900
-1.805668
-2.793746
-0.810071
-2.909728
-0.542242
0.238564
-0.665188
-1.860620
-1.326636
-0.563180
-2.034635
0.469434
0.726765
0.469434
-1.978894
-3.321886
-0.075828
-0.525167
-0.507218
-2.532362
-2.417026
-0.335075
-0.336039
-0.197754
-1.722337
-1.220727
-2.024381
0.729549
-0.242585
-0.828657
-1.509727
-0.074883
-0.701014
-1.435599
-0.979695
-0.540447
-0.904646
-0.612567
-1.904416
-0.335717
-0.697663
-0.876114
1.277033
-0.523404
-1.687304
-1.021250
-1.275829
-0.018289
-1.861311
-1.430454
-2.149495
-1.696035
-0.973009
0.813291
0.592164
-2.181807
0.594337
-2.519238
-0.675305
-0.244249
-1.337649
0.374477
-1.265912
-0.436511
-1.172934
-1.094562
0.777262
-3.273366
0.662667
-0.371401
0.278411
-0.443977
-1.308114
0.726069
-0.125844
0.967132
-1.395484
0.726069
-1.003286
0.729549
-0.752435
0.727462
0.213218
-1.468617
-1.571769
-1.845974
-2.684469
-1.431960
0.112449
-2.530712
-1.254353
-1.867762
-0.076119
0.247456
-1.143226
-1.728348
-0.561825
0.047034
-0.372614
0.468091
-0.334111
0.624993
-0.603253
0.728854
-0.166943
-1.273989
0.467196
-2.127449
0.768011
0.727462
0.726765
0.728158
-0.076119
-0.335075
-0.075828
-0.172668
-4.234960
-2.067815
-0.431578
0.467196
-1.286896
0.467196
-0.283476
-3.318651
-1.520526
-2.694750
-2.731200
0.567422
0.728158
0.465407
-0.442607
0.340050
-0.073577
-1.907786
-0.330899
0.933343
0.727462
-0.075900
-0.336039
0.466749
-0.916008
-0.247886
0.730246
-1.499469
0.466749
0.726069
-2.429690
0.723981
0.726069
0.468091
0.726765
-0.165928
-1.297052
-1.433792
-3.608989
-2.551098
0.662891
-1.347497
-1.950369
-0.075973
-0.075684
-2.432372
-0.335717
-2.103475
-2.024926
-2.616803
0.726765
0.726069
0.394069
-0.977266
-1.944011
-0.336039
-0.032622
0.040915
0.725371
0.725371
0.468539
0.467196
-2.383716
-0.076046
-1.299680
-0.321581
-0.335717
-2.011090
0.728158
0.570985
-3.055623
-0.565737
0.466749
-2.374439
-0.659012
-1.439143
-0.877537
-1.528095
-3.431550
-3.102991
-1.094615
-0.076046
-2.866963
-0.075684
-0.649973
0.594948
0.036348
-0.635567
0.724676
-2.323769
0.138155
-0.838061
-2.288105
-1.480104
-0.075755
-2.237535
-0.076046
-0.684845
0.468986
0.729549
-2.867909
-1.453875
-0.260009
-2.780719
-1.429891
0.726765
-2.134087
-2.477781
0.132545
-1.460315
-1.588320
-0.507005
-1.697452
-0.174404
0.484473
-0.632242
-1.398021
-1.483484
-0.488301
0.725371
-1.147926
-3.215249
-2.487218
-1.931770
0.468091
-0.075828
0.728854
-1.049629
0.727462
-0.172316
-0.509129
-1.994623
-0.075755
-0.593972
-0.654128
-0.500834
-0.335075
-1.663461
-0.422852
-0.592120
-1.438859
0.566246
-2.978531
0.607023
-2.346801
-0.336039
-2.334655
-0.988206
-0.697899
-0.167825
-0.349707
-0.617311
-2.337485
-2.097968
-1.187955
-2.942788
-1.655369
-1.594225
-0.259520
-0.197459
-0.607301
0.730246
1.138932
-1.573691
0.728158
0.071151
-1.152127
-0.845273
0.723981
-0.933057
-0.463793
0.467196
-0.051595
-2.378148
-2.041819
0.453099
-2.050155
-1.492095
0.334630
-0.207549
0.729549
-0.335397
-0.012425
-0.666394
-1.759070
-0.027260
-1.567648
0.727704
0.155914
-3.522307
-0.389332
-2.386719
-0.659525
-1.533637
-1.850292
-2.081839
-2.090901
-0.075828
-1.863890
-2.102969
-0.336682
-0.794278
0.725371
-0.829962
-1.498633
0.468091
-1.193008
2.721219
-0.498097
-2.262400
-1.970511
-1.939877
-1.183975
-1.248497
-1.907065
-0.337003
-0.075828
-0.637617
0.652962
-2.785145
-0.076119
-0.339588
0.018528
-0.533215
-1.509703
-1.146819
0.467645
1.052181
-0.658455
-1.729764
-0.094161
-1.168314
-0.626259
-0.671640
0.028739
0.466749
-1.657829
-0.096601
0.465853
-1.140198
-3.401636
-0.075611
-0.444328
-3.791851
0.725371
-1.040741
-0.552364
-1.257082
-0.266267
-3.298486
-1.931265
-1.413434
-1.931978
0.088548
-0.336039
-0.808631
-0.260858
-2.273046
-0.075536
-0.224540
-0.420562
-1.468799
-2.976510
-1.626785
-0.102121
0.728158
-0.580238
-1.617524
-0.553999
0.468091
0.728854
-0.667993
-1.244920
-1.580440
-2.146625
-1.775668
-0.075828
-0.690229
1.040835
-0.299269
-1.156837
-2.341659
-2.099304
-0.386585
-3.572098
-1.343313
-2.494141
-0.593049
-0.576951
-1.198490
-0.666219
-0.111696
1.036856
-2.465786
-0.413568
1.273959
-0.803776
-2.116424
-2.037914
-1.949439
-0.001827
-0.818052
-0.730722
-0.892318
-0.315961
0.728158
0.248682
-2.984251
-1.541186
0.983285
-0.584436
-2.723251
-0.512523
0.006325
-1.527061
-0.336361
-0.907801
-1.443598
-1.245998
-0.314210
-1.353199
-0.336039
-1.258116
0.729549
-2.529713
-0.116190
0.728854
0.729549
-0.320297
-0.243470
-0.913609
-2.539219
-0.107880
0.945632
-1.301146
0.294968
-1.014505
-0.075973
-2.554767
0.728854
-1.844863
-1.538331
-2.583823
-0.985126
-0.753439
-0.420562
0.886102
-1.158609
-0.076191
-2.031438
0.886102
0.727462
-0.903172
-0.658361
-0.964156
0.499815
0.728158
-1.271400
-1.205217
0.466749
-1.688140
-2.283518
-0.075973
-0.665713
-0.075755
0.297931
0.628545
-2.230732
-0.336682
-0.142195
-2.273632
-2.016311
-2.839669
-1.884230
-0.545510
-3.330267
0.729549
-0.609345
-2.493454
-0.387078
-0.076876
-0.581160
-2.673403
-0.434091
-0.597363
-3.359792
-1.212266
0.202946
-0.336361
-1.535146
-1.507044
0.326502
-1.939357
-2.234882
-0.498317
0.727462
-3.478458
0.727462
0.729549
-2.823565
-2.877105
0.730246
-1.287723
-1.543131
-1.030556
-3.908421
0.853009
0.727462
0.767197
-0.822029
-1.350630
0.137187
-1.185981
0.728854
-0.075755
0.730246
0.730246
-0.449377
0.468539
-1.896243
-0.037503
-1.342299
-0.075828
-1.625729
0.368290
-1.799870
0.037450
-0.061737
-0.335397
-0.335397
0.730943
-0.075828
0.469434
0.726069
0.436094
-0.302697
-0.482614
-1.140754
-1.341776
-2.014488
-2.390656
-1.011864
0.317216
-2.189054
-0.335075
0.728854
-0.704077
-2.569661
-0.524157
-1.847868
-0.184946
0.451757
0.701704
0.726069
1.645002
0.787148
-3.576074
0.331752
0.468091
-2.077833
0.597611
-0.075536
0.467196
0.728854
0.728854
-0.076263
0.727462
0.728854
0.728854
0.730246
-0.072160
-2.539837
-3.434212
-0.377695
-1.844274
-2.063807
-2.038250
0.726765
0.728158
-0.076046
0.724676
0.728158
-0.845459
0.466749
-0.918269
-0.637197
-0.171800
-1.668851
-0.076191
0.596421
-0.277125
-1.980793
0.726765
0.728158
1.983068
-0.073286
-0.865020
-0.075755
-0.072450
-1.104838
0.451757
-0.335717
-0.076046
-2.831750
-2.278117
-0.075973
-0.098074
-0.009492
0.091818
0.723981
0.728158
-1.007182
-0.810327
0.468539
0.726069
0.728158
0.620861
0.655610
-1.492861
0.124749
0.725371
-1.451178
-1.848691
-0.075973
-0.070417
0.728854
-0.888892
-1.431959
-1.915288
-0.318047
-2.992371
-0.442577
-2.610870
0.726765
-1.641106
-0.888622
0.727462
-0.336361
-0.124288
-0.075973
0.469434
0.728158
-0.334111
0.859337
-0.076409
-1.668831
0.727462
-2.073223
-0.396915
-1.663254
-0.075755
0.466749
-0.335717
-3.435764
0.085416
0.190237
-2.342623
-2.114564
-0.979387
0.724676
-3.368962
0.411318
-0.784023
0.726069
0.084685
-0.410363
-3.638353
-1.566454
0.726069
-2.056174
-0.551347
-1.924620
0.724676
0.726765
-1.432312
0.468091
-2.696439
-1.767993
-0.247085
-2.508936
-1.150270
-0.574950
0.730246
-2.439873
-0.547913
-2.136829
-0.334755
-3.325685
-0.337003
-0.336682
-0.441618
0.085849
0.467196
0.727462
-1.708706
-1.311958
0.726765
-0.335397
-1.747875
0.038566
0.342044
-1.766011
0.089109
-0.209061
0.022755
0.887811
0.007576
-0.924974
-1.454465
-0.421341
-1.589172
0.654990
-2.211681
-0.335717
0.285730
-1.426354
1.170237
-0.696240
-2.809395
-1.657979
-1.178394
-2.706930
-0.725406
-0.231100
-1.015898
1.197480
0.088377
-0.075755
-1.527520
-1.082562
-2.469354
-3.331589
0.729549
-0.365538
-2.562412
-0.075973
-2.439076
-0.337003
-0.509310
0.728158
0.406763
-1.824559
-0.076046
-1.244467
0.728854
2.112404
0.731639
-0.666935
-2.072644
0.205831
0.726765
-1.883753
-1.821242
-2.716037
-1.757613
-0.660636
-1.380562
-2.053788
-0.364095
-0.052519
-1.062620
-2.715496
-0.033618
-0.796234
-0.816248
-1.482998
-0.667521
-0.738966
-0.075755
-2.307398
-1.589277
-2.756836
-0.169955
-0.713150
-1.776507
-0.256232
-1.498206
-0.750494
-2.178835
-1.575435
0.649983
0.312695
0.608437
-0.343480
-0.733904
-1.641293
-0.192781
-1.382819
-2.581369
-0.959996
-1.100595
-0.611860
-2.080992
-1.727834
-1.921328
0.163827
0.886102
-1.522237
-3.696726
-1.891035
-2.074601
-2.377661
0.723981
-1.998159
0.465853
0.373808
-1.843598
-1.293262
-2.804230
-1.585941
-2.507398
-1.787634
-0.503737
-1.974211
0.728854
-1.190164
-0.805944
-2.465525
-2.067212
-1.310268
-0.172062
-2.090971
-1.258009
-1.837903
-0.368488
0.469882
0.724676
-1.110488
-1.141702
-1.818889
-0.380091
-0.124169
0.198354
-0.562605
0.196312
0.725371
-2.518800
-1.987838
-2.677225
-1.027146
-0.336039
-3.174222
-0.074229
-0.629306
-0.131031
-0.071862
0.470330
0.725371
-0.008450
-0.472461
-0.075973
-0.112919
-2.650203
-1.012059
-0.281633
0.674207
-0.246156
-1.769437
-1.269771
0.408776
-1.995292
0.443032
-2.454421
0.098055
-0.752382
0.409743
-1.423595
0.470330
-0.400662
-0.075973
-2.386598
-0.893804
-0.677667
-0.715733
-0.395597
-2.601847
-1.231919
-0.300380
-2.483891
0.653954
-1.532255
-0.335075
0.405354
-2.077092
0.477423
-0.584936
0.549284
0.448178
-2.049006
0.725371
-1.065108
-0.662352
-3.877373
-1.031653
-1.926861
-1.822596
-1.916755
-0.042528
-0.075828
-0.827399
0.664545
-0.075900
-1.413194
0.466300
-2.112029
-2.655655
-2.046454
-0.266431
-0.932012
-2.350953
-2.344398
-2.365232
0.324032
-1.704119
-1.803343
-1.083304
-2.440800
-3.449761
0.726069
-1.253448
-0.523573
-2.139014
-0.239853
-2.241905
-2.085839
0.732334
0.570528
-0.709556
-1.388927
0.452205
0.728854
-1.573384
-2.846624
-0.637104
-0.742789
-2.071822
-1.913342
0.407752
-0.130036
-2.491038
0.594594
-0.170446
-0.173102
0.729549
-1.280348
-0.260307
-0.353694
-0.357404
0.466508
-0.588224
-0.320888
0.468539
-3.005385
-2.569707
-0.335717
-0.075900
-2.526632
-1.814542
-1.337104
-0.075611
-0.413729
-2.508167
-0.050354
-1.722628
-1.477855
-0.966964
-2.763021
-1.769578
-1.228090
-2.154974
-1.406172
-1.725236
-2.847735
0.726765
0.725371
-1.952042
-1.501343
-2.033751
-1.634082
-2.477288
0.401524
0.269828
-1.077033
-0.836939
-1.162756
-0.674413
0.807027
-2.115590
0.467196
-1.967768
-1.231652
-1.125890
-1.528523
-1.819577
-0.075684
-2.447534
-0.811470
-2.410010
-1.209606
-0.095407
-1.506919
0.467196
0.727462
0.724676
-2.071822
-0.324313
-0.070966
0.726765
-0.166063
0.466749
0.727462
-0.075828
0.466749
0.467645
0.467196
0.728854
0.629841
0.343487
-0.751983
0.466749
-1.931297
0.729549
0.728854
-2.220417
0.725371
-1.080388
0.468539
-0.075828
0.467645
-0.141771
-2.236244
0.727462
0.467196
-1.390272
-0.075900
-0.071179
-0.984782
-0.336361
0.729549
-3.285218
-1.454853
-0.880567
0.728158
-1.475200
0.466749
0.726069
-2.608284
-2.079613
-0.641676
1.574890
0.727462
-0.738063
0.728854
-2.393650
-0.323670
0.466749
-1.469740
-1.348055
0.552862
0.450863
-0.075611
-0.172929
0.729549
0.403740
0.725371
-1.312499
0.729549
-2.299964
0.449295
-3.296009
0.726765
0.730246
-0.075684
-1.120191
-3.210796
0.728158
0.727462
-1.347203
-0.434440
-2.131042
0.470330
-0.314514
0.728158
-1.072207
-2.057796
-2.185343
-1.133139
-0.908766
-0.887014
-0.337003
-1.519524
-1.423069
-1.411075
0.466749
-3.446355
-1.428069
-0.758736
-1.543517
-2.768163
0.440794
-1.600942
-1.350096
-3.315416
-3.299242
-0.116773
-2.083843
-2.896388
-1.019540
0.728854
-0.334755
-0.337323
0.928791
0.887811
-1.345869
0.509971
-0.075755
0.487635
-1.332077
-1.553363
-0.075684
-1.152521
0.728158
-1.926710
-0.583958
-3.275181
-1.935090
0.467196
1.090371
-0.154401
0.726765
-0.554668
0.726765
0.466749
-2.158298
-0.504217
0.726765
0.208390
-0.117583
0.301491
-0.653579
-0.337003
-0.336361
0.455029
0.726069
-0.335717
-1.374184
0.728158
0.466749
1.196892
-0.452925
0.727462
0.562305
-2.410010
0.722587
-3.296009
-0.258935
0.468091
-0.075828
0.727462
0.730943
0.422936
-3.837264
0.466300
0.729549
-1.423885
1.301542
-2.955813
0.447505
0.088462
-2.501260
-2.094252
-2.384069
-0.334434
-0.888307
-1.122607
-2.057178
-2.621244
0.292076
-0.430502
-0.128209
-1.815849
-2.362222
-0.914306
-2.110295
-1.512929
-1.786488
-1.580950
-0.323347
-1.557309
-0.652884
-0.359443
-0.075393
-0.337323
-0.746911
-0.336361
-2.220114
-0.697030
0.658809
0.728158
-3.245332
-1.184391
0.723981
-1.329473
0.728854
0.728158
-0.400060
-2.542223
-0.949963
-0.438159
0.003526
-2.290449
-0.349806
-2.419362
-0.435033
-0.849157
-1.572394
-1.058303
-0.888455
-2.556160
0.728158
-2.504847
0.442359
-3.681314
-3.325118
-1.598955
-1.141022
-2.273868
0.728158
-2.057796
-0.008189
0.728158
0.927660
-0.764865
0.543226
-0.075755
-0.938699
-1.333655
-2.275941
-0.075755
-0.593364
-0.281453
0.728158
-0.018723
-0.075684
-1.229277
0.725371
-1.003912
0.342496
0.158917
-3.152072
-2.268923
0.727462
-0.432438
0.726765
-2.865208
0.723285
0.726765
-0.387811
-0.876475
-3.074831
-0.322226
-2.164981
0.088377
-0.075973
-0.335075
0.428995
0.469882
0.905938
-2.212909
0.481297
-1.151315
-1.828130
-1.263645
-0.271479
-0.539510
-0.075973
-0.336361
-1.388394
-3.761613
0.728158
-0.406965
-0.416129
-0.862532
0.551760
-1.293572
-0.697472
0.728854
-0.082684
0.466749
-4.593916
0.464062
-0.336361
-0.072052
-0.415979
-1.900442
-1.176556
-0.596771
0.608238
-0.336039
0.911374
-1.370054
-2.963065
0.139850
-1.175807
-0.792649
-1.589694
-0.161683
0.728854
-1.806941
-0.938104
0.389839
0.727462
-0.125487
-0.337003
0.454961
-1.357183
0.767245
-2.334699
0.797097
-0.075755
-1.487040
-2.428068
-0.075900
0.726765
-0.070850
-1.485227
0.552035
0.725371
0.468091
-1.108326
-2.748413
-0.076191
-1.809511
0.449932
-0.228253
0.468539
-0.986243
-0.134034
-2.000420
0.467645
-0.260719
-0.259449
-1.639325
-2.661678
0.469434
-1.334975
-1.768961
-1.329467
0.788317
-0.747018
-0.959904
-2.543177
-2.280477
-2.598115
-0.860365
-1.413911
0.078344
-0.075684
-4.063771
-0.972197
1.387380
-1.722830
-1.067220
0.726069
0.124299
0.726765
-1.854654
-1.574105
0.726069
1.421365
-3.529748
-0.160608
0.726765
-0.198841
-0.725817
-1.890296
-0.526014
-0.336361
-0.758658
-2.138740
-1.544264
-2.479027
-0.280794
-2.987026
0.568590
-0.595541
-0.478771
-0.978474
0.467645
-1.588101
-0.988205
-2.038271
0.724676
-0.814065
-0.611947
-0.667434
-2.437521
-2.757882
-3.040150
-0.272262
-0.710150
0.727462
-0.457228
-1.422449
0.728854
-1.926105
0.726069
-1.689624
-1.024043
-1.470053
-0.947945
0.605269
-2.001297
-1.233185
-2.159544
-1.570860
-1.912849
-0.612256
-0.337003
0.142989
-2.806973
-2.069818
-0.786376
-0.030241
-1.825638
0.729549
-2.118073
0.511859
-1.269470
-3.507505
-0.679719
0.726069
-1.556261
-0.775605
-0.336361
-0.138239
-2.106786
-0.022864
-2.453633
0.727462
-3.237932
0.535654
-0.688286
-2.116900
-2.452512
0.886958
0.088462
-0.335397
0.658919
-2.581474
-2.600893
-0.588100
-1.715691
-0.876422
-2.092766
-2.189260
-1.903806
-1.091586
-1.087502
-1.540318
-0.646893
-1.655563
-0.423542
-1.209788
-2.930602
0.728854
-2.107862
-0.466008
-1.525778
-2.261637
0.096941
0.669154
-0.839927
-2.709096
-1.257016
-1.698325
-1.092090
-1.224247
0.726069
-0.075536
-0.770689
-1.091897
-1.598838
-2.049781
-1.356748
0.728158
-1.382914
-1.945289
-2.408509
-1.571167
-0.377217
-0.701075
-1.982274
-2.245554
0.467645
-3.624752
0.653954
0.468539
-1.957633
-1.255788
-1.519417
-0.072741
0.362289
-0.910575
-0.652331
0.808401
-0.321742
0.679931
-2.489736
-1.855893
-0.418147
-4.777449
0.726765
-1.279757
-1.327629
-2.405337
-0.170339
0.594934
0.726069
-0.610399
-2.649262
-2.313557
-1.417933
-0.695988
-0.947650
-0.212195
0.725371
-2.509107
-0.087116
-0.299490
-1.181219
0.726069
-2.504932
-0.308314
-1.756064
-2.458176
-2.474190
0.513915
0.727462
0.354074
-1.024688
-2.529636
-1.382738
-0.960029
-1.907407
-0.317729
-2.407675
-1.231652
-0.076119
-1.297069
-1.325644
-0.809505
-0.601315
-0.066895
-1.354324
-1.234027
-0.303913
-3.711590
-2.067815
0.727462
-0.008264
-0.887365
0.468091
-0.161955
-2.240449
-0.281923
-2.580903
0.729549
-0.580500
-0.075828
0.465604
-0.933696
0.338355
0.467196
-0.075900
-0.335075
-0.555892
-0.170609
0.728158
-2.237458
-0.075755
0.726069
-2.622462
-0.072196
0.393466
-0.075973
-0.075900
0.468539
-2.069818
-2.306199
0.467645
-0.336361
-0.336361
-0.170446
0.466300
-0.075828
-2.073825
0.467196
0.468091
-2.859247
0.725371
-2.212147
0.728158
0.466749
0.727462
-1.160343
0.569431
-0.993713
-0.075900
0.729549
0.721890
0.888664
-1.924660
-1.461951
0.728158
-0.075973
-0.076191
0.728854
-0.464755
-0.970689
-0.075755
-0.432438
-1.528493
-1.262054
1.025389
0.044799
0.465407
-3.325118
-0.173277
0.730246
-3.357145
0.467196
-1.443596
0.260110
-0.075611
0.468539
0.727462
0.731639
0.729549
-0.356867
-1.312484
-1.013627
0.467645
-1.988776
-2.104601
0.729549
-2.582485
0.469434
-1.070802
0.728158
-0.076046
-1.757912
-3.315416
-0.076191
0.403136
0.728854
-0.670737
-0.443977
0.727462
-0.336039
-0.190153
0.726069
-3.318378
-2.479027
-2.678626
-0.736897
0.515049
0.726069
0.729549
0.674053
-0.319977
0.725371
0.469434
0.468091
-0.336361
-1.840282
-1.749511
0.726069
0.729549
-0.091127
0.466749
0.725371
-0.075611
0.726069
-0.335075
0.726765
-0.029977
0.553965
-1.664004
0.467196
-0.335717
1.416359
-0.076046
-1.991845
0.787148
0.467645
-0.747905
-0.075900
0.468986
-1.501499
-0.335397
-0.336682
-0.375668
0.449966
-2.573926
0.466300
0.467196
-0.075828
-0.075536
-0.075755
-0.544709
-2.279104
0.726069
-0.956248
-2.943048
0.726765
-0.075247
0.728158
0.728158
0.468986
-0.876019
-1.231950
-0.908107
-0.578776
-2.175336
0.467196
-1.025800
-0.076046
-0.382525
0.372185
-0.411793
-2.692412
-2.224754
-3.032588
-1.977174
-2.979020
-1.491120
-0.296166
-2.537035
-1.437095
-0.502929
-0.075755
0.727462
-2.657171
-0.316924
-0.075684
-0.742725
-0.561729
0.519170
0.468091
-0.336039
0.265572
-0.334434
0.726765
0.827866
-0.076046
-1.242354
-0.565252
-0.335075
0.725371
-0.336039
0.103997
0.467645
0.723981
0.555340
-1.534741
-0.076046
-0.337003
-0.072525
-0.076046
0.199549
-0.335397
-1.844548
-0.075684
0.387019
-0.033632
-1.991674
-1.188972
-0.075973
0.619080
-2.462096
-3.463682
-1.414790
-2.448759
-0.506082
-0.743786
-0.337323
-3.134441
0.726765
-1.879840
-3.269062
0.774126
-2.175067
-0.878083
0.729549
0.584813
-2.318735
-1.743747
0.449295
0.430885
-0.085891
0.621487
-1.300571
0.467645
-0.453728
0.664246
0.194495
0.725371
-4.485591
-2.399683
-0.569532
0.729549
-2.055682
-1.427145
0.467645
-0.076138
-3.265390
-0.076119
0.726765
0.549284
-2.097888
-0.224291
-3.251758
-2.437900
0.448848
-1.276855
0.659141
0.729549
0.726069
-3.279835
-1.469815
0.729549
-2.417026
-1.617837
0.726765
0.728158
-2.510168
0.467645
-1.620415
-0.336361
-1.690987
-1.380684
-2.077833
-1.729327
-1.255590
-3.641993
0.617574
0.008601
0.728854
0.728854
0.721890
0.583104
-0.241955
-2.402998
-0.315317
-0.336039
-2.680063
-1.235215
-2.082808
0.726765
-1.459712
-4.103737
-2.441222
-0.076119
-1.209599
-2.266623
-3.540456
-0.325500
-0.186190
0.469882
0.469882
0.449072
-0.075755
0.084854
-1.266383
-0.334111
0.013240
-0.334434
-1.015988
-2.574993
-1.379623
-1.904624
-1.844188
-2.058401
-1.887019
-1.600866
-2.886889
-0.170281
-0.792851
0.445044
0.406359
0.103396
-2.557138
-1.403395
-1.095423
-0.335075
-0.819352
-0.076119
-0.961479
-1.472314
0.449072
0.466749
-0.895432
-2.585257
0.726069
-2.541355
-2.050743
-2.056449
-3.010924
0.727462
-0.330120
-0.761044
0.726765
0.176180
0.551486
-2.582645
0.729549
0.728158
-1.566953
-0.009732
-1.315079
-1.151870
-0.912176
-1.370784
-0.336361
0.465853
-2.865986
-0.076263
-0.337087
-1.111685
0.631052
-0.940289
-1.900505
0.794574
0.141844
-0.008517
-3.136514
-1.867840
-0.352553
-0.072814
-0.334755
-1.962591
-1.060433
0.727462
-1.288652
-3.248417
-1.457601
-0.758640
-0.584866
0.137715
-0.076335
0.448178
-2.059798
-1.339650
-0.540563
-0.702368
0.529145
0.698571
-1.165746
-1.647951
-1.915086
0.845757
-1.374365
-0.481394
0.729549
-0.725281
0.285447
-0.808440
-1.689814
-0.525516
-2.327724
-0.835449
-0.295606
-0.600010
-1.326472
-1.492115
-0.363346
-0.161111
-1.816537
-0.730577
-0.686543
-0.825919
0.467645
-2.979048
-1.576527
-0.900882
-3.300861
-1.567074
-0.762874
0.084004
-0.071978
-2.055793
-2.537029
-1.273211
-0.954741
-1.301728
-0.335684
-0.334434
-0.584741
-1.842274
-1.876852
-0.742106
-0.085720
-0.473296
-3.873253
-1.689265
-2.707181
0.725371
-1.741613
-2.059469
0.728158
-0.075684
-1.318065
0.726069
-1.266375
0.350743
-1.405435
-0.764865
0.725371
-0.167088
-2.930084
-1.278252
-0.960253
-0.698282
-0.529476
-0.299480
-0.597393
-2.689905
-2.290583
-4.027119
-1.439665
0.088209
-2.211923
-2.159263
-0.513002
-1.696784
-0.336039
0.510316
-1.970153
-1.067878
-0.454087
-1.197010
-1.195071
-0.717122
-1.703438
-0.336039
0.397823
-0.613539
-1.101700
-1.021593
-1.354437
-3.302478
-1.977348
-1.464116
-0.586404
-2.077833
-2.436907
-1.308571
-2.368736
-0.947356
-1.357676
-0.071068
-1.328129
-1.524065
0.467196
-2.852397
-0.180652
-1.576822
-2.248699
-2.754516
0.724676
-0.075973
-1.541834
-0.374997
-0.306162
0.728854
-1.693772
-0.339717
-1.143221
0.465853
0.456953
-1.228675
0.726069
0.728854
-1.595166
-0.242520
0.193509
-0.616504
-0.071962
0.728854
-0.076119
0.371496
-0.335075
-2.902731
0.460036
-0.336361
-0.142039
-0.075973
-1.584640
-1.622503
-3.975823
0.543145
0.726765
-0.962180
-0.372922
-1.527365
-2.028559
-3.038414
-1.746434
-1.193550
-2.419362
-3.963352
-1.351429
-1.008081
-0.314675
-1.388053
-1.815020
-2.410250
0.730246
-0.761798
-2.213420
0.585133
0.726069
0.209462
-1.916171
-2.079836
1.238897
0.725371
-2.003474
-1.465641
-0.419288
-0.500352
-2.063807
-1.796872
-1.989177
0.726069
-4.612786
0.815489
0.726069
-0.323029
0.642755
-1.908658
-2.414687
-2.400418
-2.424477
-2.984820
-0.755758
-1.900035
-0.854987
-2.965965
-0.898356
-1.852085
-0.887254
-0.485125
-1.405096
-3.192503
-2.670465
-0.538304
-0.169922
0.573803
0.256427
-0.220427
0.581522
-2.208445
-3.091701
-3.276601
-0.335397
-2.039531
-1.437916
-2.069818
1.415888
-2.246208
-0.337323
-1.719134
-1.963899
0.516486
-2.839133
-2.706930
-1.363701
-2.539759
0.728854
-0.935215
-1.812484
-0.322547
-0.335717
-0.882607
-1.930689
-2.554585
-1.276731
-1.468489
-0.236747
-2.381868
-0.723689
-0.900313
0.734422
-1.139773
-3.836772
1.387915
0.726765
-2.976119
-1.867814
-2.065809
-0.431578
0.716322
-3.388709
-3.012323
-1.741942
0.469434
0.726765
0.728854
-1.356176
-1.018682
-0.505185
-3.114602
-3.197065
1.554100
-0.558371
0.726069
-3.024661
-1.361423
0.728854
-0.335397
-2.022591
-1.683922
-2.275781
-2.040695
0.208894
-3.367174
0.459499
-1.257493
-2.619802
0.582618
-0.663585
-0.013531
-3.337728
-2.052255
-2.981271
-0.423031
-0.337003
0.726765
-0.316517
-1.172435
-3.209436
-2.083843
0.468539
-0.075611
-1.155852
-0.075973
-1.986137
0.730943
-0.908010
0.725371
-1.356176
-1.646679
-2.135448
-3.616925
-0.322868
0.732334
-2.117409
-0.076263
0.629841
-2.580429
-0.075755
0.796937
0.729549
-3.372102
-0.661927
-1.172783
0.729549
-0.075828
-2.126406
-3.147654
-1.005467
-0.541597
-1.773118
-0.075828
0.726765
-0.076263
-0.681040
-0.377780
-1.886232
-0.712419
-0.516300
-0.360594
1.397758
-2.379408
0.725371
-2.282600
-2.407675
-1.284775
-2.573089
0.223218
-2.269756
-1.653237
-1.113017
-1.346198
-1.519229
-0.319333
-1.297482
-0.533482
-1.025774
-1.404427
-2.081839
-4.079442
-1.224473
-2.026098
0.724676
0.723981
-2.337037
-1.478879
0.144186
-1.590871
0.607456
-2.274754
-0.076046
-1.540492
-3.108689
-2.004016
-0.244254
-1.347497
0.726765
-4.109993
-2.635286
0.455115
-0.173609
0.729549
-2.382692
-2.865891
0.724676
0.726765
0.728158
-2.058777
0.623801
-2.139980
0.466749
0.389637
-0.335397
-0.646545
-0.335075
-1.637689
-0.034739
0.727462
-0.033216
0.725371
-0.171021
0.467645
0.728158
0.724676
-0.128594
0.728158
-2.167899
0.727462
0.726069
-1.513481
0.727462
-3.334822
-3.956510
0.728854
0.730246
-0.541597
-2.625351
-2.768717
-2.110770
-2.558413
-1.401533
-0.075900
0.466300
-0.336361
0.726765
0.727462
-0.043860
1.435625
-1.699022
-2.782860
-1.246805
0.726069
0.465853
0.088377
-2.283721
0.724676
-0.075684
-2.611679
0.625786
-0.321262
0.467645
0.727462
0.087870
-0.327687
0.466749
-1.697346
0.725371
-0.076119
-0.413348
-0.075611
0.466749
0.726069
-1.796381
0.468091
-0.335075
0.468986
0.728158
-1.001426
-1.819849
-0.432456
1.330642
0.728158
0.590785
-1.463435
-0.201774
-0.733412
-0.097207
-0.984667
-1.155429
0.468091
-1.777049
-0.807681
-2.089960
-0.644555
0.393763
-0.075611
-0.336039
-1.597181
-0.321420
-0.843074
0.729549
-2.952454
-1.543237
0.889518
0.730943
-4.657978
0.148773
-2.816578
-0.777736
-0.950766
-2.340758
-0.335717
-0.732485
0.728158
-0.625882
0.660244
-1.136595
-3.033715
-0.076046
0.728158
-0.710441
0.468539
0.469882
0.890372
0.728158
-2.059798
0.726069
-0.756709
0.729549
0.466300
-0.335075
0.629841
-0.335075
-0.336361
-1.609904
0.727462
-0.612619
-0.336361
0.727462
0.727462
-1.761861
-2.693224
-2.177307
0.725371
0.726765
-1.967439
-0.405174
0.729549
-0.076046
-2.521426
-0.076191
-0.838750
0.729549
-0.075755
-0.076263
-1.286861
-0.316023
0.728854
0.729549
0.467645
-0.173449
0.727462
0.730246
-1.384413
-2.391039
0.726765
-1.453584
-0.121161
0.466300
-0.334755
0.724676
-2.488703
0.628025
0.725371
-2.366907
-0.984667
-0.075611
0.467645
0.727462
-0.335717
-4.453908
-4.358598
-1.875811
-2.259937
0.518030
-2.512635
-1.322302
0.468539
-0.072269
-0.002287
-3.539747
0.468539
-0.322547
0.729549
-0.075973
-0.075973
-0.334755
-0.977230
-0.125606
-1.347497
-0.336361
0.468091
-0.335397
0.728158
0.728854
-1.520389
-0.834863
-0.586242
0.468091
-1.902552
0.468091
0.469434
-0.820355
-0.524597
-1.292548
-3.307330
-2.293575
0.725371
-0.933608
-1.454027
0.849473
-1.086722
-0.335397
0.727462
-0.336039
-4.168121
-2.529896
-3.094988
-1.728053
-0.335717
-0.873042
-0.980414
-0.262896
0.468539
-0.075900
0.726765
-1.132281
-2.198022
0.086723
-1.609837
0.649124
-1.070269
-1.149080
-1.451180
-0.758873
-0.614734
-0.617817
-0.075973
-0.322386
-0.449504
-0.747110
0.727462
0.087870
0.728158
-0.109066
-2.955813
0.442807
-0.075973
-1.460276
0.468091
-0.336361
-1.387873
0.630446
0.099504
-3.378810
-3.372210
0.727462
0.514430
-0.831764
-1.089841
0.088209
0.724676
0.662891
-2.740388
0.730246
0.369179
0.468986
-1.078404
0.728158
0.467645
0.416476
0.727462
-0.847438
0.701830
-2.993523
-1.026301
0.728158
0.726069
-0.331220
-1.173038
-0.371246
-0.096810
-0.075755
0.724676
-0.564838
-2.359185
-0.545820
0.888664
-2.212457
-0.075973
0.467645
-1.332358
-1.377583
-0.333960
-1.340462
0.302552
-0.559690
-1.205531
-1.466371
-2.321185
0.317042
0.468091
-1.231652
-2.549108
-1.473731
-2.951353
-2.194553
-1.032450
-1.626197
-1.542525
-0.075755
-0.075755
-0.336361
-2.508936
-1.533820
-2.022120
-0.399659
-1.278860
-3.239068
-3.326350
-0.279382
0.729549
0.516307
0.380370
-0.432651
-0.334755
-2.798991
-0.741282
-2.205464
0.306540
0.728854
-1.663885
-0.125125
-0.335397
-1.429872
-3.067866
-1.379389
-3.467085
0.487635
0.726069
-0.149902
-1.890309
0.467196
-0.076046
-1.559702
-1.890708
0.467196
-0.535866
-0.075900
-0.894763
-3.372210
-2.196227
0.726765
-0.970984
0.729549
0.467645
0.468986
0.730246
-2.063807
-0.503253
0.159940
-0.552251
-1.930561
0.467645
-0.544709
-0.550715
-1.173180
-0.075973
-1.404668
-0.464535
0.695787
0.144342
0.728854
-0.979556
0.726069
0.404949
0.728158
-0.335397
-1.241598
-1.163676
-2.704494
0.726069
-0.331889
-2.813959
-0.335075
-1.736224
-2.778622
-2.329991
-0.434516
-0.075973
-2.071822
-0.336682
0.726765
0.145802
-1.965627
0.366647
-2.267313
-2.817856
-1.569438
0.728158
-2.122235
-0.949373
-3.713260
-2.458935
-0.072196
-2.978819
-2.775909
-2.621722
-4.473932
-1.708144
-1.346198
-1.609607
-1.009368
-0.785661
-1.199450
-0.075684
0.726069
-0.059651
0.665538
0.445022
-0.075464
-3.116019
-3.831567
-2.595803
-1.670058
-1.263950
-0.363991
-2.312576
-0.320457
-3.150455
-1.088058
-0.075755
-0.630367
-0.240774
-1.600683
-0.075900
0.446611
-1.135231
0.316218
-0.072633
-1.570860
-2.005299
0.601557
-1.991943
-1.761508
-1.341002
-3.315416
-2.159776
-0.008517
0.730246
0.727462
-1.978871
-1.465900
-1.497837
-0.863913
-0.439817
0.182209
-1.026361
-1.770858
-0.203079
-0.647325
-0.736458
-1.451922
-0.450350
-2.153309
-1.969495
0.728158
-2.326647
-0.075828
-0.318531
0.599749
-1.433740
0.726069
-2.691849
-1.342299
-0.973030
-0.669158
0.594319
-1.680802
1.190174
-0.619651
-2.145791
-0.754377
-1.666096
0.725371
-2.681021
0.465853
-3.171842
-0.762527
-0.586757
-1.944767
-0.764478
-0.448778
-1.580326
-0.661332
0.104360
-2.061933
0.726765
-0.303272
-1.226125
-0.075684
-2.597533
-3.216201
0.467196
-0.335075
-1.698807
-3.006515
-1.916808
0.730246
-2.065809
-3.445801
-0.563635
-1.588542
0.466749
-1.852684
-1.844402
-0.272947
-0.075828
-1.895002
-1.381547
-1.466637
1.416781
-0.942447
-0.083977
-0.803335
0.598504
-1.612706
-0.864449
-1.270182
-1.343600
-0.075755
-0.160347
-0.335717
-1.035503
-1.342489
-2.457358
-2.176292
0.282060
0.728158
-1.560718
-0.300638
-0.075755
-1.179280
-2.071822
-2.256319
-1.346304
-1.761387
-0.624004
-0.931814
0.730246
0.131078
-1.164321
-2.470343
-1.448810
-1.901215
-2.015827
0.728158
-2.117025
-3.957156
-1.006972
0.510830
-2.911969
0.467645
-0.336039
-3.026173
0.465407
0.728158
-0.496724
-0.777844
0.725371
-1.489088
-0.075611
-0.185903
-2.022868
-1.608160
-0.742337
-1.219815
0.728854
0.275007
-3.143089
-2.976498
-0.100372
-0.076191
-2.480473
-0.622788
-3.234861
-2.410010
-0.128638
-0.061615
0.463616
-0.924268
-3.373872
-2.206365
0.192968
-2.083843
-0.406701
0.515457
-0.075900
-0.170281
-1.209481
-1.274589
-1.021176
-0.942022
-1.246138
-2.446522
0.467645
-0.428996
0.726765
0.610972
-0.346440
-0.075755
-1.912363
0.724676
-2.670925
-0.335717
-1.703409
0.820017
0.467645
-0.334755
0.726069
-1.625057
-1.627415
-0.075973
-1.196548
-0.871810
0.728854
-4.351951
-3.192503
0.727462
0.728158
1.621516
0.723285
-1.110200
0.730246
-2.138863
-2.355546
0.466749
-1.482292
-0.748500
-0.580977
-0.666658
0.723981
-2.618014
-1.627582
-0.570717
-1.112297
0.468091
-2.624364
-0.366129
-0.543088
-2.501021
-2.006062
0.726069
-1.414945
-0.939041
-2.679301
-0.303413
-1.617867
0.498177
-2.572045
-0.836108
-2.118068
-1.884962
0.193368
-1.420420
-0.274298
-1.965627
0.698919
-1.998760
0.216161
-3.234553
-1.098207
-2.851176
-0.112624
-3.040479
0.726069
0.725371
-0.766787
-0.538858
1.420650
-1.103116
-1.814356
-0.075900
-2.542223
-0.699861
-2.378526
-0.320780
-2.240005
-1.084612
-0.076046
-0.542636
-0.701670
-0.319173
0.087020
-1.637087
-1.362624
-1.137945
0.024273
0.726069
-2.417026
0.725371
-2.298978
-0.682347
-0.337003
-0.627034
-2.407675
-2.086779
0.728854
-1.849950
-1.245438
-2.286330
-0.336682
-1.880447
-0.643534
-1.249573
-2.601777
-0.590615
-0.580357
-0.075828
0.728158
-1.834437
-1.141665
-0.075900
-2.750579
-1.256540
-1.347497
-0.422530
0.428264
-1.446435
-2.133222
-0.594021
0.371102
-3.757987
-2.071822
-0.136695
-0.321609
-1.708664
-0.072305
-0.150929
-2.646582
-2.577957
-1.426038
-1.447080
0.114460
0.385005
-1.274448
-1.029889
0.907754
-1.254543
0.726069
0.730246
-0.690631
-2.619632
-1.059987
-3.756272
0.394273
-1.179914
-2.234870
0.443130
-0.333470
-0.018817
-0.438658
-0.075611
-2.082227
-1.473924
-0.243071
-1.034364
-0.767627
0.302250
-1.267344
-1.323601
0.727462
-3.598322
-2.976119
-0.897928
-0.561468
-2.045712
-0.987659
-1.554408
-2.292650
-2.995748
-0.418481
-1.350794
-1.280622
0.726069
-2.984820
-0.699338
0.885248
0.967722
-0.792326
-0.426655
-1.069437
-0.700436
-0.363199
-2.349494
-3.876903
-1.200792
-2.954851
0.727462
-0.112420
-0.983210
-1.195088
-2.479027
-1.001284
-0.628505
-3.611500
-2.225371
-0.706889
-2.315407
0.727462
-1.481506
0.028088
-2.427254
-1.433932
-0.374670
-0.031869
0.727462
0.133545
-1.045940
-0.075973
0.726069
-1.144842
-1.395532
-1.698350
-2.065809
-0.573145
0.923717
-0.071651
0.778244
-3.148592
-1.347497
-0.408499
-2.835216
-2.065809
-1.386649
0.464510
-0.652285
-0.335075
-2.454515
0.728854
-1.590697
-2.261673
-1.549452
-2.755823
-1.379908
-2.679853
-0.485340
-0.075900
-0.336039
-1.125618
-2.681717
0.362472
-4.177341
-3.300861
-0.390086
0.730943
-2.015554
0.728854
-1.424680
-0.075755
-2.314433
-0.834587
-2.123887
-1.457616
0.281179
0.450863
0.088293
0.465407
-1.594402
-0.952547
0.468091
-3.899538
-0.334434
-1.258386
-1.219833
-3.096457
-0.323187
-1.478428
-0.304556
-1.701871
0.613016
0.820247
-0.075828
0.320744
-2.357845
0.468539
-1.279900
0.446163
0.467196
-0.515446
-0.558768
0.726765
0.448178
-0.725948
-1.331014
0.731639
-0.391703
-1.464632
-1.255305
-3.331589
-4.569595
0.726765
-0.076119
-1.911287
0.725371
1.274600
0.088209
0.727462
0.450863
-0.075755
-1.378489
-1.018417
-0.519476
-0.166760
-2.063807
0.466749
0.724676
-1.664577
-0.370968
0.729549
-0.140479
-2.051785
-0.075611
-0.573766
0.727462
0.728158
0.447057
0.277175
-0.343396
-1.757880
0.088293
0.466749
0.466300
0.729549
-0.335075
0.726069
0.554514
0.467196
-0.311126
0.728854
-0.593024
0.466749
-0.076046
-0.336682
-3.771315
-1.637198
-0.416741
-0.075755
0.723981
-0.075684
-0.335397
0.726069
0.468986
0.726765
-0.075755
0.602594
0.729549
-1.351290
0.468986
-0.676322
-0.075900
-0.731765
0.795289
-0.075900
-0.335075
-2.067815
0.726765
0.469434
-0.334111
0.467196
0.727462
-2.483164
-0.335397
-1.169831
-0.584315
-1.391654
-0.075900
-0.075973
-2.662359
-0.336361
-0.336039
-1.687613
-2.075829
0.773087
-3.283947
-0.334434
-4.715608
-2.193749
-0.197565
0.727462
-1.135401
-0.321904
0.193050
-1.401139
-3.350763
-1.110526
0.728854
-1.004453
-2.552035
-0.321100
-2.771302
-0.337645
0.728854
-0.336361
-1.047565
-2.125023
-2.431889
0.728158
-4.587391
0.728854
0.728158
0.569405
-0.318852
-1.847882
-0.075536
-1.775758
0.728158
-1.289584
0.727462
-0.463002
-0.075973
0.728854
0.725371
0.728158
-3.851656
-1.348798
-0.727737
-1.352834
-2.003729
0.723285
0.726765
-0.075973
0.691610
-2.758725
-0.335717
-3.951816
-0.652552
-0.075684
-0.170117
-0.336682
-2.263508
-1.361943
0.468091
-0.075755
-2.783194
-0.075900
-1.125214
0.728158
-1.576735
-0.337003
-0.076046
-2.239902
-0.905493
0.724676
-2.065809
-1.739849
0.725371
-0.076335
0.729549
0.727462
-0.335397
0.727462
-0.598630
-0.075755
0.716374
-0.753866
-2.057959
0.728854
-0.182309
-1.191217
0.727462
0.138782
-0.460745
-0.324474
0.466749
0.726765
0.467645
-0.759549
0.112022
0.238891
-1.066303
-0.335397
-0.152433
0.724738
-3.716018
-1.203148
-0.075900
-3.562005
0.724676
-0.953931
0.891226
-0.075900
-0.075900
0.726765
-2.536135
-2.466935
-2.494645
-1.072857
0.726069
-1.636251
0.728158
-0.543332
-1.368272
-1.160658
-2.542808
0.448401
0.468091
0.726069
0.726765
0.729549
-0.334755
-0.335075
-0.336039
0.145430
-2.550761
-0.136262
-1.894811
-0.075611
-0.802531
-0.336682
-1.279386
0.727462
-1.546549
0.728158
0.467196
-0.075900
-3.179072
-0.076046
-1.495792
0.726069
0.466749
-1.436873
0.467196
-0.672214
-1.463540
-1.644720
-0.263418
0.727462
-0.075755
-0.169955
0.731639
-0.336361
0.728158
-1.341002
-1.852526
0.728158
-0.337003
0.886958
0.728854
-1.996322
-1.352706
-1.893004
-1.325072
-0.755663
-2.509894
0.728854
-1.628348
-2.546766
0.727462
0.724676
-0.169955
-0.075611
-1.465350
0.829813
0.726765
0.726069
-0.075755
0.728854
0.724676
0.466749
0.728854
-0.076335
0.628025
-0.748839
0.592255
-0.075611
0.443924
-1.348798
-1.455101
-0.075973
-1.344900
-2.374523
-1.655280
0.088462
-0.075900
-0.418907
0.574130
-0.750304
-1.962590
-2.452154
-2.135417
-0.336039
-0.821633
0.726765
-1.236404
-0.336682
-1.076209
-0.337967
0.727462
0.468539
-1.661415
0.465407
0.725371
-0.327365
-0.962466
-1.243531
-0.075536
-0.185979
0.726765
1.086033
-2.967338
-0.034476
0.592553
0.468091
-4.080113
0.748075
-1.704617
-0.853801
-0.141484
-2.485178
-1.272214
-0.075900
0.728158
-0.076046
-1.314855
-0.321581
-0.503737
0.725371
0.725371
-0.591819
-1.581444
-0.546983
-0.075828
0.727462
-1.283090
0.728854
0.730246
0.889518
-0.140095
-2.152833
-0.072596
-1.676177
-0.512155
-0.075900
-1.011693
-0.334434
-1.417425
-2.301259
-2.680770
0.728158
-3.198711
-0.333789
0.727462
0.568032
-0.075755
0.724676
-0.180979
0.101756
0.725371
-0.326868
-1.275319
0.466749
-0.858486
0.986843
0.458508
0.623207
-2.970317
-0.075611
-0.336361
0.497204
-0.753989
-0.384694
-1.137955
-0.076191
0.729549
0.728158
-1.324126
-1.239966
-0.075828
0.725371
0.444149
-1.517150
0.244077
0.693699
-1.278151
-2.036564
0.728854
0.726069
-2.711210
-0.042989
-1.776224
0.592553
0.729549
0.680655
-2.117025
0.729549
-0.334434
-2.960166
-2.919885
-0.758873
1.177560
0.468986
-0.075611
0.467645
-2.031858
-0.076046
-2.447195
-3.095990
-0.076414
-2.571851
-0.335717
-1.659112
-1.004403
0.837148
-1.157422
0.640786
-1.232840
-3.455048
-1.609059
-0.777684
0.468539
-1.818278
-1.516819
-2.140058
-2.200156
-1.378264
0.466749
-1.250205
-0.075755
-1.494840
-2.465250
-1.311078
0.725371
-1.368063
-0.405128
-0.852265
0.727462
-1.343600
-2.386722
0.728854
-3.198910
0.465853
-1.417447
-1.719387
-0.588204
0.727462
-1.627582
0.724676
-1.542416
-3.000262
-0.336039
-2.104516
-3.022815
0.726069
-3.181510
-0.583502
-0.419663
0.448624
-3.815139
-2.458935
0.446388
0.732334
0.467645
-1.480348
-0.165034
-0.935252
0.136399
-0.991182
-2.826431
-3.820557
-0.337637
-0.386220
1.427804
-0.053292
-0.336039
-1.809530
0.468091
0.444374
0.728158
-1.360010
-2.449186
-1.072776
-1.924794
-0.763702
-0.172235
-0.550542
-1.604078
0.726765
1.091059
-0.909671
-2.793854
-0.425444
-0.178902
0.724676
0.728158
-0.987733
-1.575376
-0.052758
-1.431779
0.454447
-3.294370
-2.069818
-1.054167
-4.237907
-1.135732
0.730246
-0.506152
-1.315666
-0.334755
-0.761067
-2.410010
-2.030940
-1.097688
-1.849558
-0.077030
-0.755948
1.373249
-1.349341
-0.075973
-1.414246
-1.938340
-2.089636
-0.916912
-0.033008
-2.463123
-0.900774
-0.076191
-0.075684
0.727462
0.724676
0.485933
0.465853
0.511248
-0.305037
-0.032848
-0.335717
0.468539
0.890372
-0.335075
-1.485590
0.143275
-1.230466
-1.145223
-3.140802
0.726765
-0.076046
0.699963
0.728158
-2.174571
-0.870403
0.467645
-1.750009
0.726069
-0.509705
0.888664
-4.425697
-2.679141
0.725371
-2.065444
-2.243352
-0.290307
-1.138425
0.088462
-0.164044
-2.396736
-0.965709
-2.000288
0.729549
-1.237593
-1.034254
-1.127645
-3.353397
0.725371
0.728854
0.468539
0.656933
-2.540380
0.885248
-2.028714
0.602594
-0.073504
-1.835942
-0.644774
-0.988501
0.465853
-0.326242
-2.237881
-2.185919
0.726765
0.729549
-2.735385
0.138197
-1.294630
-0.313873
-0.808549
-0.336361
-2.407675
-1.735718
-0.396079
0.726069
-2.371443
-0.167550
-2.958713
-1.478879
-0.501325
-2.119848
0.090299
-2.478914
0.467645
-1.344900
-0.222555
0.446611
-0.169654
-0.075828
-2.247675
1.411351
0.723981
-0.075755
-2.456781
-0.075900
-0.260039
0.728854
-0.560714
-1.884637
-1.054667
-2.494645
-0.719029
-0.803470
-2.355546
-2.061803
-2.108264
-1.569077
-2.552035
0.466300
-0.123209
0.140535
-1.177545
-1.695673
-1.602202
0.727462
-2.393128
-1.158685
-1.027292
-0.768929
-0.075755
-0.335075
-0.336361
-0.075973
0.728158
0.332431
-3.372200
-0.757411
-0.008183
-2.301271
-2.504746
-0.176818
-0.599286
0.726765
-2.689404
0.468091
-0.075393
-0.957896
0.728158
0.726765
-0.335717
-0.076046
-1.265602
-2.516335
0.083540
-1.219734
-2.568615
-1.735639
0.728854
0.725371
-0.758650
-1.354465
-1.053663
0.124299
-0.623085
-0.333656
0.443924
-0.227517
0.134984
0.729549
-2.012459
-2.239876
-2.520761
0.726069
-1.662624
-1.742056
0.383393
-1.384734
0.728854
0.729549
-2.903776
-0.576097
-0.436538
-1.390519
-1.860784
0.726765
-0.323207
0.598804
-0.272983
-2.902857
-0.075828
0.558644
0.722587
-3.704124
-0.489623
-0.296201
-0.993233
0.453099
1.194005
-2.307663
0.594041
-1.555242
-1.114682
0.662561
-1.894026
-2.934376
0.451086
-1.172551
0.430500
-1.970201
-0.537299
-0.879186
-1.392467
-1.754074
1.032825
0.730246
-0.282628
-1.004215
-1.823145
-0.335717
-0.703124
-0.310820
-1.393672
-2.191247
0.408576
-1.812904
-0.868486
-3.820269
-2.819481
-2.063807
-0.544582
-1.125472
-0.824492
-2.067815
-0.880495
-0.335397
-3.353801
-2.472816
-1.621404
-1.495792
-2.443958
-2.073825
-4.212324
0.723285
-2.548294
-0.075611
-0.337003
0.726765
0.729549
1.555139
-0.172755
-1.913530
-0.609364
-0.334434
-2.366477
0.728158
0.658939
0.624850
-0.924095
0.586900
-2.127449
0.468986
-0.164685
-1.748134
-1.268039
-1.259272
-2.697033
-1.371464
0.469434
-0.336361
0.726765
-2.501606
0.726765
0.621422
0.726765
0.727462
-3.340311
-0.501536
0.727462
-0.636603
-2.945933
-2.703903
0.728158
1.138609
-1.734773
0.170014
-0.414806
-0.336039
-2.353249
-1.587693
0.466749
-0.109860
-2.014196
0.673382
-1.232840
-0.969646
-1.516584
1.281880
-0.076119
-1.275981
-2.979203
-0.983210
-1.236404
-1.541141
-3.321886
0.729549
-2.005640
-0.337003
-0.075536
-3.304095
-2.810733
-0.794049
-0.457608
-3.227393
0.726765
-2.235338
-0.167202
-0.335717
-0.937922
0.445493
0.290875
-0.336039
0.088548
-3.237381
-0.405641
-0.878953
-2.069818
-0.075828
-0.421661
0.468091
-1.240240
0.467645
-1.704067
-2.765527
-0.813308
-0.021722
-0.693027
-0.335075
-0.291548
-0.927185
0.728158
0.727462
0.728854
-0.075536
0.723285
0.468539
-0.336682
-2.976119
-1.828110
-1.556180
-1.632385
-1.507396
-4.118139
-0.823514
-1.545092
-3.203954
-0.937859
-0.709144
-1.752211
-3.365509
0.466749
-1.072076
0.195449
-1.717697
-1.615241
-1.919159
-0.336361
-0.075611
0.370920
0.726765
0.728158
-0.075828
-3.621164
-0.336361
-2.522498
-3.201582
-2.067815
-1.244169
-1.274448
-0.307670
-0.336361
-0.076046
-1.451706
-2.447586
0.026423
-1.482733
-1.289470
-0.336682
-0.365801
0.076276
-0.502285
-2.146470
-1.931800
0.724676
0.728854
-0.640726
-2.027493
-1.285481
-0.475285
-0.541926
0.730246
-1.394536
-0.871356
-2.279965
-1.616162
0.729549
-2.217024
-1.761074
-0.278817
0.725371
-0.335075
-1.002976
-3.199676
-2.430177
-0.335717
0.727462
-0.208512
-0.075684
-0.335717
-0.075755
-0.935110
-0.319173
-4.218497
-0.332505
-0.860285
-0.662715
0.491041
-0.305520
-2.084871
-0.941511
-2.447195
-2.430657
-0.963066
0.468539
-1.396684
-0.409378
-0.154861
-2.061803
-1.662946
-0.326403
-0.455937
-2.098259
0.447057
-2.750856
-2.718851
-1.230466
-2.947601
-1.280622
0.339987
0.441689
-0.825034
-2.476609
-1.378129
-2.817378
-2.234723
-2.394738
-0.076046
0.728158
-0.335075
0.727462
-2.418287
0.083242
-1.077131
0.515972
0.464959
0.729549
-1.011425
0.730246
0.467645
0.208073
-0.130517
-2.075829
-0.512192
0.726765
-1.608347
-0.586242
-2.323557
-2.020703
-3.360660
-2.380756
-0.034265
-1.977132
-1.056918
-0.335717
-1.436208
-1.348698
-0.075828
-2.568615
-2.616410
-0.904768
-3.602254
-1.324169
0.088037
-1.696300
1.132449
0.728158
0.088377
1.129520
-1.474477
-2.189997
-0.075611
-2.205376
-1.157389
-1.748852
-0.345902
0.728158
0.725371
0.728854
0.290726
-0.100077
0.729549
-3.118109
-0.434860
-2.979020
0.723981
-3.304095
-2.865764
0.728158
-0.093158
-0.075900
-0.697344
-0.075973
0.729549
-0.841879
-1.890376
-2.460615
-2.284901
-1.478428
-0.132390
-2.061803
-1.426919
-0.586861
0.504146
-2.007094
-2.183100
0.728158
0.447057
0.663551
0.085821
-2.126406
0.480494
0.728158
-0.172755
-0.336039
-2.219667
0.466749
0.726765
0.595862
-0.322720
0.447731
-0.076046
0.726069
-0.319494
0.719107
-0.075973
0.729549
-3.003837
-1.934938
-0.320941
-1.523458
-2.571167
-0.075536
0.723285
0.622658
-1.454034
-0.314675
-1.125876
-0.478115
-0.984612
-0.075755
-0.666599
-0.383538
-0.363204
-0.504701
-0.174231
-0.075684
0.088377
-0.520000
-3.001932
-2.149704
0.725371
0.621977
0.721196
0.727462
-0.335075
-0.075755
-0.321581
-0.335075
-0.455641
-0.852818
0.724676
-3.330965
-0.075828
0.468539
0.727462
-3.281839
-0.334755
-1.410632
-0.008231
-3.412344
0.725371
-0.862012
0.726765
-1.913417
-1.058452
-0.336039
0.729549
-0.335717
-1.540777
-0.076191
-0.075393
-0.075684
-1.600026
-0.707042
-0.336039
-1.352697
-2.065809
-0.432651
-2.315697
-0.335717
0.725371
0.724676
-1.812143
0.728854
0.726069
-0.075973
-1.815199
-1.222712
-2.109728
0.726765
-0.500834
0.468091
-0.581947
-0.619998
-1.285208
0.696832
-3.340909
0.889518
0.728158
-0.100927
0.726069
0.728854
0.730246
0.728854
0.468091
-3.281453
-3.429072
-0.073102
-2.810778
-2.421699
0.468091
-2.973217
-0.993312
-1.855905
0.465407
-0.705533
0.721890
0.445493
-0.815648
-1.352697
-1.289626
0.554514
-0.335075
-0.343868
-2.251290
0.726765
-1.496314
0.468986
-1.309204
-0.075755
0.511344
-0.337003
-0.335397
0.726069
0.688114
-3.492243
0.723981
-2.316045
-3.086832
-1.418143
-1.059714
0.728854
-0.336682
0.300581
-0.075755
-3.267490
0.726765
-0.336039
0.468091
-0.076046
0.468091
-0.336039
-1.926388
-0.075755
0.725371
-0.336039
-2.065809
-0.335397
-2.102431
0.088122
-3.321886
-1.318306
-0.335717
-1.045403
-0.212426
-3.200588
-0.175098
-1.285608
0.469434
-2.130574
-0.335075
0.728158
-3.266562
-0.076046
0.727462
-0.335717
-1.477614
-0.416955
0.408777
0.336663
-1.880563
0.728158
-0.076046
-2.599272
-2.085848
-3.195737
0.466749
-0.335717
-1.259333
0.731639
0.629236
-0.283336
-0.075611
-0.451566
0.728854
-0.075755
0.468091
0.726765
0.675059
0.726765
-0.334434
0.730246
-0.075755
0.729549
0.726069
-1.472993
0.729549
-0.746220
-0.439533
0.725371
-0.072088
-0.075973
-2.230386
0.726069
0.465407
0.468091
0.468091
0.097209
0.468986
0.729549
-1.871512
-0.322386
-0.823730
-0.159645
0.466749
0.728158
-0.075900
0.468986
0.883544
-0.780555
-0.075828
0.726765
-2.531630
0.514021
-0.208211
-0.904650
-0.758394
-0.334111
-0.381085
-0.074811
0.730246
0.468539
-0.335397
-0.730388
-1.503125
-0.324634
0.729549
0.724676
-0.075755
-2.162660
-1.907353
-2.105557
-1.291734
0.726765
0.727462
-0.075611
0.727462
-2.981918
-1.501142
0.725371
-2.567339
-2.338320
-2.191625
0.630446
0.728854
-0.151671
-0.542636
-2.671956
0.922469
-1.064855
-2.302782
0.140724
-4.351572
-0.336361
-2.899502
0.724676
-0.973518
-1.290273
-0.076119
-1.540646
-1.348055
0.726765
-0.337967
-0.318852
-0.075828
-1.692326
-0.075973
-1.948661
0.726069
-2.646400
-0.075536
-0.076119
0.886102
-2.295223
-3.312182
-0.749858
0.486176
-3.353784
0.629841
-0.540016
0.569152
-0.360959
-1.206720
0.726069
-0.335717
-2.055793
-0.075464
-0.380797
-1.424822
-0.966984
-2.328136
-0.619168
0.728158
-2.368872
-1.831764
0.727462
-2.067815
0.728158
-1.387135
-0.334434
-0.075900
-0.540563
0.728854
0.727462
-0.075973
-0.335075
-0.075684
-0.172408
0.624855
0.588623
-0.075973
-0.081939
-1.342558
-0.032830
-0.952716
0.725371
0.467196
0.723285
-0.434860
0.466749
-0.071434
0.732334
0.470776
0.334642
0.725371
-0.532929
-0.467263
-0.382632
0.730246
-2.012385
-0.308089
1.036014
-0.321742
0.728158
0.728158
-0.336682
0.723981
-4.549573
-0.336361
-2.453832
-0.377087
-1.340866
0.465853
0.728158
0.727462
0.729549
0.726069
-1.688140
-1.907438
-2.389505
0.729549
-0.170281
0.730943
-0.145172
-2.468144
0.467645
-1.174127
-0.647825
0.186327
-0.479848
-1.647686
-1.348055
-0.448640
-0.415234
-0.336361
-0.335397
-1.371467
0.088548
0.728158
-0.075828
-2.999838
-2.374850
-0.750227
-2.147991
-0.075684
0.628632
-0.075900
-0.075684
-0.335717
0.724676
-1.546151
0.728854
-0.336039
-1.304191
0.726765
-0.076046
0.887811
0.468986
-0.737594
-1.445415
-0.958598
-0.864870
0.466749
-0.335717
-0.544193
-0.075973
0.730246
-2.229887
0.726765
0.625589
-1.584839
-0.572637
-0.167896
-0.075755
0.465853
-0.335717
-3.193218
-0.284180
-0.335075
0.552586
0.468986
0.581837
-1.527322
-0.247398
0.723981
0.468091
0.727462
-0.319333
0.729549
-4.502853
-0.075755
0.468091
-0.336361
0.468091
-2.957263
0.468539
0.468091
0.488366
0.409179
-0.217579
0.466300
-0.072923
-1.638760
0.445940
0.467196
-1.477407
-1.355780
0.729549
-0.633658
-2.134680
0.465853
-0.281219
-0.335397
-0.579479
-0.419924
-0.076046
-0.891546
-1.343600
-1.016487
-0.858996
-0.170609
-0.075321
0.726765
-2.534826
0.728158
0.726765
0.728158
0.088377
-1.955064
-0.160292
0.468091
-1.344900
-1.423436
-2.729972
-1.696510
-0.335717
-0.167723
-0.075900
-1.728701
-0.413675
0.468539
-1.285562
-0.335397
0.481557
-1.269439
0.728158
-0.669427
-0.805946
0.724676
-2.353875
-0.076119
-0.335397
-0.262703
-0.583083
0.313055
-0.435278
-0.223689
-2.140644
0.284849
0.726765
-0.334434
0.727462
-0.325598
0.241340
-0.076046
-1.168887
-1.669581
0.726765
0.729549
0.725371
-0.528402
-1.600065
-3.204901
-2.073825
-0.272889
0.728158
0.467196
0.587030
-0.257925
0.723981
0.247331
-1.957196
-0.810076
-0.755948
-0.309227
-0.485444
-2.755679
-1.823004
0.486664
0.447954
-0.337645
-0.764091
-1.205186
-2.039514
0.088462
-0.688597
-0.197212
0.728158
0.728854
-0.816933
0.675766
-1.024153
0.727462
-0.335075
0.466300
0.730246
-0.075611
-0.726438
-1.197803
-1.818690
-3.401354
-1.099721
-3.012119
-1.969634
-2.059798
0.000895
-2.065809
0.727462
0.727462
-0.335717
-0.336039
-1.426691
-0.949750
-1.232458
-1.443392
-2.187363
0.725371
0.728854
0.728854
-1.293428
0.726069
-0.337967
-0.336361
-0.012145
-1.214819
-0.543155
-1.422449
-0.298011
-0.663022
-1.170274
0.726765
-0.075684
-2.149338
-1.684461
-0.335717
-2.491120
0.145278
-1.530483
-1.016065
-0.596328
-2.652167
0.088377
-2.043769
0.601880
-0.075393
-0.218533
0.725371
0.730943
0.725371
-0.336361
0.497976
-0.263414
-0.335717
-0.336361
-1.150888
-2.096906
-0.861498
-3.089916
0.728854
-1.346198
0.631052
-0.439594
-2.422182
0.300285
0.726765
-0.335075
-1.928764
-0.412700
0.726765
-2.298363
0.726069
-0.656839
-1.818694
-2.200156
-1.716556
-1.986989
0.728158
-1.698444
-2.460210
-1.020922
0.726069
-0.075755
0.726069
0.727462
0.727462
-0.334755
-0.075828
-1.497997
0.629605
-2.952911
-0.336039
-2.973217
-2.896205
0.726069
0.466300
0.467196
0.484961
-1.398856
0.886102
0.468986
0.902854
0.728158
-2.524965
0.724676
-0.075684
0.727462
-0.311826
-1.349963
-1.534492
0.729549
-0.336361
-0.336361
-1.309056
-2.067319
-1.865251
-1.508325
-1.381663
-0.729250
0.317264
0.467645
-2.436975
0.727462
-0.502285
-1.547676
0.729549
-0.184802
-0.321100
0.468091
-1.934804
0.728854
-0.820442
-3.395618
-2.979020
0.727462
0.468539
-1.361380
-2.290202
-0.075828
-0.170446
0.724676
-2.201760
-0.232362
-1.238459
-0.286018
-0.335397
-1.702696
-0.336361
-0.075755
-1.745256
0.732334
-0.072343
-3.341292
0.647668
-2.452300
-0.336039
-0.335075
1.236975
-3.308947
-1.484170
-1.340633
0.469434
-0.242156
-0.751659
0.729549
-0.334111
-2.550761
0.630446
-3.069696
0.725371
-1.759974
0.890893
-0.594903
-1.560549
-2.427048
0.728158
-2.787548
-2.140999
0.725371
0.467645
-0.321262
-2.488703
0.469882
-0.075684
-0.763351
0.629236
-1.051386
-1.500249
-1.312802
0.678646
0.207326
-2.062762
-1.994640
0.728158
-1.016619
-1.099750
-2.689723
-1.329103
-0.771470
0.591435
0.175046
0.725371
-1.877064
-1.742759
-3.818567
-0.321742
-0.643355
-0.775562
-0.542117
-0.313712
-1.467845
-1.258508
0.726069
0.600187
0.778030
-0.175177
-1.072205
-2.112855
-1.494219
-0.075755
-0.502767
-0.616590
0.469434
-0.075828
0.467196
0.088377
-0.325438
-4.194032
-2.983720
-2.986552
-1.510697
-0.075755
-2.493837
-0.076119
-2.303216
-1.434062
-0.361368
0.055283
0.622360
0.634953
0.468986
0.621370
-0.074194
0.726765
0.729549
-0.434440
0.136456
-4.569595
0.726069
-0.244983
-2.557138
-3.337306
-1.941897
-0.075393
0.727462
-0.075973
-0.141815
-0.876650
-0.950361
0.466300
-2.312301
-1.898032
-2.813678
-0.075611
-0.829023
-0.336039
-2.683011
0.724676
-1.461049
-0.576612
-1.135120
-0.007539
-1.285295
0.453402
-2.542449
0.727462
0.727462
-2.055469
0.726069
-0.075973
0.727462
0.088037
0.466300
0.727462
-0.334111
-0.077340
-2.124234
-0.808466
0.724676
-0.951215
-4.222613
-0.176607
-1.344930
-0.429427
0.520957
-1.724376
-1.158667
-1.201264
-2.280358
-1.348461
-0.319655
-1.666379
-2.389508
-1.544383
-2.782477
0.726765
-2.961615
-3.420075
0.566347
0.468539
-1.875797
-1.275573
-2.168175
-3.717666
0.727462
-0.438065
-2.127449
-0.076119
0.729549
-0.411099
0.033251
0.680098
0.484473
-0.075828
-1.939739
-2.482347
-0.075247
0.731639
-2.954072
-0.413516
-0.075611
0.728854
0.387019
-1.370123
-2.112006
-2.755157
0.730246
0.448848
-0.329937
-2.428896
0.468091
-0.335717
-0.167723
-1.000925
0.728158
-2.096086
0.726765
-1.455294
-2.574993
0.723285
-2.060660
0.207434
-2.393878
-1.184766
0.728158
-2.646205
-0.333898
-0.729670
-1.719737
0.467645
-0.336039
-1.960615
0.728158
-0.075900
-1.874289
-0.051360
0.726069
-2.637919
0.466300
-0.075755
-1.222391
-1.003289
0.174702
0.726765
-0.674420
0.290802
-1.408813
-0.170281
-0.336361
-1.324495
-0.297970
0.727462
-2.561979
-0.729864
-0.980927
0.728158
-2.272928
0.574063
0.459283
-0.658672
0.440261
-0.075611
-2.041258
0.663551
-1.564357
0.728158
-1.434836
-1.573509
0.447057
-1.145195
-2.102431
-0.588506
0.467196
-3.196819
-2.903771
-0.335075
-1.645265
-4.653648
-0.673242
0.468091
0.552311
-1.553965
0.466749
-1.881689
0.728854
0.726765
-3.099817
-3.035268
-0.670186
-0.008435
0.887811
-0.195090
-0.754998
0.083368
1.312830
-2.291326
0.701157
-2.713901
0.727462
-2.489542
-1.594575
-2.221401
-0.337003
-0.322547
-2.464516
-0.305198
-0.075973
0.728854
-0.076119
-2.034021
-1.774936
0.403539
-0.075611
-4.073334
-0.335717
-0.319226
0.728854
-0.075684
0.552035
-0.418653
0.732334
0.467196
-0.008101
-1.531595
-2.114939
-0.075900
-3.190570
-1.355293
0.725371
-0.173971
-1.964650
-2.057796
0.084474
-2.277925
0.467645
-2.548211
0.670030
0.446611
-0.804237
-4.725801
0.727462
-0.899698
-1.374365
-1.655369
-0.076119
-0.497451
-1.814124
-2.285508
-1.409530
-1.828490
-0.334755
0.727462
-3.222914
0.108327
-1.803961
0.053657
-3.331589
-0.834800
-0.665965
0.511344
-0.838618
-0.614424
-0.946172
-0.755091
-0.588721
-0.300890
0.339035
-0.805077
-2.612307
-2.003520
-0.711532
-0.604822
0.485690
0.728158
0.731639
-0.441630
-1.231652
-3.664238
-2.077833
-2.162716
-0.075684
-1.531546
-1.640352
-1.112557
0.487950
-1.908416
-2.071822
0.198969
0.888664
-1.775268
-0.075684
0.728854
-1.942189
-0.985391
0.727462
-0.946421
0.629841
-2.468847
-2.108685
0.052499
-1.051340
-0.869576
-1.831399
0.140316
0.730246
1.053558
-1.231652
-0.820176
0.725371
-1.189532
-0.075755
0.469882
-1.442170
-0.202540
-0.831921
-1.705570
-1.707015
-0.869427
-0.632511
-1.779342
0.725371
-1.797817
-1.515922
-1.336949
-3.426274
-1.242265
0.291901
-0.062050
-1.807690
-2.239029
-2.365355
-2.410010
-2.509719
-1.894089
-0.166831
-0.076119
-0.320919
0.773078
-1.629142
-0.334755
0.726765
-0.607301
-2.158134
0.724676
0.725371
-2.732459
0.726069
-2.073825
-0.166073
0.466300
-3.299242
-0.075755
-0.638152
-0.307929
0.723981
-0.795029
0.724676
-0.034302
-0.435698
0.728854
-0.336682
-0.606275
0.466965
-0.480810
0.466749
-0.335717
-1.946589
0.467196
0.404949
0.724676
-2.602362
-1.236404
-0.910396
0.466749
-1.160390
-1.657052
-0.202275
0.724676
-1.346977
-0.502767
-2.063807
-1.117991
-0.627708
0.724676
-0.337323
-0.076191
0.623859
-2.436842
-1.144561
0.726765
-1.029327
0.489900
0.104729
0.730943
-0.076119
-2.402998
-1.603759
-2.576305
0.467196
-0.336039
0.467196
0.450193
-3.900181
-2.386549
0.441465
0.726765
-1.470595
-3.383908
0.724676
0.728158
-1.833952
-2.159968
-2.708410
0.599749
-1.477649
-1.172300
-1.323409
-1.624456
-0.375355
-1.917416
-0.334755
-1.263950
-1.346198
-0.076046
-2.124320
-2.067815
0.103176
-0.170426
-1.401843
-0.334755
-1.750386
1.194551
-1.348798
0.724676
-0.490862
0.666598
0.759835
-1.481914
-0.248811
0.728854
-2.222362
-1.242090
-3.390601
0.468539
-3.486727
0.729549
1.355815
-2.525162
0.728158
-0.501318
-0.281219
1.325364
-2.794675
-0.897858
0.467645
-1.678103
0.728854
0.724676
0.721890
-2.370091
0.467645
0.469882
-0.555343
-1.496271
0.465853
-0.143339
-3.525734
0.390242
-2.503571
0.468091
-3.983274
-0.072232
-0.686932
0.133539
-4.578493
-2.395159
-0.651833
0.726069
-1.335820
-0.907410
0.726069
-2.215374
-2.299102
0.546805
0.468986
0.467196
-0.141484
-2.380351
-1.742790
-0.244234
-0.321742
-2.599272
0.726765
-0.173796
0.466749
-0.421303
0.465853
-0.963679
-0.501318
0.446833
0.467645
0.727462
-1.315349
-0.641428
-0.443796
0.470330
-0.336039
0.726069
-0.762148
-2.278117
-2.581249
-0.432008
-0.296198
0.444597
-1.676120
1.312526
-0.681813
-1.920879
-2.451215
0.728158
0.465853
-2.959025
-0.259357
-1.335802
-0.324183
-3.639261
0.728158
-1.724376
0.728854
-0.951982
0.631073
-2.520151
-2.830037
-2.134744
-2.431867
-0.323510
-1.555463
-0.075393
-1.237593
-0.714670
-3.275514
-0.335075
-1.570596
-0.703833
-0.513301
-0.400460
-0.605373
0.728854
-0.305198
-0.174144
-1.305205
-3.300861
-2.738275
-4.394382
0.602203
0.727462
-1.505402
0.466749
0.432291
-0.829898
-2.057796
0.727462
0.466300
-1.033391
0.726069
-0.031501
-2.559062
-3.427166
0.727462
-0.075828
0.448624
-0.336361
-1.116237
-1.181522
-1.282478
-2.374102
-0.292001
-0.317888
-0.642915
-0.688212
-1.900944
-0.323347
-2.950085
-0.075684
-0.075900
0.847656
0.731639
-0.308403
-1.276917
0.767240
-0.075973
0.468539
-2.055973
-0.502767
-0.436093
-0.394162
-0.597261
-0.076191
-1.109556
-1.684818
-2.523731
-0.956207
-1.529120
-1.346198
-0.671181
-1.371670
0.726765
-2.946595
0.468539
-3.695239
0.514430
-1.007268
-1.767834
0.726765
-0.271224
-1.268274
-1.776738
-0.980164
-0.075611
-2.392175
-1.637990
0.726069
-0.503737
-2.172065
-0.321100
-0.335397
-0.334755
-1.628716
0.728854
-0.726493
-0.795249
-1.252472
-2.440331
-1.933815
-0.721446
0.728854
-0.028788
0.732334
-0.533719
-1.222546
0.727462
-2.735427
-0.319494
-1.263950
-0.075755
-1.666228
-0.076046
-1.130084
-1.528008
0.033278
0.723285
-1.472260
-0.335717
-2.180667
-0.076263
-1.461794
-2.590644
0.726069
-1.822391
-2.574993
-1.467998
-0.593325
0.725371
-0.021245
-1.404505
0.406158
-1.945757
0.469434
-3.305712
0.596125
-0.107027
0.466749
-1.234027
0.728158
-0.335717
-3.140749
-0.075828
-0.707166
-1.943584
-2.041488
0.657492
0.450416
0.468539
-0.075900
-2.069818
-2.452076
-1.016821
0.889518
-0.328690
-1.078904
0.453462
0.729549
-2.597985
0.727462
-1.749873
-0.710497
0.727462
-0.333470
0.556718
0.466749
-2.463989
0.544879
-1.624699
0.723981
-1.255724
0.730246
-0.167579
0.957829
0.468091
-0.075029
-1.726098
-2.973217
-3.359010
0.724676
0.442807
0.728158
-2.283721
-0.075900
0.445044
-0.011534
-0.336361
0.728854
0.630446
-0.075611
-3.711590
-0.421255
-0.693885
-0.335075
-0.801934
-1.981136
-0.888176
0.725371
-2.968424
-0.162586
-0.275711
0.720500
-2.484304
0.726069
-2.221010
-0.075611
0.729549
-0.678572
-0.553493
-1.347159
0.726069
-1.861126
0.489095
0.466300
-0.592436
0.514688
0.727462
-1.649475
-0.967318
0.725371
-1.560194
-2.377359
0.468539
-0.142378
-2.471771
-1.744320
0.730246
0.403339
-1.159446
-0.336682
-0.400662
0.729549
0.450416
-2.813758
0.726765
-2.485054
-2.605710
-1.279386
-0.312267
-1.903375
-0.922803
0.726069
0.448401
0.726765
-0.025702
0.468539
-2.063807
-0.322547
-0.075973
-0.075900
-1.230466
0.596125
0.728158
-0.851950
0.469882
-0.982796
0.468986
0.727462
0.729549
-1.712476
0.468986
-0.008189
-0.173621
-2.067815
0.730246
-2.610870
-2.073825
-2.067815
-0.431363
0.701008
-0.431892
0.721890
-0.336039
0.448178
-0.337323
0.727462
0.728158
0.465407
-1.056043
0.467645
0.467645
-0.283900
0.728158
0.728854
0.554514
0.729549
-2.051355
0.639180
-1.230466
0.727462
-1.988770
-0.320618
-0.334111
0.726765
0.726765
-3.311942
-0.076119
-0.689169
-3.255575
0.455786
-1.264542
-3.467743
-0.810143
-0.333789
0.468091
0.726765
-2.587396
-2.905873
0.447282
0.726765
0.728854
-1.197853
0.726069
-3.299242
-0.337003
0.623801
-2.192285
-1.620273
-2.061803
0.725371
-0.198383
-2.075829
-0.255990
-2.101943
0.727462
-1.221235
0.598207
-4.527324
0.182299
0.726069
-1.276862
0.466749
0.726765
0.723981
-1.811322
-0.334434
0.729549
-0.075900
-1.526923
0.134817
-0.076119
0.726069
-1.641751
1.473011
0.466749
-1.543082
-3.079430
0.010420
-2.114744
0.467645
0.727462
-0.076263
-1.742417
-1.627292
0.726765
-0.336039
-1.348798
-0.687528
-4.521252
0.727462
0.730246
-0.501318
-0.916318
-0.169955
-0.337323
-2.529079
0.728854
0.726765
0.618346
-2.071822
-0.764943
-2.271150
0.726069
-0.336682
-0.843331
-0.334755
-1.850945
-0.542117
0.726765
0.725371
-0.589932
-2.460655
0.636745
0.730246
-3.337562
0.467645
-2.713846
0.728158
-3.847864
-1.319423
-2.032593
0.885248
-1.346198
-2.067815
0.727462
0.042795
0.618346
0.878421
-1.550164
-2.489542
0.729549
0.727462
0.469882
0.726069
-0.542636
0.727462
0.566069
-3.324815
-0.862799
-2.486282
-1.062687
-0.544193
0.450193
-2.805290
-0.379839
0.629841
-0.760334
-2.734855
0.633135
-1.060615
0.467196
-0.075755
0.447505
-0.075755
-1.136926
0.268984
-0.666240
0.068441
0.703792
-0.980927
-0.401060
-0.335075
0.726069
0.547080
-2.182800
0.723285
0.463616
0.726069
-2.069818
-2.063807
0.628632
0.724676
0.725371
-1.332892
-0.075828
-0.323029
-2.728572
0.467645
-1.312419
0.466749
-2.397174
0.615926
0.728158
0.727462
0.723981
-0.321742
-0.334434
-1.039345
-0.333149
-0.075684
0.727462
0.666863
-1.922130
-0.076046
-0.427307
-2.069818
-1.441353
-1.450699
0.727462
0.064312
0.335816
-1.874478
-0.814396
-1.624023
-0.075973
-0.301825
-0.076119
-2.468144
0.726765
-0.396226
0.468986
-0.075973
0.725371
-3.430511
0.726765
0.009744
-0.567743
0.726765
-2.061803
0.728158
0.724676
0.516229
-0.335075
0.464959
0.621421
0.467645
0.465853
0.727462
-0.076046
-0.075755
-2.069818
0.726765
0.726765
0.728854
0.725371
0.732334
0.465407
0.729549
0.726765
-0.336361
0.726069
-0.321742
-4.206149
-0.336039
-0.335075
-1.462824
-0.845955
-0.316924
-0.337323
0.500290
-2.527430
-2.073825
0.728854
-0.181693
-2.253325
0.088209
-2.128873
-0.550607
-0.321420
-2.075829
0.726069
0.729549
0.727462
-2.220793
0.468091
0.728158
0.728854
-2.926362
0.723981
0.669687
0.730246
0.726765
0.332431
0.466749
-1.040217
0.726765
-0.075900
-0.282348
0.728854
0.628025
-3.299242
0.888664
-0.076046
-3.302478
0.725371
-1.274448
-0.336682
0.726765
0.464510
0.725371
0.466749
0.088209
0.725371
0.467645
-0.337323
-0.335397
0.597909
0.445940
0.731639
-3.490452
0.727462
0.467196
0.730943
-0.336361
0.727462
-1.114666
-0.181518
-0.564899
0.726765
0.468091
-0.076046
0.727462
0.726765
0.726765
0.727462
0.728854
-0.335397
-0.075973
-0.075684
-1.276917
-0.076046
-2.236145
0.884397
-0.075536
0.725371
-1.679925
0.723285
-0.333789
-0.174404
0.728158
0.728158
0.726069
-0.076119
-0.336361
-0.173621
-0.336039
-0.337003
-0.309857
-1.084368
-0.801086
-0.337323
-2.079836
0.728854
-0.588808
-0.075611
0.728854
0.728158
-3.095402
0.517000
-0.072633
-1.438513
-1.890213
-2.346600
0.728158
-0.900630
0.728158
-0.548267
0.725371
-0.075464
0.592553
-1.347497
0.466749
-0.075973
-0.243997
0.729549
-0.627281
-2.221029
-0.075755
-0.072960
0.728854
-0.335397
-1.627702
-0.262301
-0.959146
0.468091
-0.075755
-0.075973
0.728854
0.728854
0.730246
0.728158
-0.075611
0.466300
0.726069
0.726765
0.727462
-1.330420
0.591660
-1.543677
-2.412350
-3.123218
0.587323
-0.076046
0.467196
0.477423
0.467196
0.466300
0.726765
-0.334434
0.468091
0.403740
0.730943
-0.335075
-3.315416
0.729549
-0.845519
-0.778852
-0.727392
0.723285
-1.486813
-1.042163
-1.229277
0.468091
0.728158
-2.073825
0.088377
0.611059
-2.972395
0.500673
-1.219515
0.728158
0.729549
-0.170281
-0.075755
-0.820597
-1.226952
0.886102
-0.416217
0.730943
0.468986
-0.335717
0.728854
-2.037807
-2.067815
-0.336361
-1.012998
-1.852908
-0.754719
0.466300
-2.720610
-2.245512
-0.336039
-2.077833
0.728854
0.588386
0.723981
0.727462
0.466749
0.592849
-0.337323
-0.075828
-2.523217
-0.335717
-2.043996
0.575938
-0.334755
0.448624
-0.669162
-0.555222
0.728854
0.728158
0.727462
0.726069
0.728158
-0.075684
-0.032802
-2.637543
0.730246
0.468539
-1.236404
-2.126406
-2.917891
0.466300
0.726765
0.732334
0.467645
0.465407
0.727462
0.730246
-0.337003
-1.611000
-0.076046
-0.075536
0.729549
-0.075755
0.726069
-0.336682
-0.336361
1.438533
-0.076191
-0.968902
-1.413118
0.695437
0.515457
-1.853777
-0.335717
-1.739225
0.728158
0.467196
-0.203098
-0.437373
0.727462
-0.335397
0.726069
-0.075611
0.727462
0.726765
-0.336039
0.088122
0.728158
0.726069
-1.343453
-0.755091
0.467196
0.728158
-0.075828
-0.293355
-1.246600
0.726765
0.729549
0.088377
0.726765
0.471222
-0.449932
-1.214639
-1.565731
0.724676
0.728854
0.728158
0.726765
-1.380302
0.631052
0.467196
0.726765
0.728854
0.726069
0.218221
-0.075611
-2.704124
-2.404894
0.468986
0.726765
0.724676
-0.075611
0.465407
-0.072450
0.726069
0.725371
-2.569892
-1.461921
0.568870
0.726765
0.728158
0.724676
-0.335717
-0.336682
0.466300
-1.755349
-2.981918
-0.253390
1.275883
-0.670196
0.727462
-0.075611
-0.165323
-1.375996
0.332937
-1.761177
-2.621175
-0.704983
-0.541597
-2.228450
0.727462
0.727462
0.728854
-0.073102
0.779732
0.465853
-1.580318
-0.742922
-0.075611
-0.075900
-0.075828
-1.445871
-0.203681
-1.693702
0.198781
0.730246
-0.076046
-2.236151
0.890372
0.729549
0.725371
-1.761607
0.728854
0.728854
-0.075900
0.723981
-1.234027
0.728158
-1.470891
-0.101194
0.726765
0.726765
0.467645
0.723285
-0.337323
0.467645
0.347838
-1.733679
-0.335397
-0.337003
0.469434
0.486664
0.724676
-4.565145
0.729549
-0.321904
0.467645
-0.075973
0.468539
0.403539
-1.224525
-1.682894
0.088377
-0.076191
0.723285
-1.502205
0.740611
-1.838050
-0.075684
-0.334755
0.726765
0.728158
-2.322096
0.726765
0.730246
-0.739251
-1.278151
0.570528
0.467645
-0.075828
-0.960857
-0.335075
0.468091
0.727462
0.468091
0.469882
-0.144073
-1.344880
0.145889
-2.312718
0.725371
0.466300
0.729549
0.724676
-3.347108
-2.436329
-2.893501
-1.835200
-0.008214
-0.075755
-0.335717
0.724676
0.727462
0.726765
-0.417599
-0.075900
0.725371
-2.313039
-1.395707
-2.053137
0.444374
-0.577881
-1.271977
-1.263837
-0.336039
0.726765
-0.075828
0.725371
0.722587
0.629841
-1.582422
-2.398324
0.725371
-1.285562
0.725371
-0.009750
-1.226577
0.442359
0.721196
0.725721
0.026293
0.467196
0.891226
0.467196
0.728158
0.728158
-0.335717
0.728158
0.515200
0.728158
-0.965030
-0.744017
-0.075611
-0.500834
-1.319830
-2.201210
1.384885
-1.430266
0.723285
0.726069
-0.336039
0.728158
-0.419181
0.507907
0.088718
0.727462
-1.128535
-3.321886
-0.322547
0.467196
-0.337003
0.726765
-0.336682
0.726765
0.728854
-0.334755
0.729549
-0.075828
0.728854
-2.040664
-0.428781
-1.481821
0.726765
0.726765
-1.228188
-1.618422
-3.350453
-0.332826
0.728854
-1.789179
-3.621891
-0.400460
-0.750204
-1.610735
-2.059746
0.728854
-1.693162
-2.269148
-0.708092
-0.335717
-3.093849
-0.335075
-2.979020
0.466749
0.404143
0.629841
-2.209547
0.888664
0.724676
-0.075900
-2.036877
-0.172150
-0.075900
-0.075828
-0.076335
-1.350834
-0.334434
-0.163404
-2.130574
0.728158
-1.428908
-1.527756
-3.398552
-0.335075
0.445493
-0.075536
1.105512
0.467196
-1.433740
-2.121194
0.729549
0.725371
0.468091
0.728158
0.468091
0.726765
0.726765
0.552586
-0.075755
0.923232
0.469434
0.707176
-2.439121
-0.075755
0.726765
0.468539
-2.524714
0.727462
0.206477
0.469882
-0.076191
0.728158
-2.293812
-2.950012
-0.075684
-0.075900
0.725371
0.728158
-0.335717
0.726765
-0.336682
-2.968692
-0.123331
-0.124889
-0.008198
-0.335717
-1.351648
-2.545658
0.468986
0.726069
-3.540368
0.730246
-0.323991
0.726069
-1.600000
0.955377
-2.032941
-1.394341
-0.987090
0.728158
-1.861335
-3.310565
-1.603759
-1.805776
0.727462
0.726765
-0.336361
0.088293
0.728854
0.728854
-0.530366
-2.052233
-1.268274
-0.176743
0.468539
-1.301901
0.468091
-0.335717
0.728854
-0.075755
-2.968867
-1.346766
0.725371
0.726069
0.726765
0.646014
0.724676
-1.497025
-1.366751
-0.322226
-1.995461
0.728158
-0.195426
0.341066
-0.568585
-1.556220
-1.478428
-4.202034
-0.335397
-1.035792
0.725371
0.726765
0.890372
-2.545658
-0.640496
-0.182880
-3.715225
-1.905740
-0.775353
-2.065809
0.727462
0.726069
0.726765
-0.075755
0.729549
0.726765
0.728158
-2.111605
-0.384545
0.724676
0.208259
0.466300
-0.558815
0.730943
0.726765
-3.372474
-0.683720
-0.070888
0.635753
0.088122
0.728158
-1.537909
-0.336039
-0.075828
-1.280622
-0.830521
0.723981
-0.403193
-2.745411
0.725371
0.728158
-2.470374
-2.626720
0.267148
0.743347
-1.346198
-2.795646
-0.235468
-3.305712
-0.335397
0.726069
0.726765
0.468091
0.728854
-2.446376
-0.336039
0.726765
-2.231883
0.730943
0.726765
-1.679349
-3.669684
-1.985272
-1.633739
-0.031352
0.728854
-2.979020
0.467645
0.727462
-1.497702
0.547080
-2.419417
0.730246
0.468986
0.652632
0.466300
-0.337323
-0.316924
-0.075973
-0.075900
0.729549
-1.500163
-0.397177
-0.173971
-0.314514
-0.163487
0.730943
-1.713428
-0.834432
0.726765
-2.067815
-1.130962
-0.335397
0.731639
-2.986361
-1.211059
0.466749
-2.187363
-0.075828
-0.075973
-1.564225
-0.501801
-0.496446
0.514171
-2.187363
0.582136
-2.914309
-0.335075
-0.337645
-1.468583
-1.804696
-2.754214
0.728158
0.549834
-0.394852
-0.075900
0.702400
-1.709311
-0.503253
-2.063807
-1.878547
0.889402
0.728854
-1.707198
0.469434
0.468539
-2.853970
0.518030
0.099180
0.648630
-2.316045
-0.577881
0.731639
0.038957
0.726765
-0.757709
0.727462
0.466300
0.725371
-2.608284
-0.169867
-1.144287
0.468539
0.467196
-0.076046
0.890372
-0.998045
0.120830
0.730246
-0.075828
-0.331542
-0.857541
0.466749
-2.479557
0.088209
-0.336682
0.057884
0.723981
-0.160949
0.728854
-0.075900
-1.656211
-2.241191
-2.565675
0.644177
0.318712
0.728854
0.547907
-0.708092
0.468986
-0.953905
-0.075828
0.728158
0.725371
0.727462
-0.337003
0.465853
-2.919358
-0.075755
0.448624
-1.926842
-4.222613
0.726069
-1.269068
-1.004001
-0.173796
-1.919196
-0.614734
-0.075828
-0.335717
0.726069
0.726069
0.369088
-1.154306
0.726765
0.468091
-0.008183
-0.337003
0.449295
-1.310682
-0.404037
0.088293
0.467196
-0.075973
0.726069
0.337002
0.340729
0.466749
-3.224848
0.624993
-0.075828
-0.270912
0.519572
-0.333470
-2.240010
-2.073825
-2.119681
0.728158
-2.481149
-1.295779
-3.306963
-2.075829
-3.276601
-0.075684
0.189808
-2.576268
-2.131497
-0.311141
0.690564
0.724676
0.728158
-0.008517
-1.342299
-0.956398
-0.286442
0.727462
-0.337003
-1.377881
-2.454842
0.553138
0.139440
-2.304172
0.726765
-0.076119
-0.542117
-0.173015
-1.541402
-0.335075
0.467645
-0.075611
-0.008178
-0.337645
0.730246
-0.967595
-1.393573
-0.662877
-1.033269
0.214370
-2.650919
-0.211597
0.430500
-2.979020
-1.973315
-1.137823
-1.342299
-0.334755
0.406158
-0.893627
-0.335075
0.468091
-0.168644
-1.772468
-1.074198
-2.433988
-3.976316
0.727462
-3.193881
-1.223748
-0.101126
0.723981
-0.076046
-2.981918
0.728854
0.627148
-2.636631
-0.075684
0.467645
0.726765
0.222818
-0.169113
-0.008206
0.448401
0.726069
-0.337249
-1.354988
0.726069
-2.059798
-2.460615
0.728158
-0.334755
0.467645
0.470330
0.728854
-0.335397
-2.118002
0.725371
-3.310930
-2.716535
0.727462
-0.178745
0.613088
-0.308408
-1.493586
0.728158
-0.320618
-0.799409
0.604330
0.151703
0.728854
0.704142
-0.646631
-1.281856
-2.040892
-3.575334
-1.735639
-0.325438
0.728158
-1.284418
-2.079836
-1.019898
-1.913016
0.728854
0.728158
-1.385598
-0.075828
0.727462
-0.336361
0.467645
-0.323991
0.728854
-0.075900
-0.333401
0.728158
-3.310565
-0.400611
-1.399846
0.855866
0.555616
-0.046313
0.730943
-1.413118
0.548456
0.731639
-2.252326
0.467196
0.886958
0.552862
0.724676
0.468986
-1.491893
-2.110770
-0.162667
0.724676
-1.497357
-2.354470
0.214311
0.564776
0.511970
-0.075755
-0.075900
-0.334755
-1.589881
0.730246
0.468091
0.451533
-0.470179
0.724676
0.467645
-2.061803
-2.063807
-1.235215
0.623186
-0.476180
0.469882
-2.421071
-0.673546
-2.279236
-2.562864
-1.780174
-2.401365
-0.336361
-0.076046
0.333614
0.471238
-3.382438
1.067020
-0.144172
-2.727283
0.467196
-0.075755
0.022835
0.726765
-2.275346
-2.636631
0.491806
1.049399
-3.312182
0.728158
0.726765
-0.709478
-0.343736
-0.585312
-0.173537
-0.922406
-1.811141
0.346655
-0.595842
-0.333789
0.193147
-1.331905
-1.533820
0.727462
0.728854
-0.536845
-1.889463
0.727462
-3.810856
0.466300
-0.117878
0.725371
0.468091
-0.921915
0.725371
-0.484571
-1.284325
0.499263
-2.569892
0.447954
0.727462
0.466300
0.727462
-0.051641
-0.335397
1.314148
1.054607
-0.336361
0.469882
-2.710726
0.467645
0.726765
-1.361712
-0.075973
-3.368910
0.726765
-0.337645
0.484848
0.730246
-2.576268
0.728158
0.646514
0.039633
-4.181457
0.467645
0.722587
0.467196
0.727462
-0.832268
0.150557
-0.076046
-1.537612
-0.335717
0.724676
-2.745345
0.727462
0.395883
0.729549
0.597611
-1.955198
-0.334434
0.722587
0.726765
0.727462
-1.853467
1.276783
-0.320297
-0.325117
-0.809931
-2.162806
-0.076263
-2.119365
0.468091
-1.550064
-3.488245
-1.273211
-0.175272
-1.787635
-0.770087
0.726765
-1.950172
0.289346
0.614296
-2.178608
1.427089
-0.124288
-3.242640
-3.724307
-0.323187
-0.335075
-0.963493
-0.170609
0.728158
0.468539
-2.067815
-1.748594
-0.337323
-0.336039
0.553965
-1.154195
-0.603894
-0.076119
-0.957185
-1.356423
0.727462
-0.549945
0.103393
0.728854
-0.319655
0.726069
0.726765
-2.421663
0.730246
0.724676
-2.970317
-2.449636
-0.966242
-0.747989
0.088377
-0.337645
0.549284
-0.415881
-1.840137
-0.166760
-0.228117
-1.031281
-1.636757
-2.069818
0.520700
-0.755948
0.595530
0.487150
-1.405988
-0.690373
-0.075900
-0.324720
-0.337645
0.468091
-1.542161
0.469434
-0.335075
-1.445415
-1.493600
-0.878035
0.546805
-2.907654
-0.335075
0.725371
-0.392687
0.728158
-2.330074
-0.336039
-1.952603
0.728158
-0.008186
0.502603
-1.632064
-0.952089
-0.075900
-3.311981
0.726765
0.468539
-0.788585
0.465853
0.886958
-2.067815
-1.638528
0.469434
0.694396
-2.025437
-3.347462
-3.974279
0.727462
0.727462
-0.141431
-0.604204
-2.654608
-2.061803
-0.333789
0.467645
0.466300
0.431618
0.728158
0.728158
0.571424
0.467196
0.723981
-0.321581
-0.062942
-1.726156
0.847377
-1.699578
0.088293
-3.302287
-0.034389
0.727462
-0.183242
-0.124169
0.726069
-1.408813
-0.408009
-0.169955
-0.075755
-2.800626
-1.579357
-0.170117
-3.005723
-1.503139
-0.845459
-0.626463
0.468986
0.728854
-2.121028
-1.706792
0.468539
0.723981
-0.075828
-2.059798
0.598504
0.886102
-1.680126
-0.350598
0.303463
0.726069
0.733029
0.723981
-0.547450
-0.076119
0.724676
-1.258708
-2.115943
0.728158
-2.648709
0.728854
0.725371
0.619635
-3.624535
0.726069
-3.676711
-0.166474
-2.283588
-3.694897
-0.762534
-1.246073
-3.802154
0.084685
-1.343600
-2.838418
-1.236404
-2.777390
0.466749
-3.265280
0.387623
0.443254
-2.516023
-2.065809
0.467645
0.726765
0.728854
-2.501626
0.726765
0.466300
-2.105557
0.088209
-2.964515
0.726069
-0.962466
0.871020
-1.660420
-2.019114
0.088633
0.726765
-2.556007
-0.335397
-1.135413
-0.075828
-1.738401
0.632262
-0.075536
0.730943
0.457035
-1.259397
0.565228
-0.697608
0.726069
0.725371
0.587493
-1.694000
-2.319397
0.723981
-0.874402
-0.335075
-3.094829
-1.348055
-4.214383
-0.431578
-0.392315
-0.075973
-4.218497
0.069190
-3.138077
-0.076046
0.468091
-3.673253
0.723981
0.466300
0.723285
-2.111813
-1.713085
-0.774189
-3.056424
-2.107180
-0.075828
0.053901
-1.408813
-3.456094
-1.719391
0.727462
-2.063807
-1.377583
0.467196
0.726765
0.088377
0.728854
0.726069
-0.320137
-2.313198
-0.035491
0.588791
-1.333863
0.467196
0.725371
0.729549
0.467196
-2.096179
-0.324474
0.468091
-0.392111
-2.732894
-0.334755
0.726765
-0.769704
0.726069
-2.325375
-1.302417
-0.458587
-2.132659
-0.213001
-1.859099
0.725371
0.727462
-2.908890
0.466300
-2.272897
-0.305410
-1.552232
-2.070925
0.468091
-0.854865
-0.352587
-0.076119
-0.075755
-0.885649
0.728854
-3.311942
-3.126024
-0.432222
0.466749
0.726765
-0.173277
-1.109360
-0.071035
-2.868430
0.728854
-2.170488
-2.279236
-1.645265
0.726069
0.469882
-0.334755
0.662315
0.592849
-1.878648
0.727462
0.468539
0.724676
0.727462
-1.286500
0.730246
-1.659890
0.728854
0.011508
-4.218497
0.627767
-2.059798
0.890372
0.565508
-1.493100
-0.321904
-0.389370
-2.443628
0.726765
0.728854
0.709960
-0.075973
-0.336039
-0.075684
-0.039863
0.725371
-0.352701
0.670023
0.728854
0.471222
0.727462
-0.379704
-0.075828
-0.075536
-1.343600
0.727462
-0.911481
0.728854
-0.075101
0.451310
-0.022846
-2.512635
-1.391146
0.727462
-3.310565
-0.322990
0.724676
-0.851950
0.468539
-0.539183
-1.248032
-2.961233
-2.922456
0.723981
0.728854
0.681865
-0.060212
0.388834
0.407367
-1.273630
-0.335717
0.672374
0.724676
-0.323029
0.726069
0.708587
0.726765
-0.076046
0.725371
-3.389735
-0.551890
-0.406848
0.360340
-0.075755
-1.229277
-1.344900
-0.335397
-0.808216
0.726765
-0.837727
0.468986
-1.475937
0.726069
-0.432194
0.722587
-0.851082
0.696134
-0.334434
0.726765
-2.543108
-2.066742
-1.484537
-0.598738
-0.076119
-0.463879
-0.335717
-1.294066
-1.861948
-0.072378
0.728158
-0.335717
-0.076335
0.725371
0.728158
0.010319
-0.034529
-1.146057
-0.075611
-1.121896
0.725371
-2.917340
-0.075464
-3.345437
0.467645
-0.657388
-3.305712
-0.590093
-0.429898
0.661291
-2.128491
0.596125
-0.737202
0.726069
-2.836574
-0.732857
-1.762916
-1.705621
-0.075828
-0.075464
0.732334
0.728854
-1.605648
-0.672367
0.724676
0.466300
0.471222
-1.805455
-1.937575
-0.179341
0.445268
-1.525415
0.725371
-2.725295
-0.337323
-0.423286
-2.577507
-0.075828
-0.335075
-0.336039
-0.334434
-2.177769
-0.320297
0.019158
-2.222682
0.553138
-0.075755
-0.846310
-3.247817
0.626477
-0.748551
0.724676
0.708898
-3.408107
-1.231652
-0.772246
-1.254596
-1.900487
0.466749
-0.901552
-2.588264
-2.470649
-0.334755
-0.075900
0.467196
-1.467857
-1.350096
0.725371
-0.335397
0.468091
-0.599367
0.549834
0.058291
0.732334
-0.075755
-0.075973
-2.165184
-2.110770
-0.760671
-2.664210
0.447053
-1.272983
0.726069
0.466300
-1.010668
-0.953544
-2.103946
-2.466539
0.088209
-2.471771
-2.807590
-2.284843
-0.190798
-1.709619
0.467645
0.886958
0.727462
-2.472816
0.729549
-2.757689
-0.336682
-2.656905
-0.673242
0.727462
-0.073322
-1.338402
-2.880817
0.466749
-1.214417
0.729549
-0.255872
-0.335717
-0.398831
0.723285
0.466749
-0.272747
-4.218497
0.048862
0.728158
-1.195135
-0.422208
-1.145087
-0.845772
0.728854
-0.075828
0.728854
-1.502181
-0.075755
0.728158
-0.733586
-0.783120
0.594320
0.728158
-0.031590
0.726069
-1.931054
0.728854
-0.386542
0.467645
0.726069
-0.921106
-4.195860
-1.535344
0.727462
-1.866986
0.728854
0.726765
0.467645
-3.442455
0.725371
0.499207
-2.061803
-2.360144
0.842765
0.628632
-3.232934
-2.394376
-1.830130
0.340083
-0.241807
-0.335075
-0.174144
0.886102
0.465853
-1.377105
-1.803638
-0.320941
-0.075536
-0.336361
-0.335075
0.469434
0.726765
-0.173449
0.730246
0.727462
-0.283758
0.730246
-2.065809
-3.210741
-0.029196
-2.973217
0.466300
-0.184252
0.467196
0.729549
-0.520228
0.469434
0.032822
0.088122
-2.240443
-0.175965
-0.075900
0.468539
-1.106543
-0.574526
-0.542117
-1.213909
-0.076191
-0.335075
-0.075828
-0.073249
-2.509947
0.547080
0.772709
0.728854
0.736559
0.445714
-0.076046
-2.208772
0.656600
-0.334755
-1.799382
-0.072778
-0.694313
0.726069
-0.326721
-2.192285
0.730246
-0.716686
0.468986
-0.615043
0.728158
-1.185488
-0.577938
-0.502767
0.384603
0.728854
0.552862
0.468986
-2.292650
-0.320618
-3.292773
0.721196
0.466300
-1.601155
-2.577507
-2.831082
0.501319
-0.916008
-0.677006
-0.639933
-0.075684
0.729549
-0.335717
-1.492629
-0.335717
0.324471
-0.320780
-1.265802
-3.510260
0.725371
0.727462
0.340389
0.466749
-3.132250
0.179357
-0.457589
-1.375542
-3.603786
0.729549
0.447505
-0.075684
-0.075755
-0.075828
0.464510
-0.887548
-0.322065
0.701704
-3.328354
0.726069
-1.801529
-0.456089
-1.169885
-1.593537
-2.460888
-0.030486
0.728158
0.580109
0.728854
0.088122
0.726765
-0.901981
0.726765
-2.947111
-0.033968
-0.550818
-0.658261
0.466749
0.722587
-0.323347
0.448624
0.402531
0.728158
0.468091
0.726765
-0.542662
-1.027026
-0.258207
-0.075828
0.591362
-2.979020
0.724676
-0.755443
-1.602222
-1.284325
0.728158
-2.069818
0.723981
-2.067815
0.447057
-0.715605
-1.556700
0.888664
-2.115983
-0.336682
0.086766
0.449519
-0.075973
0.039107
-0.756962
0.695680
-0.334755
0.729549
-0.608540
-0.334755
-1.619237
0.723285
-0.336361
-0.173015
-2.096179
-2.199318
-0.322386
-0.122444
0.726069
0.871550
-2.436703
-2.200156
-0.335397
0.730943
0.487635
-3.291156
-2.771620
-0.569248
-2.634056
-1.875674
0.650890
-2.065809
0.727462
0.466749
0.730943
0.693349
-0.502285
-2.063807
-0.076191
-0.365226
-2.305549
0.658809
-0.580428
-2.626325
-3.268515
-2.443535
-0.075536
0.728158
-2.590237
-3.000844
0.469151
0.727462
-2.944210
-3.271748
-3.245872
0.468539
0.725371
0.489235
0.205295
-3.735207
-2.204420
-1.350096
-0.008227
0.073253
-0.334755
-2.104412
-0.335397
0.728158
-0.335717
-0.612875
-1.533820
-2.970317
-1.606832
-2.079836
-0.336682
-0.681288
-0.244702
0.726069
-0.075900
-0.076119
-1.341002
-1.535743
-0.075828
-0.075900
-1.230466
-2.571167
-2.081839
-0.434381
-1.230466
0.728158
0.730246
-2.952911
-2.059798
0.302097
0.469434
0.085978
0.725371
0.725371
-0.773024
-0.335717
-0.609010
0.408920
-2.481249
-2.069818
-0.075828
0.726069
-2.374755
0.672814
0.593445
-0.169792
-0.335717
-1.338402
-0.806369
-0.334111
0.469434
-0.325278
0.726069
0.636412
0.886102
-1.173036
0.730246
-2.057796
0.728854
-0.075755
0.469434
-0.902962
-0.336039
-0.775894
0.517259
0.468091
-0.251764
0.454555
-0.752148
-2.063807
-0.615972
0.728158
-1.319204
-1.170312
0.104362
-0.083220
0.467196
-0.075828
-2.441056
0.726765
-2.065809
-0.323977
0.468091
-0.322226
-0.075611
0.449519
0.466749
-0.840230
-1.267876
-0.072704
-0.321100
-2.559688
0.405555
0.889518
0.728158
-2.061803
-2.127449
-0.335397
0.728854
-1.844341
-1.611140
-0.335397
-3.296009
0.088293
0.728158
-2.720610
0.054667
-0.075755
0.727462
0.728158
-3.612633
-2.380791
-2.414687
0.723981
0.726069
0.702489
-2.213660
0.706228
-2.179129
0.726765
-0.075755
-2.867001
-1.474685
-2.378392
-0.323187
-0.493829
-0.075755
-0.982495
0.467645
-1.664645
0.728854
0.727462
-0.969922
-2.022753
-1.947593
-2.465725
-2.532362
-0.283900
-2.955813
0.466749
0.467196
-0.336039
-0.221794
-0.661516
-1.898792
0.726069
0.726069
-0.076046
-0.334755
0.726069
-2.206611
-0.075900
0.467645
-0.867936
-0.672757
0.726765
-2.189707
-0.192481
-0.753601
-1.645671
-2.022170
-0.075973
-3.441637
-0.388090
-2.454515
-1.234027
-3.353801
-0.075755
-0.743519
-2.216687
0.730246
-0.075755
-0.609160
-0.886094
-0.168479
0.725371
-2.399636
0.892934
0.730943
-0.733650
0.726069
0.464959
0.731639
-2.976119
-2.060732
0.468539
0.728854
-2.767540
-0.075755
-0.075828
0.724676
-2.553312
-1.566615
-1.698184
-4.193803
0.728854
0.706228
-1.584832
-1.406660
-0.304394
0.465853
-2.380983
0.468091
-2.189497
0.728854
-0.615043
0.726069
0.393013
-2.312498
-0.543155
-0.325758
0.728854
-0.769526
-0.326721
0.728854
0.449966
-1.564378
0.468091
-3.458226
0.724676
0.449966
-0.829290
-0.326403
-0.335717
0.725371
0.565788
-0.041602
0.550108
-1.018653
-0.791264
-0.075611
0.732334
0.726765
-3.740923
-0.175707
-0.076119
0.725371
0.725371
-1.258392
0.468091
-0.073102
-1.677575
-0.503253
-1.378264
0.468091
0.728854
0.726765
0.449072
-0.336039
-0.032297
-0.075900
0.449072
-0.287429
-1.348798
0.726069
0.729549
-2.961615
-3.321886
0.467645
-1.485743
0.800802
-1.139509
-3.281453
-2.576602
0.726069
0.728158
0.729549
-0.075684
-2.463306
-2.181757
0.469434
-0.076335
-1.717708
-0.170772
0.728158
-0.335397
0.406763
0.507139
-0.771081
0.733029
-1.604163
-0.124288
-2.508674
-0.075973
-1.537475
-0.335075
-2.206291
-3.393072
-1.921524
0.728854
-0.200166
-0.334755
-1.381663
0.727462
-0.075900
-1.429709
0.726765
-2.458468
0.673382
-0.075611
-0.336682
-1.748137
0.726765
-1.537475
0.468539
0.726069
-1.757324
-0.075684
-2.398324
-2.348380
-3.259304
0.723981
0.340050
-0.336361
0.088209
0.725371
-0.080354
0.551486
-2.067815
-2.471612
-2.073825
-0.335717
-0.334755
-2.582645
-0.075900
-2.271390
0.566630
-1.017299
0.252988
-1.678944
-0.181693
-0.170281
-0.256385
-3.441267
-0.124527
-0.543673
-2.944470
-2.566125
0.467645
-0.335717
0.469434
1.162914
0.724676
0.728854
-2.077833
-2.337509
0.726069
0.225692
-1.431062
-0.075684
0.726069
-0.075684
0.726765
-0.216649
0.726069
-0.008174
0.723981
0.466300
-2.970317
-1.275640
-2.230386
0.631052
0.039184
-0.075684
0.733029
-0.076119
-2.457261
0.732334
0.726765
0.470330
0.729549
0.509697
-4.529548
-0.032848
-0.072667
-2.121194
-0.991872
0.729549
-0.335717
-1.206117
-3.551103
0.468986
0.730246
-1.342757
0.730246
-0.335397
-0.335717
-0.337003
-2.071822
0.725371
-0.335075
-0.640247
0.726765
0.729549
0.728158
0.466300
0.470330
-1.216077
-0.335717
-0.075755
-1.861598
-1.342902
-1.485606
-0.335397
-0.322065
-0.174576
-0.336039
-0.075684
-2.561066
0.337509
-0.432866
-0.542117
-0.307767
-1.576526
-2.248715
0.727462
0.726069
-0.076119
0.726765
-1.398766
0.726765
-0.075900
-0.075900
0.726069
0.466749
-1.133837
0.649751
0.467645
-0.075900
0.728854
-0.337323
-0.335075
-0.336361
0.449072
-1.399047
-0.710195
-2.676756
-2.238113
0.467196
-2.048179
-0.897398
-0.336361
-1.783788
0.725371
0.729549
0.726069
-0.336682
0.635423
0.727462
0.728158
0.346823
0.723981
0.468091
0.730943
0.730246
-0.335075
0.467645
0.728854
-2.133702
0.725371
0.723981
-0.336039
-0.075684
-1.618983
0.466749
-0.075755
0.726765
-3.464390
0.732334
-1.509232
-1.747331
-0.075973
0.451282
0.727462
0.447731
-1.368742
-1.657077
-2.244942
-0.008198
-4.206149
-1.347520
-0.440057
-0.335075
-0.035439
-0.075536
0.728158
-1.334476
0.723981
0.728158
-0.335075
0.727462
-0.336361
-0.798865
0.727462
0.728854
0.728158
-2.540982
-0.842401
0.727462
0.730943
0.726069
-0.335717
-0.075611
0.467645
-0.260590
0.469882
-0.075900
0.728158
0.467645
-1.921013
-0.896011
-2.405337
1.435378
-0.175011
0.729549
0.404344
0.468986
-2.067815
0.727462
0.626817
-0.851673
-0.273453
-0.075900
0.725371
0.727462
-0.075900
-2.067815
-0.075973
-1.671110
0.468539
0.465853
-0.170446
0.728158
0.468986
-1.038301
-1.029868
-3.761667
0.726069
0.728854
-0.334755
-0.882400
-0.545229
0.728158
0.728158
-0.321581
-0.075973
-0.076263
-0.335717
0.729549
-0.333789
0.465853
0.088377
-0.543155
0.800906
0.728158
0.727462
-0.844182
-3.072808
-0.075828
-0.323831
0.468986
0.516486
-0.075900
-0.335717
0.726765
-0.337003
0.632867
0.468091
-0.337323
-0.761798
0.726765
-2.391867
-0.075611
-0.322547
-0.825885
0.598804
-1.456180
0.468986
-0.334111
0.467196
0.467645
-0.075900
0.467645
0.730246
-2.067815
0.467645
0.087954
-0.335397
-2.284843
-0.125247
0.466749
0.727462
-0.071761
0.728854
-0.702419
-0.992995
0.730246
0.724676
0.726069
-0.170117
-0.795249
-2.599815
-2.429447
-2.362439
-0.705287
0.468665
0.677076
-0.733650
-2.169661
0.724676
-0.181693
-0.336039
0.776694
-0.679217
0.729549
-2.735342
-2.405337
-0.072486
0.726765
-0.549755
-2.277824
-0.075900
-0.336682
0.726069
0.727462
-0.543673
-0.075828
-0.690598
-0.825287
-1.342299
-0.170281
0.726069
-2.063957
-0.308974
-2.069818
-2.578064
-0.336361
-0.008325
-0.166433
0.728158
-2.467230
0.888664
0.466749
0.727462
0.886102
0.465853
0.468539
0.727462
0.517517
0.726069
-0.076046
-0.076046
-0.335717
-0.075900
-0.596328
0.728158
-0.545748
-0.336039
-0.322065
0.725371
-0.933833
0.729549
0.728158
-1.409578
-0.612890
0.468986
-1.378586
-0.884177
0.450193
0.728854
-2.091170
-0.161683
0.726765
-2.409237
0.727462
-0.075755
0.468986
-3.312182
0.727462
-0.173364
0.468539
-4.210265
0.518030
0.347162
-1.318314
-0.075755
0.466749
0.728158
-0.728453
0.467645
-0.336361
-1.066498
0.466749
0.412840
0.303788
0.723285
-0.335717
-2.189054
0.517517
-0.076263
-0.335397
0.088377
-2.069818
0.395278
0.628632
0.727462
-0.770952
-4.876052
-0.551957
0.724676
0.027117
-2.065809
0.728854
-0.388888
-0.334755
-0.335717
-2.469354
-2.125362
-0.334111
-0.285170
-0.075755
0.726765
0.729549
0.468986
0.728854
-0.075684
0.728158
0.730246
-0.335717
0.890372
0.726069
-0.334111
-0.075611
0.726069
-2.439121
-2.069818
-0.851950
-2.342223
-0.075828
0.728158
0.467645
-1.485606
-2.915204
0.728854
1.350869
0.726765
-0.174318
-0.333149
-0.075611
-0.330256
-0.334755
-0.616903
-2.064520
-0.075973
0.729549
-0.335075
1.275883
-3.304095
0.727462
0.465407
-2.073825
0.726765
0.728158
-0.335075
0.726765
0.453547
0.726765
-0.169955
-0.076263
0.726069
0.725371
0.728158
-0.371263
-0.075973
0.726765
-1.450439
0.469882
0.726765
-0.334755
-2.951462
-0.075900
0.726069
-0.519335
0.730943
0.665870
-0.075611
0.468091
-0.754487
0.727462
-2.067815
-0.076046
-1.401896
0.660131
0.732334
0.269385
-0.323831
0.697875
-0.075684
0.467196
0.468091
0.725371
-1.272373
0.552035
-0.075900
-2.963065
-2.984820
0.723981
-2.083843
0.468986
-1.716103
0.447505
0.467196
0.191704
-2.008691
-2.085848
-1.734684
-0.075828
-3.847864
0.520600
-2.065809
0.728854
-0.322868
-1.672800
0.467645
-0.170446
-0.336682
0.728158
0.088122
0.727462
0.725371
0.466749
-0.075900
0.726069
-0.076191
0.726069
-0.334755
-0.076119
0.470330
0.467645
0.728158
-0.337003
-0.335397
-0.541597
0.467645
0.792610
-0.642915
0.725371
0.729549
-0.075684
-0.076191
0.730943
-2.061803
-2.272069
0.724676
0.729549
0.468091
-0.467246
0.728158
-0.355145
0.467196
-0.338609
-0.499868
0.726765
0.730246
0.728854
-0.282770
0.723981
-0.335717
-0.075828
0.726069
-2.067815
0.727462
-0.125125
0.728854
0.730246
-2.283721
-0.072561
0.467196
-2.275876
-0.075900
-0.336361
0.730943
-0.548095
-0.075973
0.726069
0.732334
0.728854
0.630446
0.880483
-0.336361
-0.727572
0.730943
0.629841
0.468091
0.727462
-0.952912
0.726765
0.468091
0.467196
0.730246
0.084983
-0.173884
-0.337003
-0.335717
0.466300
0.729549
0.726069
0.468091
-2.265166
-0.075828
-0.335397
-0.075755
0.724676
-0.673215
-0.075828
0.729549
-0.182519
-1.186354
-0.075536
-0.075611
-0.075973
0.301315
-3.297626
-0.075973
0.726069
-0.691723
0.728158
-0.729736
0.726069
0.727462
-0.335717
-0.502767
-0.075973
0.467196
0.727462
-0.076046
-0.075393
0.597611
0.468986
0.468091
0.726069
0.728854
-3.297626
0.887811
0.726765
0.468986
0.635753
-0.750665
0.728854
-0.393247
0.728158
-0.075755
0.468091
0.466300
0.728158
0.731639
0.729549
0.728158
-0.075828
0.465407
0.467645
0.469434
0.598504
-0.075755
0.465853
0.729549
-0.336039
-0.335075
-0.075755
-0.075973
0.086128
-2.552035
-0.335075
0.725371
0.725371
0.727462
-0.076046
0.467645
0.729549
-0.075684
0.726069
0.652299
0.465853
-0.170446
0.728158
-0.125487
0.729549
0.467645
-0.334434
0.728158
-0.336361
-0.075684
-0.075611
0.466300
-1.591744
-0.043076
-0.072778
-0.282912
0.725371
-0.334755
0.467196
0.727462
-2.212642
-0.336039
-0.075900
-1.668831
-1.497050
0.728854
0.727462
0.726069
0.728854
-0.648500
-0.076046
-1.521690
0.727462
0.727462
-0.335397
0.726069
0.725371
0.729549
0.464959
-0.075973
-1.514388
-0.335717
0.088462
0.728158
-1.374159
0.468091
0.728158
0.729549
0.723285
-0.334434
-0.334755
-0.775497
-0.072269
-1.721769
0.467645
0.728854
0.730943
-0.336361
0.728158
0.631052
0.725371
-0.335717
-2.061803
-2.407675
-1.280705
-1.270742
0.467645
0.726069
-0.502767
0.728854
0.728158
0.728854
-0.576738
-0.075828
-0.336039
-1.495654
0.731639
0.468986
-2.405337
-1.276917
-0.601881
-0.075755
0.726765
0.725371
-1.940928
0.886102
-0.170117
-0.336361
0.728854
-0.334755
-0.335397
0.468539
0.730246
-0.076191
-0.075755
0.729549
-0.336039
-0.076046
0.730246
0.466749
0.728158
-0.335717
0.726765
-0.544709
0.468539
-1.946589
0.496149
0.467645
-1.359194
0.446611
-2.599651
-0.075393
0.726765
-0.180998
-0.075973
-0.123091
-2.274754
-4.489505
0.728158
-0.337645
0.887811
0.726069
-2.069818
0.547907
0.512258
-3.162210
-3.169862
-0.736509
0.467196
-0.075684
0.728158
0.726765
-3.334473
0.728158
-2.111813
0.724676
0.726069
0.466300
-0.335397
0.088548
0.726765
0.469434
0.727462
0.455115
-0.075755
0.728158
0.726069
-0.075611
0.729549
0.725371
0.726069
0.726765
0.728158
-0.335717
0.468539
-2.628882
0.728158
-0.335397
0.467196
0.630451
0.468091
-0.335717
0.468091
-2.284466
0.725371
0.727462
-2.419362
0.723981
-0.126984
-0.144962
0.597314
-2.529896
-0.076119
0.726069
0.468091
-0.336039
-0.334755
0.728158
0.466749
-2.961615
-0.319815
0.725371
0.728158
0.726069
0.727462
-0.075828
-0.420824
-0.075973
0.727462
0.727462
0.729549
0.726765
-0.075755
-1.348798
0.728158
0.465853
-0.075464
-0.076119
-1.237593
0.728854
-1.685630
0.469434
0.468539
0.726069
0.701008
-0.334755
0.726765
0.725371
-0.076119
0.729549
0.466749
-0.015455
0.724676
-0.076046
0.467645
-0.075973
-0.318693
-0.337003
0.726765
0.709960
-1.942186
-0.187249
-0.759204
-1.824030
0.732334
0.728158
0.468539
-0.075611
-0.335717
0.952923
-2.071822
-0.335397
-0.075900
-3.083081
-2.069818
0.728854
0.729549
0.723981
-0.075900
-2.557020
-0.320457
-0.072414
0.728158
0.726765
0.468539
-2.187363
0.444094
0.730246
0.338018
0.729549
-3.304095
0.466749
-0.075393
-2.435493
-1.391757
-0.335717
0.721196
0.726069
0.469882
-0.075684
0.726069
-0.174492
0.730246
-0.336682
0.728158
0.728158
0.728158
0.726765
0.726069
-0.543673
0.726765
0.465407
-0.335397
0.469882
0.468986
0.728158
-0.335717
-0.076046
0.728158
0.465407
-0.436117
0.723981
-2.067815
-0.075536
0.690336
-1.473924
0.730246
-0.075464
0.727462
0.729549
-0.076046
-0.075973
-0.997354
0.513915
-2.234056
0.724676
-0.075611
0.726069
0.723981
0.467196
0.885248
0.727462
-0.008186
0.729549
0.728854
-2.000033
0.391050
0.465853
-2.474190
-0.502285
0.728854
-2.727363
0.726765
0.617135
-0.336361
0.890372
-0.076046
-0.075973
-2.075829
0.726765
-0.336361
0.728854
0.088462
-0.075536
0.727462
0.489340
0.468539
0.218328
-1.959634
-0.073176
0.491041
0.470330
-1.542313
-0.335075
-1.489909
0.726069
-0.336361
0.729549
0.725371
-0.335397
-0.075828
-0.904693
0.726069
0.727462
-1.688140
-0.335397
-0.075828
0.729549
0.726765
0.729549
0.728158
0.726069
0.726765
-0.075684
-2.849945
-0.336361
0.484717
-1.682415
0.468539
0.728158
0.728158
-0.334111
-1.606832
0.727462
0.728854
0.730246
0.726069
-2.063807
-2.281481
0.724676
0.466300
-1.488556
-1.702269
-0.076046
-0.335717
-0.075684
-0.323991
-0.075755
-0.075900
-0.647251
-0.826306
-2.463306
0.339203
-0.169298
0.728158
0.725371
0.883917
0.467645
0.728854
0.467645
-0.807307
0.727462
-0.336682
0.467645
-3.291156
-2.065809
-0.076119
0.466749
-1.657894
-0.336361
-4.191744
0.515714
-1.519714
1.193964
-0.336039
-2.628903
-0.335397
-0.335075
0.726069
0.726765
0.728854
-2.459678
0.726765
-4.538447
0.728854
-0.075828
-3.340418
-1.645811
-2.285963
0.726765
-0.312267
0.466749
0.466300
0.728158
0.725371
0.728158
-0.233968
-3.308947
0.676071
0.726069
-0.335397
-1.200925
0.464959
0.088209
0.155512
0.726069
-2.292692
0.726765
-0.545229
-4.540673
-0.173449
-0.075973
0.727462
0.588981
-2.654180
-1.161386
0.142637
-0.035335
-0.160457
0.728158
0.728854
0.725371
-0.076191
0.730246
-1.279386
0.728158
0.467196
0.463616
0.470776
-0.075755
0.726765
-0.337003
0.727462
-0.335397
0.468986
0.490311
-0.075828
-1.498002
0.730246
0.467645
0.727462
-0.075684
0.728158
0.628025
-0.075536
-0.075973
-0.908314
-0.803470
-0.076191
0.726765
0.726765
0.467645
0.468091
-0.076409
-1.824502
-0.169625
-0.076263
-0.335075
-2.117025
0.727462
0.727462
0.629236
0.727462
-1.234020
0.726765
0.727462
-0.545889
-0.845884
0.727462
-0.076119
-1.369423
0.730246
-0.595769
0.729549
0.726069
-0.075611
-1.278151
0.726765
0.469434
-0.113563
0.466749
0.468986
0.728158
-0.076191
-1.322430
0.724676
0.729549
-2.425819
0.886102
0.727462
0.467196
0.729549
-0.075900
-1.758824
0.469882
0.726069
0.887811
0.468091
0.446163
0.728158
0.468539
-0.335075
-0.075900
-4.465032
0.728158
0.465853
-0.336361
0.724676
-0.336039
0.727462
-0.045078
-0.334755
0.723981
0.728854
-0.072269
0.723285
-0.075684
-0.124768
0.726069
-0.076046
-0.075900
-0.335717
0.465853
0.468986
0.728854
0.726765
0.728158
0.724676
-0.075755
-0.075755
-1.277614
0.467645
-0.335397
0.629841
-0.075684
0.467196
0.465407
0.728854
0.469882
0.727462
0.726069
-0.072343
0.467645
-0.075464
0.729549
-0.075536
0.729549
0.730246
-0.337645
0.468539
-2.269591
-2.233373
0.727462
0.469434
-0.335397
-0.335075
0.728158
-1.668819
0.466300
-0.173537
-0.075900
0.468539
0.727462
-0.321262
0.468539
-0.803470
0.729549
0.726069
-0.075828
0.466749
-1.339042
0.629841
-0.543673
-2.470563
1.420330
0.468986
0.468091
0.728854
-0.075536
0.724676
-0.075973
0.728854
-2.402998
0.530527
-0.173971
0.726069
0.467645
-1.399482
-0.321262
0.730246
-3.705950
0.727462
0.725371
0.727462
0.468986
-0.075828
0.723285
-0.336039
-0.076191
0.726069
0.467645
-1.350159
0.727462
-0.913744
0.645181
-0.173277
-0.642915
-0.170281
0.727462
0.727462
-0.075684
-0.076046
0.403339
0.465853
0.467645
-0.276405
-0.075684
-0.809540
0.622017
-0.743885
-0.072561
0.886958
0.466749
0.467645
-2.428172
-2.241191
-0.335717
-0.335717
0.468091
0.948010
0.726069
0.467645
0.728158
-1.454237
0.728158
-0.173449
-0.336361
0.467645
0.340050
-1.873771
0.726765
-3.583534
-1.271977
0.724676
0.727462
0.731639
0.725371
-0.843756
-1.489909
0.726069
0.727462
0.488609
-0.335397
0.728854
-0.609469
-2.968867
0.725371
-0.075828
0.469882
-0.075755
-0.598746
0.728158
-0.075973
0.726069
0.468091
-0.118780
-0.335397
0.728854
-2.069818
0.730246
0.728158
0.728158
-0.076335
-2.191207
-0.075973
0.728854
-1.024862
0.727462
-2.071822
-0.335397
-0.318370
0.725371
0.730943
0.467645
1.320087
-0.075828
0.728854
-2.549485
-0.911933
0.467645
-0.075611
0.729549
-0.164778
0.727462
-0.173971
0.569994
-0.076191
0.134283
-1.701870
0.725371
0.722587
0.728854
-1.876138
0.728158
0.726069
0.726765
0.729549
0.728158
-0.075973
0.726069
0.469882
0.725371
-0.075828
-0.076046
0.728854
0.468091
0.465407
-1.944313
-0.335717
0.468091
-0.146041
0.723981
0.468091
0.726765
-0.253560
0.728158
0.727462
-0.335717
0.468986
0.515714
0.727462
-1.116738
-2.168175
-0.075900
0.730246
-2.032843
-0.336361
-1.456633
-1.722671
-0.507588
0.724676
0.068576
0.729549
0.729549
0.730246
-2.077833
0.731639
-0.335075
0.448848
-0.334755
-0.076191
0.729549
0.629841
-0.334111
-1.267037
0.728854
0.726069
-0.785455
-1.352788
-0.335075
0.727462
0.728158
0.727462
0.516486
0.727462
-0.075755
0.467645
-0.075464
0.726765
0.469434
-0.336361
0.448848
0.727462
-0.336039
-0.034231
0.468539
-1.674923
-2.081839
0.812081
-0.336039
-0.076119
0.732334
0.729549
-1.142459
-0.075973
-0.075900
0.727462
0.467645
-0.542117
0.638069
0.730246
-0.075828
-0.075755
-0.336361
-0.075536
-1.786374
-0.075828
-2.706708
0.726069
1.341859
-1.368068
0.468986
0.725371
-0.732237
0.466300
0.728158
0.728854
0.726069
0.726765
0.726765
0.729549
0.467645
-0.335397
-0.076046
-2.071822
0.881837
-0.075900
0.725371
-0.334755
-0.334434
0.730943
0.468091
0.450193
-1.012303
0.468091
0.467645
-0.075684
0.405755
0.728854
-1.708749
-0.075828
0.087395
-0.324153
0.728854
0.728854
0.351601
0.468091
0.657265
0.469434
0.469882
0.704836
0.728854
0.724676
0.725371
0.727462
0.465853
-2.993193
0.339541
0.727462
0.630446
0.469434
-0.421245
-0.076263
0.467645
0.037129
-1.700696
0.465853
0.726069
-1.526237
-2.957263
0.730246
0.726069
0.725371
0.729549
0.408777
-1.690651
-0.339693
-0.332826
0.727462
0.727462
-3.094687
-0.541597
0.674628
0.725371
-0.335717
-2.247675
-1.228349
0.726069
-0.480448
-0.335717
-0.374266
-0.170281
0.727462
0.465853
-0.336682
0.724676
0.726069
0.468091
0.726765
-2.077833
-1.344190
0.729549
0.721890
0.467196
-0.075536
0.728158
-0.887858
-0.075755
-1.637690
-0.072414
-0.008178
0.466300
-0.335717
0.467645
0.729549
0.729549
0.725371
-0.435915
-0.336682
-0.075755
-2.075829
-2.107644
0.560296
-0.334755
0.727462
0.728854
-0.759951
0.729549
-0.076263
0.724676
-0.335717
-1.231652
-0.336039
0.450863
-0.803219
-0.328289
0.702748
-0.075755
-1.510856
-0.335397
0.728854
0.468091
0.726069
-0.075536
0.649145
0.727462
0.726069
0.729549
-1.353204
0.785544
0.468539
-0.075755
-0.336361
-2.695313
0.727462
0.727462
0.728158
0.729549
-0.335397
0.728158
0.728854
-0.753230
-0.282206
-4.549573
0.724676
0.723981
0.723285
0.724676
-4.531773
0.727462
0.467196
0.467196
-0.075973
0.886102
0.727462
0.726069
-0.072525
0.465407
-1.777564
-0.284324
0.728854
-1.344859
0.727462
0.723981
0.724676
-0.549755
-0.593325
0.468539
0.728854
0.725371
-0.075828
0.551212
0.723981
-1.347497
-1.779257
-0.335717
0.729549
0.727462
0.426026
-1.418143
0.727462
0.088293
-0.335717
0.680655
-0.320780
0.726069
0.850676
-0.335717
-2.960166
-0.075973
-0.970823
0.730246
0.444597
0.725371
-0.075973
-0.075536
0.467645
0.550108
0.467196
-1.596078
0.728158
-3.062934
0.465407
-0.398633
-2.680441
0.088293
-0.613545
0.466749
0.728158
0.730943
0.468091
0.726069
-0.125726
-1.348798
-1.366704
-2.376230
0.729549
-0.113792
-2.803598
0.728854
0.726069
-0.125006
-0.075611
0.725371
-0.320941
-1.892491
-0.335717
-1.511834
-0.286750
-0.076119
-0.909671
0.467196
-0.892081
0.466749
-0.335075
0.729549
-0.334111
-0.918723
-1.246235
0.728854
0.377991
0.727462
0.728158
-2.407675
0.729549
-0.753223
0.726069
-0.779628
-1.321256
0.467645
0.466749
0.628632
0.726069
-0.336039
0.087954
0.724676
-2.795803
0.404546
0.466749
-1.654663
0.727462
-2.073825
-2.059798
-0.805005
0.729549
0.724676
-0.913744
0.728854
0.466749
0.467645
-2.960166
0.723285
0.469434
-0.075828
-1.344900
0.445940
0.728158
0.598504
-0.170281
0.728158
-0.075828
0.728854
-0.075900
0.467645
-1.344900
0.466749
0.487150
0.726765
0.503667
-0.008219
0.729549
-3.294389
-2.944210
0.467196
0.932879
-0.335075
-1.081302
-0.334755
0.590822
0.468091
-2.388283
0.728158
0.723981
0.726069
0.889518
-2.079836
0.728854
-0.075755
0.726765
-0.334755
-0.075828
-0.336682
-2.077833
-0.075321
-1.267037
0.467196
-0.075536
-0.075900
-2.296054
-0.336039
-0.335075
-2.328905
0.470776
-0.335075
-0.075973
0.449743
0.728854
-0.075900
0.725371
-0.076409
-4.234960
0.726765
0.727462
-0.075900
0.556994
-0.335397
-2.968867
-0.306079
0.723285
0.450193
0.726765
0.727462
0.726765
-2.276996
0.729549
0.724676
0.726765
0.131626
-0.075828
-0.747905
0.729549
-0.818652
0.727462
0.467196
0.467196
-0.336361
-4.499526
-0.075973
-0.334755
-0.542117
-2.392481
0.468539
-0.073033
-0.075973
-0.075828
0.727462
0.726069
0.467196
0.730943
0.725371
-0.075684
-0.337003
0.728854
-2.090692
-1.691489
-0.075755
0.727462
-0.337967
0.487879
0.521884
-0.070089
-0.075684
0.730246
-1.278885
0.723285
-1.305890
-2.077833
0.887811
0.467645
0.773019
-4.208209
-1.694837
0.623207
0.727462
0.726765
-0.655603
-0.335397
0.726069
-0.075973
0.468539
-1.344900
-0.076119
0.517517
0.468091
0.466300
0.730246
0.726069
0.727462
-2.823248
-0.008467
-1.420296
0.122578
-0.074883
-0.682966
0.728158
0.730246
-1.093697
0.673045
-2.433436
-0.334111
-1.241154
-0.323831
-1.274448
0.726069
-0.336039
-0.075828
-0.336682
0.467645
0.449966
0.467196
-0.337323
0.887811
-3.668607
-0.075536
0.728158
0.726069
0.466300
0.726069
0.724676
0.724676
0.469882
-0.336039
0.726765
0.731639
0.469882
-0.075900
0.730246
-0.319815
-0.075973
-4.210265
-1.014258
0.467196
-3.219996
0.059227
0.728854
-0.335397
0.140814
-2.015055
0.088462
0.451757
-1.372986
0.340050
0.728854
-2.769303
-1.353098
0.728158
-1.996484
-0.061924
0.726765
0.728854
-0.336682
-0.335397
-0.335717
0.468091
-0.335075
0.088293
-0.075973
0.724676
-2.401633
-0.503737
-1.057287
-0.070638
-0.336039
0.295609
0.728854
-1.728600
-2.265784
0.727462
-0.075611
-0.076409
-0.337003
0.088377
-0.076046
-2.405337
0.343606
0.727462
-0.324153
0.725371
-1.577763
-1.695881
0.599102
0.466300
0.725371
-1.348798
-0.075828
-0.788563
0.728854
-0.542636
-0.778852
0.727462
0.467645
-0.335717
-0.075900
0.467196
-0.616590
-0.075393
-0.075684
-0.075755
-0.075611
0.728158
-0.334755
-0.075900
0.726765
0.726069
0.727462
0.726765
-0.075755
0.724676
0.733029
-1.768380
0.728854
-0.336361
0.727462
0.742458
0.730246
-1.543541
0.467645
-0.337323
0.469882
-1.502309
-0.355319
-0.336361
0.729549
-0.766031
0.724676
0.727462
-0.456180
0.724676
0.727462
-0.326081
0.726069
-0.919628
-0.425662
-1.756480
0.874577
0.216512
-0.075536
0.724676
0.727462
0.727462
-2.075829
0.728854
-0.321904
0.467645
1.300294
-0.806422
0.472802
-0.334755
0.728158
0.726765
-1.572641
-0.336039
-0.075900
-0.336682
0.728158
-0.075973
0.467196
0.728158
-0.335717
-2.234708
0.726069
-0.181693
-0.075900
0.628632
-1.238778
0.725371
-0.336682
0.728854
0.468986
-0.430287
-0.335717
-0.075755
-2.534826
0.276290
-2.617145
0.404143
-0.075755
-0.075684
-0.075900
-0.075684
-0.336682
0.467645
-2.079836
0.730246
0.727462
0.726765
0.728854
0.726069
0.728854
0.728158
0.464959
0.727462
-0.075684
-0.586242
-0.336361
-2.107644
0.403136
-0.541597
-3.691331
0.466749
-0.330256
0.730246
0.886958
-1.482496
-0.075900
0.730246
-0.075684
-2.370273
0.727462
-0.337003
0.469434
-3.318651
0.730943
0.468539
-0.932852
0.058460
-1.766295
0.728158
-2.067815
-0.753191
-0.169461
0.724676
0.730246
0.465853
0.467645
-2.424037
-0.196671
0.728854
-0.550443
0.467645
-0.334755
-0.075828
0.730943
0.392259
0.468091
-0.075611
0.723981
-0.221932
0.731639
0.467196
-2.137721
-0.504217
-0.323510
-1.786469
-0.335075
-1.464826
0.143674
-0.336039
-2.171367
0.725371
0.723981
-1.624328
0.403941
-1.283090
0.728158
-1.733106
0.723285
-1.416953
-2.326284
0.726069
-0.351324
-2.984820
-1.605296
0.724676
-0.076191
0.728854
-0.335717
-0.334755
0.470330
0.088293
-4.904924
-0.336039
0.725371
-0.335717
0.725371
-0.008077
-0.730309
0.467645
0.728854
-2.065809
0.088293
0.730246
0.727462
-0.335075
0.468986
0.488852
-0.072995
-2.970317
0.727462
0.727462
0.507395
-0.760334
-0.434860
-3.707744
-0.075900
-1.171678
0.154766
0.088122
-0.075755
-2.396657
-0.180303
-0.319815
0.725371
-1.335802
0.468091
-0.319173
0.088209
0.728854
0.729549
0.088462
0.726069
-0.335717
0.726765
0.467645
0.727462
0.728158
-0.075828
-1.884181
-0.415328
-1.599152
-0.323297
0.730246
-0.335717
-0.271479
0.724676
0.469882
-2.123277
-1.270742
0.728854
-0.075611
0.727462
-0.076046
0.724676
-1.765956
-0.075684
0.728158
-0.075900
-0.670446
-0.336361
-0.384054
-2.634557
-4.505077
-1.279662
0.727462
-0.075755
0.727462
-0.075755
-2.418693
0.486158
-1.237593
-0.075828
0.888664
-2.439775
0.469434
-0.337645
0.726069
0.469434
-0.075828
0.727462
-1.135633
-2.402998
0.469434
0.727462
0.728158
0.499518
-0.076263
-0.076119
-0.335075
-0.336361
0.452875
-1.234027
-3.315416
0.724676
0.385810
0.631052
-0.170281
-0.335397
-0.757335
-0.124408
-0.075900
0.464959
0.726765
0.730943
-0.336361
-1.381558
-0.076119
0.614297
-2.271390
-1.235215
-0.595224
0.669179
-0.076046
0.729549
0.727462
0.088209
-0.335075
0.728158
-0.761889
0.468986
-0.388853
0.457613
0.468986
-2.339033
0.467196
-1.231652
0.724676
0.728158
0.466749
0.728854
0.731639
-2.059798
0.590467
-0.075684
-2.123277
0.693699
0.726069
0.728158
0.468986
-2.503571
-3.707957
-1.824952
-0.076046
-0.075973
0.728854
0.727462
-0.336039
0.726069
0.697180
0.723285
0.887811
0.728854
-2.955813
-2.736900
0.726069
0.726765
0.724676
-0.336361
0.724676
0.728854
0.466749
-0.125006
0.732334
-0.335717
-0.335397
-0.075828
-0.335717
0.468986
-4.427211
0.692424
-0.321100
0.467645
0.726765
-1.339857
0.729549
0.085152
-0.378384
-0.076191
-1.941026
-1.335802
-0.255745
-3.610239
-0.335397
-0.501318
0.088377
0.727462
-0.171452
-0.337003
0.446611
0.729549
0.728854
-2.748915
0.728854
-0.542117
-0.336361
-0.335397
-3.634040
0.729549
-2.984820
-0.075973
-0.334434
0.464959
0.729549
-0.170446
0.442359
0.728158
0.466749
-0.335717
0.468539
0.728854
-1.119491
0.724676
0.726765
-1.288279
0.728158
0.088037
-2.189497
0.728854
-0.072778
0.731639
-3.162263
0.727462
-2.178835
0.467645
0.726765
-0.075900
0.726765
0.468986
-2.253532
-0.335717
-1.838955
0.727462
0.679983
0.728158
-0.170281
0.467645
-0.456095
-0.076046
0.723981
0.728854
0.559194
-2.922831
-0.400861
-2.623316
0.466300
-2.187363
-2.077948
-1.344900
-4.185572
-2.118247
0.726765
0.467196
0.886102
-2.964515
-2.059798
-0.350379
-1.003838
-3.297626
0.408173
0.888664
0.726765
-0.075536
-2.129533
-1.401738
-0.336361
-0.769526
-0.155152
0.468539
-0.335717
0.088633
-2.185231
-0.075684
-0.076483
0.467196
-0.623702
-0.336039
0.729549
0.088377
-0.335397
0.728854
0.728854
-0.075828
0.727462
-0.076046
-2.073825
-0.075393
0.467196
0.448624
0.724676
0.726765
0.467645
-0.334434
-2.764282
-1.343600
0.724676
-1.347497
-4.545123
0.466300
0.724676
-3.328036
-0.075684
-2.510168
0.631657
-0.075973
-3.368854
0.629841
-0.962324
0.726069
0.727462
-0.454429
0.728158
-0.174751
-0.322708
-0.415017
-0.336361
0.726069
-0.075828
-0.075900
-1.522511
0.468539
0.725371
-0.076046
0.017192
0.150361
1.324044
-0.541078
-0.784326
0.467645
-2.212909
-0.335717
-2.468144
0.727462
-0.654268
0.888664
-1.365416
-2.552729
-0.335397
0.729549
0.722587
-2.976119
-2.071822
0.730246
-1.049955
0.468986
0.726069
-2.976119
0.725371
0.728158
1.455917
-0.075684
0.726069
0.339035
-2.968867
-0.033566
0.728158
-1.838160
0.726765
0.729549
-0.335075
-0.072995
0.726069
0.729549
-0.075900
-2.075668
-0.851517
-0.234324
0.726069
-1.232840
0.728158
-0.075900
-0.334755
0.725371
0.624398
0.469882
-0.335075
-0.075755
0.465853
-0.075611
0.726069
-0.336039
-0.765456
-0.075900
0.467645
-2.077833
0.465505
-0.072741
-0.660986
0.726069
-0.334434
-2.973217
0.468986
0.336663
-0.336039
-2.114939
-1.175018
-0.804700
-0.890701
0.726765
-0.075755
0.730246
-0.811974
-0.335717
-0.851741
-0.551347
0.467645
-0.900570
-1.700696
0.730943
0.468539
-1.420296
-0.076046
0.088377
-0.335717
0.725371
-0.593927
0.726765
0.470330
0.469882
0.798137
0.726765
-0.170772
0.726069
-0.337003
-0.075536
0.723285
0.726069
-2.081839
-0.075828
-0.075828
0.088209
-0.335397
0.725371
0.726765
-1.533486
-0.335397
0.730246
0.726765
-0.075973
-0.336039
-3.337692
0.728854
-0.424481
0.728158
0.726765
-0.480369
-0.319333
0.466300
-0.075755
0.724676
-0.075973
-2.534468
-2.051785
0.729549
0.728854
0.284924
0.153420
-3.263474
0.466749
0.726765
-0.321742
-0.030602
0.470776
-0.840943
0.726765
-0.334434
-3.713407
0.728158
0.730246
-0.583099
-1.713511
-0.648822
0.671367
0.468091
0.726765
0.727462
-2.122338
-0.075900
-0.062267
0.088462
-0.075900
0.730246
0.620826
-0.075973
0.696484
0.730943
-0.307608
-0.075755
-0.170939
-1.763337
0.724676
-0.335397
-0.655268
-0.335717
0.726765
0.726765
-2.065809
-1.437519
-0.961021
0.464062
-0.075973
-0.075684
-0.075973
-0.075684
-0.643534
-1.960738
0.889518
-0.337003
0.727462
-2.225371
-0.336361
-3.365509
0.466749
-1.338278
-2.065809
0.728158
0.727462
0.728158
0.727462
0.727462
0.402130
0.728854
0.451310
0.466749
0.461378
0.730246
0.727462
-0.075684
0.725371
0.726765
0.728158
0.465853
0.487879
0.728158
-0.269694
-3.312182
0.886958
-0.075900
-0.334755
0.726765
-0.538243
0.726765
-0.336682
-0.418689
0.467196
-2.398324
0.723981
-2.683147
-1.616050
-1.264202
-0.304958
0.727462
0.726765
-0.075536
0.730943
0.410188
-2.130574
-0.336039
-0.170281
-0.075900
-2.614530
0.726765
-2.069818
-1.838955
0.726765
0.725371
-2.059798
-0.334755
0.468986
-0.753601
0.728158
0.087870
-0.334111
-0.336039
0.449072
0.726765
-2.073825
-0.307037
0.728854
1.278448
-0.335075
-0.872349
0.467196
0.727462
0.469434
-0.169955
0.728854
0.724676
-0.075755
-0.717615
-3.274983
0.468091
-2.273870
-0.073066
-0.334755
0.728158
0.468091
0.722587
0.728854
-0.501801
0.467645
0.728158
0.728854
0.467196
0.728158
-0.075755
-2.361943
-3.383908
-0.808882
0.450863
0.469882
-0.624634
0.728854
-0.075611
-0.336682
0.724676
0.728158
-0.283618
-0.075611
-0.075900
-2.112855
0.726765
-1.023999
0.885248
0.727462
0.444374
-0.771470
0.468091
0.729549
-1.399551
0.478643
-0.075900
0.728158
0.728158
0.088377
0.726765
0.727462
-0.075828
0.730943
-0.335397
-0.892542
0.466749
0.723981
-0.173449
-0.075828
-0.335075
-1.531546
-0.503253
0.728158
-1.346766
-2.051785
-0.029593
-0.686165
-1.021949
-1.000925
0.468091
-0.007920
-0.325278
-2.457358
0.218433
0.339711
-0.075536
0.730246
0.087954
-0.075900
0.803262
-0.075755
0.466749
-1.704043
-0.170281
0.725371
0.728854
0.732334
0.450193
-1.474467
0.729549
-0.692692
-0.072886
0.726765
0.730943
0.727462
-0.075973
0.468986
-0.335397
0.467196
-0.283054
-0.075828
0.038692
-0.322868
0.469434
-2.016849
0.469434
-2.559573
-0.075684
-0.336039
-2.854896
-0.322386
-0.470606
-2.067815
-1.569494
-1.413440
-1.350630
-0.335717
0.726069
0.467196
0.727462
0.889518
0.726069
-0.335397
-2.789023
-0.071651
-0.076119
0.466749
0.725371
-1.579178
-1.382551
-0.075755
0.468539
-1.476673
-0.072343
-2.059798
-1.642109
0.729549
0.724676
0.728158
-0.072886
0.728158
-2.483865
0.467196
-0.319494
-0.076046
-0.075973
-0.335717
-0.114615
-0.075393
-0.075900
-1.685538
-0.076119
0.083200
0.727462
0.085452
0.467196
0.726069
0.468986
-0.075755
-0.076046
-0.433374
0.729549
-1.470789
-0.075900
0.402933
0.730246
-1.138051
0.447731
0.468091
0.728854
0.467196
-0.767196
0.726069
0.468539
-0.075973
-0.335075
-0.071761
-1.786374
0.730246
0.728158
-0.336039
-2.071822
-0.334434
-1.221132
-0.876209
-0.076191
0.729549
-0.075973
-0.551691
0.468539
0.726765
0.557543
-2.965965
-2.227140
-2.635343
0.088377
-1.350096
-0.545378
-2.094054
-0.075973
-1.231652
-0.322708
0.725371
0.875082
0.726765
-1.638504
0.725371
-0.334755
-1.177611
-0.075611
-0.334434
-0.704589
0.731639
0.726069
0.721890
-0.075973
-0.917058
-2.476474
0.723981
-2.053788
-1.703860
-0.336682
-2.367037
-0.075828
0.724676
-0.909651
0.597611
0.728854
0.725371
-0.335075
0.726765
0.467645
-0.335717
-1.330606
-2.658024
0.726069
0.723981
-1.537703
0.096708
-1.569296
0.394875
-0.075900
0.628895
-0.336039
-0.075828
-0.319333
-0.075755
-0.281923
0.727462
0.491285
0.338694
-1.503885
0.731639
-0.076191
-1.469816
0.726765
0.553413
-2.042299
0.725371
0.728854
0.727462
-0.075611
-0.076046
0.345130
-0.989279
0.728158
-0.337003
0.725371
-2.126406
0.726069
0.729549
0.728854
0.725371
-2.073825
0.726765
0.410792
-0.321420
-3.284688
-0.253560
0.726765
0.088037
-0.438673
-0.075755
0.566630
-2.732695
0.889518
0.599397
-0.336039
0.552035
0.728158
0.727462
-0.758873
-0.336039
-0.335397
-0.247751
-0.075828
0.728854
-1.647797
0.279414
0.465407
0.208155
-1.705644
-0.335397
-0.429368
-0.664911
-1.439901
0.728158
-2.709591
0.727462
0.726765
0.726069
-0.762527
0.468091
0.728158
0.727462
0.888664
0.468539
0.402330
-1.135544
0.726069
-4.226729
-0.075684
0.729549
-0.336039
0.467645
-0.337323
0.723981
-0.834763
-0.203178
-0.336682
-2.973217
-0.335075
-0.075684
0.449295
0.487879
-2.458468
-1.345478
-1.793803
0.723285
-1.350630
-0.934470
0.724676
-0.321742
0.729549
-1.696510
-2.972224
0.695787
-0.336361
-3.318651
-0.169955
-0.708340
0.725371
0.726765
-0.415666
0.728158
-2.402998
0.449072
-0.314194
-0.319494
0.726765
0.728158
-1.257773
0.730246
-0.326884
-1.908992
0.726069
0.658919
-0.336039
-0.336682
-0.335397
0.725371
0.883544
-0.815220
0.556442
-2.465725
-2.395987
-0.503737
-2.400663
0.731639
0.725371
-0.576761
0.726069
0.727462
-0.319977
-0.334434
-1.258822
-0.335397
-1.597931
-1.241154
-0.333470
-2.022512
-0.076046
-0.335717
0.728158
0.467196
-0.248939
-1.236404
-0.335717
-0.337003
-0.324954
-1.555794
-0.076335
-3.736639
0.404546
0.726765
-0.076119
0.726069
0.726765
0.468091
0.726069
-1.680608
-1.554674
0.468986
0.142220
-1.275893
0.728158
-0.541078
0.457141
-0.075536
-0.335717
0.726069
0.340050
-0.008189
-0.335717
0.726765
-1.278151
0.727462
1.181784
0.726069
0.628025
-0.113799
1.531008
0.517259
-1.260121
-1.469931
-1.376517
-1.464170
0.728158
-2.249137
0.643034
-0.174751
0.728158
0.730943
-3.189873
0.728158
0.493230
-1.630391
-0.075611
-0.336361
-0.075611
0.566347
-0.481348
0.726765
0.725371
0.726069
0.726765
-0.336682
0.725371
0.467645
-0.335397
0.728158
-0.075684
-0.320780
-2.071822
0.727462
-2.040762
-0.075536
-0.075684
-0.075611
-1.409226
0.728854
-0.076119
-0.076046
0.430949
-1.725900
0.469882
-2.075829
0.466749
-3.838369
0.088548
-2.619929
-3.315416
0.728158
-0.075464
-2.529896
-2.489542
-0.075900
-0.169141
-0.285170
-0.075828
0.727462
0.488366
0.445767
0.728158
-0.663231
0.726765
-1.491346
-0.075828
-0.075900
-0.334434
-1.319252
0.726069
0.728158
-1.479863
-2.687038
0.466749
0.728158
-0.336682
0.723981
-2.185231
0.727462
0.725371
-0.337003
0.089669
-2.187363
-1.559909
-2.041897
-0.075464
-3.280168
0.286318
0.449966
-0.099815
-0.075755
-2.280842
-0.861135
-0.732494
0.468986
-2.185231
-0.075755
-0.173971
-2.279236
-0.335075
1.251508
0.724676
0.728854
0.468091
-0.429463
-0.075900
0.725371
0.726765
0.726765
0.726069
1.322065
-0.075973
0.469434
-0.320297
-0.158410
-0.336682
0.593744
0.727462
-1.887344
-0.755840
0.728158
-3.377218
0.729549
0.727462
0.726765
0.468091
-3.023848
-0.075828
0.729549
0.724676
-1.581689
-0.336039
-1.697844
-0.833848
0.451086
-0.075684
-1.136793
0.630446
-0.334434
0.466749
0.730943
-1.055510
-3.312182
0.468091
-0.993233
0.730246
-1.339700
-0.075755
0.726069
0.629841
0.726069
-0.075684
0.726765
0.729549
0.725371
-2.075829
0.838655
-2.463055
-0.075755
-0.321581
-2.241174
0.553965
-3.738841
0.450638
0.469434
0.468091
0.364592
1.175216
-0.075611
-0.033899
-2.641383
0.180930
-0.335075
-4.226729
-1.860431
0.469434
0.725371
-2.279236
-0.146932
0.691958
-0.703355
-0.170281
0.513145
0.485690
0.629841
0.726069
-0.334434
-0.075321
-2.067815
0.729549
-2.124320
-0.075973
0.466300
-1.236404
0.467196
0.725371
0.723285
0.601182
-3.243588
0.726765
-4.362696
-0.336361
0.726069
0.445268
0.727462
0.728854
-0.324153
-0.075900
-0.335397
0.727462
0.785589
0.726765
-2.554553
-2.208966
0.599397
0.726765
-1.234027
0.622983
-0.335717
1.348504
-0.336682
-0.303477
-2.545658
-0.450885
0.727462
0.728158
0.724676
-1.495654
0.726765
0.451310
0.729549
-2.120151
-2.952911
0.469882
0.468986
-0.075611
0.723285
-2.081839
-0.718355
0.727462
-2.355546
0.444597
-2.674137
-0.143884
0.388629
0.724676
0.888664
0.728158
-0.838930
-0.321100
-0.075828
0.466749
-0.323029
-2.085848
0.449072
-1.426789
0.730943
-1.813192
0.725371
-2.549485
-0.905572
-0.075828
-0.336039
-0.823307
-1.228307
0.725371
0.733727
0.468091
0.724676
-0.075973
0.467645
0.726765
0.731639
0.728854
-0.337003
0.731639
-0.076046
0.668320
-0.326081
-0.336361
0.726765
-3.071188
-0.075828
0.726765
-0.977393
-0.169792
-3.299242
-3.266988
-2.059798
-0.075755
0.728854
0.721196
-3.137955
0.598379
-0.319494
0.726765
-1.600683
-0.290343
0.727462
-0.008219
0.468986
-4.507302
0.466749
0.549284
0.728158
-1.052199
0.470330
0.676973
-2.260067
-3.436178
0.724676
-0.842054
0.730246
0.721890
-0.243359
-0.075973
0.724676
0.494634
-0.335397
-3.100033
0.406965
0.161998
-0.337645
-0.336682
0.729549
-0.337003
-1.464170
-0.322226
-3.567252
-0.907861
-1.338402
0.467645
0.723285
0.726765
-0.320457
-0.336361
0.514688
-1.732027
-1.507735
-0.504701
-2.123277
0.470685
0.084896
-1.352697
-1.365034
-0.336039
-2.981918
0.088037
-0.075973
-0.075828
0.728158
-1.674735
-0.934936
-1.905787
0.723285
0.726765
-1.667156
0.513915
-0.075611
-1.974016
0.065736
0.467196
-0.630106
-0.334755
-1.400428
0.728854
-0.335075
0.728158
-3.297057
-1.573781
0.726069
-0.502767
0.726765
-1.371464
0.513024
0.726765
0.725371
-0.336361
0.725371
0.044166
-2.981918
-0.075755
0.468091
-0.007854
0.724676
-0.075900
-0.336682
0.656503
-1.276917
-0.336039
0.728158
-0.186957
-0.075900
0.891226
0.727462
0.469434
-0.170281
-0.335075
0.727462
1.289354
0.468091
-2.174571
-1.344900
0.401121
0.727462
0.466749
-0.982242
0.447282
-0.336361
0.726765
0.443478
-0.335717
0.728158
0.338018
0.516862
-0.075973
-1.467845
-1.100318
-0.125125
0.468539
-0.076191
-1.441826
0.729549
0.469434
-0.075828
0.726765
-0.181518
-2.105025
-3.141770
0.010561
-0.076191
-0.716878
-1.533479
0.728158
0.729549
0.727462
0.466300
0.726069
0.468986
-1.297820
0.484961
-0.075464
-0.075611
-1.348798
-1.956576
0.729549
0.727462
0.888664
-0.846755
0.727462
0.725371
0.725371
0.727462
-0.335075
-2.044908
0.453099
0.468986
-2.651145
1.453335
-0.076335
-0.076046
-0.335397
0.467196
0.723285
-1.668602
-2.067815
0.410993
0.728854
0.550658
-0.335075
-0.336039
0.466749
-2.063807
-0.075900
0.725371
-0.542636
-0.741236
-2.034837
-2.317153
-0.918269
0.727462
-2.953562
-1.687820
-0.432506
0.728854
0.725371
-0.075828
-3.114806
-1.619658
-0.876633
0.366633
-0.334755
0.728158
0.725371
0.723285
-0.334755
-0.075973
-0.959872
0.726069
0.888664
0.728854
0.728158
-2.107644
0.469882
-2.950637
0.725371
-0.324634
-0.335397
0.467196
0.726069
-2.281481
-0.075973
0.725371
-0.610399
-0.075828
-2.390776
0.726765
-0.075464
0.728158
-0.073213
0.467196
-0.336039
-2.165548
-0.425532
0.729549
0.629236
0.726765
0.727462
-0.625264
0.729549
-0.170446
0.466300
0.729549
0.726765
-2.685697
0.468539
0.466300
-0.334755
0.727462
0.728854
-2.232544
0.726069
-3.155841
0.726765
0.447282
-0.718355
0.728158
0.728854
-0.076119
-0.599756
-0.075828
-0.431984
-1.839079
0.729549
0.630446
0.468091
-1.664631
0.726765
-0.335397
-0.311662
-1.349341
-0.335397
-2.069818
0.726765
-0.416308
0.833911
-1.872438
-0.075828
-0.634864
0.469434
0.450416
-0.335075
0.467645
-0.432651
0.467645
-2.431049
0.726069
-0.334755
-2.067815
-1.348798
-2.968867
0.728158
-0.075611
0.728854
0.467645
-0.685264
0.729549
0.467196
0.467645
-0.075973
0.723981
0.728854
-2.056531
-0.334434
-0.336039
-0.546463
0.466749
0.731639
-0.902743
0.724676
0.468091
-0.174404
-0.076119
-2.617689
0.730246
-0.075900
-0.076191
-0.337003
0.725371
-1.823281
-0.545748
0.467196
-0.075973
0.698919
-0.920080
0.088122
-0.075536
0.726069
0.468539
-0.200569
0.727462
0.726765
-2.069818
-0.076046
-0.705989
0.726765
-0.336039
-1.533063
0.726765
-1.832232
0.724676
0.726765
0.453323
0.728158
0.726765
0.728854
-0.075755
0.412219
0.728854
0.725371
-0.076046
-0.706691
0.727462
-0.599249
-1.991284
0.468986
-0.438305
-0.075828
0.728854
-0.170281
0.665207
-0.075755
0.729549
-1.467663
0.726765
0.728854
0.468539
-0.075900
0.723285
-0.075755
0.467196
-0.170117
-0.228585
-2.179901
-2.537293
0.088548
0.466749
-0.075973
-3.308947
0.728854
0.730246
-3.300861
-0.384385
-0.172494
-3.180527
0.467196
-0.075900
0.728158
-2.988997
0.696832
-2.119107
0.728854
0.726069
-0.277769
-0.161683
-0.320137
-2.079836
0.466300
-0.076046
0.447731
0.727462
0.726069
0.468986
-0.465082
0.460483
-0.075611
0.728854
-1.099311
0.728854
-0.526096
-2.247675
0.726069
0.512888
0.730943
-4.596290
0.728158
0.726765
0.728854
-0.319173
-1.563063
-0.740656
0.664545
0.726765
0.465853
-2.176704
-0.662917
-0.075900
-0.075464
0.727462
-3.362311
-2.539988
0.726765
0.466749
0.728158
-1.394480
-0.581947
0.726069
0.726765
-0.336361
-1.541061
0.886958
0.468091
0.726069
0.728158
0.726765
0.466749
-1.363218
-0.337323
0.721890
0.468986
0.467196
-0.075973
0.730246
-2.685587
0.725371
-2.110770
0.558783
-2.109728
-2.014874
0.728158
-0.596016
-0.322547
0.468091
-2.387784
0.726069
0.468539
0.405958
0.466749
-0.075755
-1.696510
-0.074957
-2.447586
0.727462
0.467196
0.727462
0.466300
-0.075755
-0.174576
-0.075684
-2.709888
-0.075684
-0.075973
0.727462
0.724676
-0.365600
-1.596198
-4.247307
0.728854
-0.053372
0.468539
-0.334434
0.680655
0.730246
-0.335397
-0.335717
0.726765
0.728854
0.728158
0.467645
-0.334755
0.729549
0.730943
-3.175741
-0.174144
-1.958584
-0.075684
-1.343600
-2.176125
0.467645
-0.075755
0.516486
0.725371
0.728158
0.733029
-1.345478
-0.075755
0.726765
0.724676
0.726069
-0.061861
0.726765
-4.442784
-2.484304
0.695437
0.468091
-2.113897
-1.855257
0.728854
0.722587
0.552311
-2.481447
0.734422
0.465853
-2.067815
-0.931225
0.466749
-0.171887
0.728158
-0.190674
-1.532328
0.387134
-2.059798
0.728854
0.726765
0.727462
-0.076119
-1.271977
-0.336682
0.728158
-0.323831
-0.075684
-0.075973
-3.233365
-2.952911
-0.337003
-0.758873
0.730943
0.088548
-0.335717
0.728158
0.467196
-1.228090
0.243540
-2.697781
-0.336361
0.449743
-0.873004
0.728854
0.733029
0.727462
0.723981
-0.430676
0.449519
-0.413944
0.728158
0.372110
0.192184
-0.322559
-1.339700
-0.335397
0.469882
-2.458468
0.726069
-0.170117
0.727462
0.729549
0.726765
-0.337323
-2.077833
0.728158
0.726765
-0.125006
-2.131618
-0.787396
0.726765
0.728854
0.887811
-0.321581
-2.466935
0.594934
-3.328036
0.726765
-0.334111
-0.982466
0.629236
-0.431419
-3.273366
-2.963065
-1.275861
0.463616
0.670502
-0.336039
0.629236
-2.152148
0.726069
-0.480772
-2.319074
-0.334434
-0.303174
0.835222
0.724676
0.466300
0.466300
-2.071822
-0.075684
0.725371
-0.285452
-4.565145
-3.318651
-0.172755
0.730246
-1.721546
0.731639
0.468986
0.468539
-3.260601
-2.842705
0.628632
-0.076191
0.468986
-2.987721
0.729549
-0.608109
-0.334755
0.470776
0.728158
0.726765
-0.417892
-0.335397
-2.075829
-0.804611
-0.075973
-2.185769
0.728854
-1.342299
-0.289449
-0.336682
-0.075536
-0.686598
0.468539
0.725371
0.468986
-0.561062
0.579429
1.191035
0.729549
0.443701
-0.170281
-1.647561
0.468986
-2.285854
-0.336361
-0.075755
0.340219
-0.955576
-2.127449
0.726069
0.726069
-1.806215
-4.525100
0.891226
0.723981
-0.591518
-0.334755
0.467645
-0.337003
-0.075684
-1.949594
-2.183100
0.729549
0.467196
-1.348055
0.726069
0.623207
0.599992
-3.318651
0.726765
0.088037
-2.083843
0.660131
0.467196
0.467196
-2.623750
0.727462
-0.787739
0.727462
0.465853
-0.204385
-0.075900
0.729549
0.731639
-0.325278
-0.168644
0.729549
0.726069
0.468091
-0.075828
-0.075828
-2.051935
1.285505
-2.232723
0.468986
-1.861079
0.728158
0.724676
-3.229327
-0.397393
-0.075900
0.727462
0.730943
0.728854
0.489095
-0.335717
-2.229747
-1.476993
-0.076046
0.176547
-0.075900
0.729549
-0.335075
0.626212
0.780904
-2.494645
-1.551529
-1.428908
0.728854
-1.696725
-0.075973
0.725371
-0.335397
-0.252429
-0.322386
-0.076191
-3.758135
0.723981
-0.500352
0.725371
-1.342902
0.723981
-0.334755
-0.075464
0.723981
-0.075536
-2.073825
-1.269505
-1.509398
-1.345478
-1.453139
-0.710895
0.728158
0.468091
0.466749
-0.075684
-2.727283
-0.335075
0.726069
-0.911933
-0.075828
-2.976119
-0.434894
-0.287711
0.728158
-2.061803
0.467645
-0.008104
-0.784677
0.724676
-0.397731
-3.358819
-0.075755
-2.079836
-0.075973
0.726765
0.488609
-0.322708
-0.075973
0.726069
0.467196
-2.281481
0.727462
0.730246
0.724676
-2.128491
0.467645
-0.076119
-0.322065
0.729549
-0.125247
-1.448726
0.727462
-0.075973
0.728158
-1.342299
-2.436216
-0.173537
0.726069
-0.075973
-1.856232
0.725371
-0.335397
0.467645
0.729549
-0.072378
-0.754853
0.728854
-1.481300
-2.143682
-0.174924
0.724676
-0.075900
-0.952421
0.728854
0.486664
0.088293
0.724676
-0.075755
0.445044
-0.075464
0.338525
0.519829
-0.336039
-1.343600
-1.338402
0.467645
-2.128491
-2.355546
0.886102
-0.333470
-0.075973
-0.181693
-0.075828
-0.075684
0.727462
0.723981
-0.542117
-0.322547
0.467645
-2.113897
0.469434
-2.270774
-3.079818
0.468986
0.722587
0.727462
0.725371
0.468539
-0.335075
-0.076046
-0.311978
0.516229
0.468539
0.676071
0.669274
0.285880
0.730246
-1.441195
-0.336682
0.475372
-2.071822
0.696484
-0.769916
-0.075973
0.630446
1.427523
-0.075321
0.466300
-0.076191
-0.336682
-1.550762
0.088209
-2.115983
-2.075829
-0.755471
-0.670932
0.726069
-2.947111
-0.335717
-0.075611
0.730943
-0.170446
-2.625039
-3.344127
0.467645
0.728158
-0.335717
-0.173708
-0.335075
0.448178
-0.335717
0.723981
-0.075973
-0.335075
-2.392481
0.726765
0.729549
0.729549
0.726069
-0.076046
-0.334755
0.446833
-0.324153
-2.079836
0.729549
0.729549
0.725371
0.467196
0.467645
0.726765
0.672710
-1.192458
0.465853
-2.053788
-1.686503
-0.333789
-0.076046
-0.075900
-2.129533
0.727462
-0.075900
0.468986
0.468986
-1.497851
0.468986
-2.059798
0.727462
0.726765
-2.481447
-2.050783
-0.075900
-2.075829
0.729549
-1.569099
-1.436772
0.466749
0.729549
0.724676
-0.333789
-0.613183
0.729549
0.723981
0.468091
-0.076119
-0.323029
-0.335397
-1.355293
-2.063807
0.888664
-2.065809
0.729549
-1.628426
-0.337323
0.726069
0.147446
0.466749
0.445493
0.721890
-4.218497
0.726069
0.726069
0.468091
-0.335717
-0.075828
-0.076119
0.552862
0.726765
-2.061803
-0.075900
0.727462
-0.323991
-0.075828
-2.769922
-4.556247
-1.602669
-0.311303
-0.335075
-0.641676
-2.457261
-4.226729
0.724676
-0.319815
0.728158
-0.075755
0.729549
0.446668
0.766687
-1.343600
0.466749
-0.169133
-0.433728
-0.411537
0.726069
-0.334755
-0.169298
0.466749
-0.281640
-2.970317
0.694047
-0.335717
-0.124889
-0.335075
-0.667241
0.466749
0.723285
0.728158
-3.794759
0.728158
-1.348055
-0.335075
-0.075755
-0.173364
0.088377
-0.623266
0.725371
-0.075755
-2.265784
-0.322065
-0.549755
-0.962762
-0.335717
0.468539
-1.680126
-4.103884
-0.335397
0.468539
0.523252
0.465853
0.639062
-0.075828
-0.075828
-0.594854
0.724676
-0.072343
-1.545385
0.469882
-0.075755
0.467645
0.729549
-2.125362
-1.625044
-2.086019
-2.069818
-0.608537
-0.201572
-2.073825
-2.061803
0.728158
-0.075684
-0.320941
-1.352697
-0.325117
0.466300
0.728158
0.728158
-0.336682
0.727462
0.724676
-0.641676
-2.878434
0.729549
0.467196
0.725371
0.724676
-3.792026
0.727462
-0.075900
-0.335717
-0.335717
0.467645
-0.541078
-0.503737
0.564948
-0.322547
0.708665
-1.231652
0.467196
-0.501318
0.370433
-0.075755
0.468986
0.493927
0.467645
-2.759977
0.469434
-1.807003
-0.075755
0.517000
-0.335075
-0.169955
-3.494297
0.728158
-0.557987
0.469434
0.729549
0.724676
-0.008193
-2.118068
1.317447
0.729549
0.730943
-2.180967
-0.172321
-2.094598
0.468986
0.723981
0.726765
0.468539
-0.597331
-0.075973
-0.076263
-2.268590
-1.701126
-0.336039
-0.075900
0.728158
0.467196
-1.733793
-0.076046
0.774443
-0.075755
-2.402057
-0.613804
-0.075755
-0.075900
-0.336039
0.469882
0.181842
-0.433512
-1.412100
-0.967262
-1.654849
0.880981
-2.120151
-2.531533
0.726069
0.468986
0.729549
-0.075611
-0.075536
-1.462397
0.630446
0.729549
-0.075393
-3.242686
-0.281076
0.727462
0.725371
-2.080886
-0.435233
0.466300
0.723981
0.726765
0.468091
-2.236868
-0.334434
-1.172109
-1.226886
-0.076119
0.727462
0.466749
-0.075755
-0.075393
-0.075611
-0.075536
0.725371
-2.167507
-2.958713
0.338355
-0.335717
-0.008254
0.727462
-1.351397
-0.118061
-3.367261
0.726765
0.466749
0.088718
-1.408813
-0.075973
-1.022460
0.134482
-0.705989
-0.076191
-2.376230
0.729549
-0.072486
0.468986
-1.584959
-1.050409
0.726069
-2.836323
-0.608850
0.468539
-0.075755
0.726069
0.468986
-2.272240
-3.304095
-0.335397
-0.641058
0.728854
-0.323029
0.450863
-0.335397
-1.230466
-0.334434
-0.173708
0.729549
0.729549
-0.674905
0.726765
-1.469319
0.728158
0.728158
0.723285
-0.550818
0.729549
0.726765
-0.334111
-0.335717
0.728854
-2.121194
-0.253689
-0.431148
0.727462
0.726765
0.729549
-2.187363
0.468091
-0.336361
0.728854
0.455452
0.674295
-0.335397
-0.076119
0.726069
0.622612
-1.294539
-0.008113
-0.880108
-3.343763
-0.167660
0.726069
-0.238411
0.726765
-0.075973
-0.684981
-0.335397
0.727462
0.729549
-1.195349
-0.076119
-0.334111
-0.075684
-0.075611
-1.661262
0.464959
0.729549
-0.325758
-2.387146
-0.075973
-0.071615
0.725371
-2.077833
0.552035
0.726765
-2.075829
-1.928749
0.728158
-0.322226
-0.977597
0.469882
-2.955813
0.467196
-2.055793
-0.170446
0.467645
-0.322708
-0.075828
0.726069
0.728158
0.451533
-0.557266
0.726765
0.554514
0.728854
0.637076
0.470454
-0.335717
-1.341002
-0.075900
-1.246138
0.597016
0.466300
0.728158
0.726069
-1.399047
-1.370784
0.594634
-1.495345
0.723285
-0.282628
0.728854
0.726765
-0.223198
-0.335397
-2.964515
0.723981
0.723981
-0.075755
-0.201975
0.088037
0.726069
0.724676
-0.075755
-1.455119
-1.529616
0.629841
-0.324474
-0.335075
-0.335075
0.728854
-0.075828
0.467645
-2.093050
-0.075755
-2.065809
0.727462
0.729549
0.728158
0.728854
0.728158
-0.072923
-0.170281
-1.237593
-0.075900
0.467196
0.727462
-0.076191
-1.769221
-2.655576
0.726069
0.724676
-2.079836
0.282352
0.728158
-1.278151
0.468986
0.726069
-2.727304
-0.161768
-0.543673
-1.229277
0.634428
-0.326721
-2.212368
-3.105632
-1.217502
-2.326933
0.725371
-1.392306
-1.512990
-3.304095
-0.075611
0.725371
0.519572
0.727462
-0.730909
0.709960
0.724676
-0.319815
-3.395308
-0.323510
0.727462
-3.344127
-2.465725
0.728854
-2.257937
-0.075900
-1.347497
-1.652842
0.726069
-2.047777
-0.172819
0.728158
-3.318651
0.726765
0.730943
0.725371
-2.144711
-2.061803
0.468986
0.727462
-2.069818
-0.625253
-0.168457
0.726765
0.726765
0.730246
0.468986
-2.965965
-0.643534
0.517517
-2.723330
-0.337003
-0.430073
-0.337645
-1.842343
0.725371
0.101762
-0.075900
-0.170281
0.726765
0.726765
-2.288208
0.728854
-0.335717
-0.334755
-2.013549
0.468986
-2.472982
-2.016718
-0.542117
0.467196
-1.476993
-2.276394
-0.334111
-0.075321
0.726765
0.466300
-1.224912
-0.075684
-0.076046
-1.457552
0.728158
-0.333789
0.726069
0.212772
-2.407675
-3.334822
0.730246
-0.075900
0.728158
-2.125362
1.030687
0.728158
0.631657
0.725371
-0.335397
0.468539
-0.642296
-0.443757
-0.680933
-1.902276
0.728854
-0.336039
-1.276917
0.727462
0.466300
0.727462
0.678753
-1.353307
0.728854
-0.075973
0.728158
0.730246
0.728158
0.730246
0.467196
-0.075900
0.730246
-0.075755
0.329379
-0.465442
0.725371
-2.462225
-0.474011
0.698222
-0.075755
-0.334755
0.725371
0.514430
-0.335717
0.728158
0.726765
0.886958
-3.531476
0.726765
-1.278151
-0.336682
-2.075829
-1.207897
-0.324474
0.148193
0.730246
-0.317729
-2.188915
0.728854
0.728158
0.467196
0.630446
0.468091
-1.361356
-0.324954
0.468091
0.469882
0.728158
-0.950984
-0.334434
0.564388
0.729549
0.728158
-3.305506
-4.569595
-3.436027
0.698571
-0.075611
-2.793381
0.772635
-0.076046
-1.432981
-0.076046
-0.169955
0.468539
0.468539
-0.336039
0.729549
-2.475400
0.728854
0.726069
-1.949872
-1.347497
-0.335075
-0.075755
0.727462
0.469882
-0.075900
0.723981
0.468091
0.724676
-3.292773
0.726069
-2.069818
-0.283054
0.724676
-0.076046
0.733029
0.728854
-0.552435
0.467196
0.088462
0.466749
0.726069
0.727462
-0.075828
0.467196
-0.334755
-0.075536
-0.315158
-1.579521
-0.335075
-0.075755
-0.585980
-1.711373
0.467645
-0.075900
-0.757411
0.726765
0.450416
0.633705
0.668517
-0.075828
-0.336682
-0.075973
0.724676
-0.075828
-1.348055
1.288713
0.728158
0.447505
-0.075900
-0.335075
-0.334111
0.728158
-0.177032
-0.032043
-0.313712
0.785197
-2.053788
-0.075900
0.465407
0.399709
0.674725
-2.634821
0.728158
-0.075684
0.724676
0.726069
0.727462
0.466749
0.727462
-0.322226
0.727462
-0.076046
-0.335717
0.724676
-0.075828
-0.032043
-0.337323
0.726765
0.732334
0.728854
-0.072269
-0.320618
-0.130006
-1.657178
-2.063807
0.726069
0.701704
0.468091
-0.433943
-3.311981
0.728158
0.595827
0.729549
0.726069
-2.013715
-0.170446
0.732334
-1.280622
0.088209
-0.335397
0.547907
0.468539
0.728158
-0.336039
-0.075464
0.451757
0.629236
0.469434
-0.076119
-0.075755
0.467645
-1.856124
-0.075611
-0.320941
-0.335717
-0.075973
-0.075828
0.728158
-1.792677
-0.075900
0.726765
0.547907
-0.076046
-0.070381
-0.075611
0.403136
0.727462
-1.708474
-0.335075
-0.083579
-0.008104
-2.069818
0.728158
0.727462
-2.314172
-0.555991
0.468986
-0.307298
-1.022460
-0.867125
-0.075973
-2.463306
0.842765
0.728854
0.466749
-0.335717
0.728854
0.468091
-4.574043
-0.076046
-1.236404
-0.076046
0.725371
0.672039
0.728854
-2.433742
0.726069
-0.439104
0.727462
-0.075755
-0.335397
-0.075900
-1.010154
-1.017429
-3.483851
0.725371
-0.337003
0.728854
-1.992361
0.728854
-1.884091
-2.069818
-0.335717
0.727462
-0.336682
0.467645
-0.324153
0.466300
-2.182034
-2.069818
-0.544193
-2.182034
0.467196
0.728854
-2.217413
0.599696
0.726069
-0.335075
0.468986
-0.075828
0.466749
0.726765
0.726765
-0.072704
0.723981
-0.075973
-0.436740
0.728158
0.724676
0.728854
-2.497214
-2.053788
0.728854
0.724676
-0.075684
-0.401863
-3.318673
-0.409334
-2.099016
0.552035
-2.282600
0.726765
0.724676
-2.947111
-0.072486
-2.112855
-0.021364
-0.337003
0.730943
-1.379623
-0.336039
0.726765
-0.075900
-0.336361
-2.987721
0.467645
0.725371
0.467645
0.727462
-1.067940
0.727462
0.627420
-0.335717
-0.076046
0.469882
-0.075900
0.886958
0.724676
-2.191625
-0.336682
0.468539
-0.321742
-0.336039
-0.075900
-0.075611
0.729549
0.208501
-0.431363
-0.504217
0.727462
-0.075828
-0.076409
0.730943
-0.335075
0.725371
-2.476609
0.656832
-0.075900
0.728854
0.632262
-0.336039
-0.334755
0.725371
-0.075828
-0.336039
0.727462
1.165532
-0.336361
-0.075611
-0.388972
-2.280358
0.468091
-0.076119
-0.335717
-0.336682
0.728158
-0.335717
0.402733
-0.075755
-0.075828
0.728854
-0.076046
0.726765
0.485933
-2.079836
-0.334755
-0.075684
0.886102
-2.063807
0.723285
-0.925055
0.726069
-0.075755
0.728158
0.727462
-1.308342
0.726765
-1.342902
0.469434
0.722587
-0.075755
-0.075684
0.468986
0.468986
-0.501801
0.467645
-1.448287
0.468539
-0.170281
0.467645
0.553688
0.726069
-2.229133
0.448401
-0.336361
-0.335717
0.728158
-0.543155
0.729549
-3.505547
0.728158
0.489095
-0.334755
0.692654
-3.373861
-0.075828
-0.076119
0.886958
-0.335075
0.727462
-0.163240
-0.336682
0.728854
-0.072667
-0.775714
-0.170936
0.466749
-0.075973
0.727462
-0.662507
-1.721572
-2.093225
0.725371
-0.826736
-0.203681
0.728158
-0.502396
0.727462
-1.539887
-0.075900
0.725371
-0.719968
-0.173971
0.723285
-0.075755
0.694047
-1.951564
-2.060004
-0.075755
-1.530031
-0.619367
-2.061803
-0.334755
0.726765
-1.343600
0.515200
0.468986
0.625589
-0.075611
0.338865
-0.334755
0.465853
0.443924
-0.075611
0.088462
-0.075755
-0.335075
0.728158
-2.185231
0.726765
-2.063807
0.726069
-0.076046
0.725371
0.725371
0.729549
0.728854
0.727462
0.630446
0.727462
-0.542636
0.730246
0.468091
-0.072450
0.728854
-1.458287
-0.333789
0.466300
0.727462
-0.336039
0.704488
0.728158
-0.321100
-0.916008
-0.075828
0.468539
-0.502285
-0.076119
-2.375519
0.726765
0.726069
-0.334755
0.467196
-0.335397
0.727462
-0.334755
-0.582522
-0.830652
-0.501801
-0.334755
-2.108685
0.729549
0.467196
0.726765
-2.425493
-1.866076
-2.963065
0.486908
0.727462
0.465407
0.727462
-0.075973
0.726069
0.726765
-0.075755
-1.690651
0.726069
0.729549
-0.335075
-2.733872
0.727462
-1.813357
-1.469099
-0.337323
0.466749
-0.335075
0.728854
0.728854
-0.503253
-0.334755
-0.337003
0.374050
-0.337003
0.726765
0.605052
0.732334
0.726069
-0.336361
0.733727
0.730246
-0.365813
0.466300
-2.072768
-0.335397
0.728854
-0.335717
0.467645
0.729549
0.590467
0.548732
0.889518
0.724676
-0.848912
-0.334111
-1.633739
0.726069
0.727462
-2.948561
-0.334434
-0.322226
-1.226900
-0.890440
0.467645
-0.335397
0.728854
0.466300
0.467645
0.730246
0.731639
0.726765
0.929631
-0.336682
0.728854
0.468091
-0.759603
0.469882
-0.334755
0.519315
-3.444934
0.724676
0.730246
-1.347497
0.727462
0.728158
-1.344900
0.729549
-0.075828
0.727462
-0.717086
0.468986
0.726069
0.725371
-0.907410
0.725371
-2.632622
0.466749
0.467645
-2.085848
-0.190959
0.725371
-3.032544
0.466749
-0.336039
0.467645
0.730246
-0.331862
-2.122235
-0.335397
0.726069
-1.624216
0.726765
0.726069
0.464959
0.634099
-1.368742
-0.335717
-0.334434
-2.531630
-0.361103
0.726069
0.728854
-0.323991
-2.395987
0.875006
0.629841
0.332802
-2.871596
-0.075900
-2.008619
-2.410010
0.723981
0.726765
-0.336039
-0.076191
0.404344
-0.335717
-0.868035
0.890372
-0.075900
-0.170772
-0.286018
-2.061803
0.727462
0.726765
0.726069
0.726765
-0.075684
0.472836
-0.433185
-0.336682
-0.075393
0.726765
0.469882
-0.764333
0.594337
0.466749
0.727462
0.088209
0.727462
-0.072232
-2.067815
0.733029
-2.067815
-2.126406
0.468986
0.729549
-4.511751
0.727462
0.726069
0.727462
0.726069
-0.755948
-0.120631
-0.075900
-0.334434
-2.315775
-2.950012
-0.075536
-0.759603
0.724676
-0.076046
-0.075900
0.730246
0.729549
-0.125006
-0.543155
-0.335397
-0.076191
0.726069
-2.200156
0.630446
0.728854
-0.336361
-1.238778
0.403136
0.729549
0.727462
0.724676
0.466749
-0.075755
0.728854
0.039011
0.726069
0.728854
0.728854
-0.336682
0.729549
-2.208682
0.726069
-2.185231
0.470330
0.468091
0.726069
0.726069
0.402330
0.594041
-0.075828
-1.434882
-0.336682
0.726069
-0.076119
0.466300
-0.075464
-0.336039
0.725371
-0.076119
0.724676
0.726765
-0.336682
0.726069
-0.075900
0.726069
-2.463306
0.434752
-0.075973
0.731639
-1.794460
-0.075828
-2.077833
0.726069
-2.417026
-1.974295
-0.335717
-0.428781
0.729549
-3.331589
-0.306338
0.726765
0.727462
-3.438562
-0.075900
-3.101933
-2.747700
0.726765
-0.075464
0.726069
-0.801166
0.627420
-0.075684
0.466300
-0.542117
0.629236
0.726069
0.468539
-0.430550
0.723285
0.726069
0.701008
0.726765
0.728158
-0.075973
-0.334755
0.486176
-2.951462
0.724676
-3.335737
-0.075828
0.702876
0.466749
0.726069
0.723981
-0.324795
-0.336039
0.723285
-1.865962
-2.795541
0.724676
-0.335075
0.726069
-0.334434
0.728158
-1.059379
0.468986
0.725371
0.728854
-0.334434
0.726765
0.729549
-0.075393
0.727462
0.725371
0.888664
0.727462
0.730246
0.468091
0.729549
0.728158
0.469882
0.466300
-0.075755
0.730943
-0.075828
-0.075755
-0.334434
-0.333789
-0.075611
0.467196
-0.076191
0.466749
0.728854
-0.337323
0.468091
0.726765
-0.076263
0.730943
0.467645
0.726765
0.726765
-0.075755
-0.336039
0.470330
0.729549
0.724676
0.727462
0.728854
0.468986
0.728158
0.726765
-0.335075
0.726069
0.728854
0.731639
0.726765
0.732334
0.886958
-0.337003
0.727462
-0.075900
0.725371
0.725371
-0.336039
0.468539
-0.075828
0.469882
0.468986
0.727462
0.726069
-0.334434
-0.075973
-0.336039
0.726765
0.725371
0.727462
0.726069
-0.181693
-0.813423
0.725371
0.729549
0.730943
-0.334434
0.727462
-0.076263
0.728158
0.469434
0.467196
0.467645
0.464959
-0.075611
0.730246
0.728854
0.467196
0.468091
-0.336682
-0.075684
0.725371
-0.336039
0.466300
0.722587
0.468986
0.730246
0.466749
-0.125726
0.729549
0.726765
-0.075755
0.467196
-0.075828
0.727462
0.727462
0.728854
0.725371
-0.336039
0.727462
0.468986
-0.336039
-0.170117
0.727462
-0.335397
0.468091
0.891226
0.729549
-0.076335
0.729549
-0.542636
0.724676
-0.336682
0.728158
-0.075828
0.468091
-0.337323
0.725371
0.468539
0.466300
0.470330
-0.075755
0.727462
0.468986
0.886958
0.723285
0.732334
0.466749
-0.334111
-0.075755
0.730246
0.726765
0.728854
-1.345478
-0.075684
-0.335397
-0.334434
0.468539
0.469882
0.728158
0.726069
0.088293
0.728158
0.467645
0.724676
-0.335717
-1.350630
0.468091
-0.076046
0.728158
0.723981
-0.076263
0.728854
-0.335717
0.723981
-0.075973
0.729549
-0.336682
0.728854
-0.170609
0.728854
0.466749
0.467196
0.727462
0.728854
0.723285
0.725371
0.727462
-0.337003
-0.334111
0.726069
0.727462
-0.335397
0.727462
0.723981
0.467196
0.728854
0.727462
0.469434
-0.075900
-0.336039
0.470330
-0.075900
-0.335075
0.726765
0.467196
0.467645
0.466749
-0.337003
0.724676
0.727462
-0.335397
-0.336039
-0.335397
0.729549
0.727462
0.723981
0.728158
-0.075755
0.728854
0.724676
0.728158
0.728158
0.730246
0.725371
0.724676
0.728158
-0.075900
-0.334755
0.726069
0.468539
-0.075973
-0.075611
0.468091
0.466300
0.726069
0.466300
0.468539
0.728854
0.730246
-0.335397
0.727462
0.468091
0.724676
0.468539
-0.334434
0.727462
0.725371
-0.336361
-0.075900
0.730246
-0.334755
0.466749
-0.075321
0.725371
0.728158
0.465853
0.468091
0.726765
-0.076046
0.726069
-0.336682
-0.076046
-0.542636
-0.335075
-0.336682
-0.545229
-0.075611
0.725371
-0.076191
0.468091
0.468091
-0.334755
-0.076263
-0.335717
0.726069
0.727462
0.726765
0.727462
0.465853
0.470330
-0.075973
0.729549
-0.075973
0.726069
-0.075755
0.728854
0.728158
-0.075900
0.730943
0.727462
0.470330
0.725371
0.728854
0.728854
-0.336039
0.728854
-0.075464
-0.075684
-0.075828
0.726765
0.726765
0.465853
-0.076191
-0.076046
-0.336039
0.469882
-0.337645
0.466300
-0.075755
0.726765
-0.075900
0.726765
0.723981
0.728854
0.468091
0.727462
0.468539
0.726765
-0.335717
0.726765
-0.076046
0.468539
0.726765
-1.353204
-0.075973
-0.076046
0.726069
0.728854
0.467196
0.728158
0.468986
-0.076119
0.724676
0.728158
0.726069
-0.337645
0.723981
0.723981
0.088293
0.728854
0.467645
0.725371
0.467645
0.466749
-0.335717
-0.335397
-0.075611
0.468986
-0.075973
0.726765
0.726069
-0.076119
-0.075973
0.726765
0.726069
0.725371
0.728158
0.728158
-0.540042
-0.805005
0.728158
0.727462
-0.075755
0.723981
-0.076046
-0.076119
0.730246
0.724676
0.466749
0.467196
0.468091
0.725371
0.465853
-0.336361
0.728158
-0.076263
-0.075611
-0.075828
-0.336682
-0.076191
-0.075611
0.724676
-0.076119
0.724676
-1.611442
0.465853
-0.075684
0.471672
0.726069
-0.075828
0.727462
0.623207
0.467196
0.726069
-0.337003
0.726069
-0.335717
-0.075684
0.727462
0.468539
0.468539
-0.075900
0.727462
-0.076191
0.729549
0.730246
0.728854
0.467196
-0.075973
-0.075900
0.889518
0.725371
0.727462
0.726069
0.468091
0.725371
0.467645
0.729549
-0.076046
0.466749
0.469434
0.727462
0.619635
-0.075536
0.623801
0.726069
-0.076046
-0.075900
0.727462
0.467196
0.468539
0.731639
0.730246
0.728854
0.727462
-0.335397
-0.075973
-0.075828
0.726069
-0.075973
0.725371
0.729549
0.726765
0.728158
-0.075684
0.730943
0.725371
-0.540042
0.726765
0.728158
-0.075900
-0.076046
0.469434
-0.336361
-0.075900
-0.076046
0.722587
-0.076263
0.468091
0.468986
0.468091
0.726765
0.728854
-0.336039
0.465853
-0.076263
0.466749
0.725371
-0.336039
0.729549
0.467645
0.728854
0.723981
0.728854
0.728158
-0.335717
-0.334434
-0.336682
-0.336361
0.726765
0.726069
0.728158
0.727462
0.729549
-0.075611
0.728854
-0.075828
0.724676
0.468091
0.466749
-0.335717
-0.540042
0.727462
0.728854
-0.076191
0.725371
-0.335075
0.729549
0.727462
-0.075755
-0.335397
0.468986
-0.543673
0.467645
-0.335075
0.728854
0.628632
-0.075973
-0.544709
0.467196
0.728854
0.729549
0.726069
0.466300
-0.335717
0.728854
0.729549
-0.076119
0.728854
0.888664
0.728854
-0.335717
0.723981
0.467196
0.728158
0.728854
-0.075900
-0.076191
0.731639
0.728854
0.629236
0.726069
0.467196
0.727462
0.728158
0.728158
0.465407
0.728854
0.467645
-0.335075
-0.337003
0.727462
-0.075900
-0.335075
-0.076046
0.733727
-0.336682
-0.075828
-0.075973
0.087954
-0.336682
-0.335075
-0.075828
0.727462
0.726069
0.728854
-0.075828
0.468986
-0.336682
-0.336039
0.731639
-0.075973
-0.075973
-0.075828
0.467196
-0.075536
-0.335397
0.469434
0.723981
-0.334434
0.724676
0.728854
0.468539
0.722587
0.886102
-0.337003
0.728158
0.466749
0.727462
0.723981
-0.807307
0.727462
0.728854
0.468091
0.467196
-0.336039
0.732334
0.726765
0.467196
0.723981
-0.335075
0.470330
0.726765
0.727462
0.468091
0.730943
-0.075828
0.726069
0.727462
0.724676
0.728854
0.727462
0.467645
0.886958
-0.335075
0.468539
0.726765
0.728158
0.724676
-0.075828
-0.336682
0.727462
-0.075684
0.733029
0.467645
0.465853
0.468539
-0.334111
-0.335717
0.727462
0.730246
0.466300
-0.335717
0.465853
0.470330
-0.336361
0.729549
0.730246
0.728854
0.728854
0.467196
0.725371
-0.075973
-0.075464
-0.075900
0.726069
-0.170281
0.727462
0.727462
0.728158
0.470330
-0.334755
0.470330
-0.336039
0.728158
0.726765
0.731639
0.728158
0.629841
0.467196
-0.076046
-0.075828
0.728158
-0.335397
0.466300
0.728854
-0.075828
0.467196
0.726069
0.088209
-0.075828
-0.335397
-0.076046
0.467196
-0.334755
-1.346766
-0.075900
0.722587
0.729549
0.467645
-0.075900
-0.335397
-0.336361
-0.075900
0.729549
0.467645
-0.075973
0.466749
0.467645
0.727462
-0.803470
0.728158
0.725371
0.726765
-0.075973
0.466300
0.468539
0.726765
0.729549
-0.075755
-0.076046
0.728158
0.468539
0.728158
-0.336361
0.469434
-0.335717
-0.335397
0.729549
0.727462
0.727462
-0.075755
0.726069
-0.125247
0.467196
-0.075973
0.466300
-0.335397
-0.076119
-0.075828
0.887811
0.726765
0.466749
-0.075684
0.466749
0.468986
0.729549
0.729549
0.727462
0.726765
-0.541597
-0.170117
0.729549
0.729549
0.728158
0.726069
-0.336039
0.728158
0.727462
0.465853
0.467645
0.725371
0.728158
0.730246
0.468539
-0.075973
0.723285
0.467645
0.622017
0.467196
-0.075536
0.728158
-0.336361
-0.075828
0.727462
0.467645
0.726765
-0.170281
-0.075611
0.727462
-0.335717
-0.334755
0.467196
-0.170936
0.725371
0.726765
0.729549
0.727462
0.468539
0.467645
-0.076046
0.727462
0.728158
0.726765
0.723981
-0.543155
0.728158
-0.335717
-0.336039
-0.075973
0.724676
0.726069
0.724676
0.728158
0.731639
0.730246
-0.335397
-0.336682
-0.075900
0.728854
0.731639
0.726069
0.728854
0.727462
0.467196
0.468539
0.729549
-0.075755
-0.075900
0.727462
0.726765
-0.075828
0.726069
-0.334755
-0.124648
-0.075755
0.726069
0.886102
0.726765
-0.075973
-0.335397
-0.335717
0.728854
0.467645
0.727462
0.469882
0.728854
-0.075321
-0.075684
-0.336361
0.727462
0.728854
0.730246
0.725371
0.728158
0.466749
0.727462
0.468091
0.726069
-0.335075
0.467196
0.631052
0.728854
0.467645
-0.075828
0.730943
0.468539
0.727462
0.725371
-0.076191
0.728158
0.729549
-0.336361
0.468539
0.886958
-0.335717
0.466749
-0.336361
0.728158
0.724676
-0.076046
0.469882
0.730246
0.728158
0.469882
-0.335075
-0.335717
0.468986
0.730943
0.727462
0.088462
0.727462
0.728158
-0.075900
-0.075755
0.730246
-0.075973
-0.336361
0.728854
0.727462
0.728854
0.728158
0.467196
-0.336039
0.726069
0.468539
0.728854
0.726069
0.727462
0.466749
0.728158
0.730246
-0.075755
0.729549
0.728854
0.466749
-0.075973
0.466300
0.466749
0.466749
-0.335717
-0.541078
0.728854
0.723285
0.726069
0.088293
-0.335397
-0.336361
0.730246
0.726069
0.727462
0.727462
-0.075684
-0.336039
0.730943
0.727462
0.729549
-0.336039
0.467645
0.723285
0.723981
0.726765
0.728854
0.632867
0.727462
0.724676
0.467645
0.726765
0.727462
0.466300
-0.336039
-0.075828
-0.075900
0.466300
0.723285
0.727462
0.731639
0.728158
0.725371
0.730943
0.467645
0.728854
0.726765
0.466300
-0.075828
0.727462
0.730246
0.469434
-0.075973
-0.076046
-0.075900
0.467196
0.727462
0.468091
0.727462
-0.075755
0.728158
0.727462
0.724676
0.468091
0.467196
0.730943
0.726069
0.728854
0.468091
0.467645
0.725371
0.468986
0.727462
-0.076046
-0.075393
0.465853
0.465853
0.726765
0.729549
0.730943
0.724676
-0.076191
0.724676
0.727462
0.725371
0.732334
0.729549
-0.335075
-0.170446
-0.075828
0.725371
-0.336039
0.467196
-0.335397
0.729549
0.466300
0.723285
-0.336361
0.726069
0.467196
-0.075684
-0.335075
0.464959
-0.076191
0.728854
-0.075755
-0.335075
0.731639
0.469434
0.468986
0.468986
0.727462
-0.337323
0.727462
0.468986
-0.075973
0.726069
0.732334
0.726765
0.726765
0.466749
-0.075828
-0.336361
0.468986
-0.337003
-0.334111
0.727462
0.630446
-0.075828
0.725371
-0.075828
-0.075828
-1.346766
-0.076046
0.728158
-0.075536
0.727462
0.730246
-0.075828
0.465853
0.729549
-0.170117
-0.075973
0.466300
0.630446
-0.076409
0.726069
0.730246
0.728158
0.723981
0.726069
0.731639
0.467645
-0.335717
0.728854
0.723981
0.723981
0.468986
0.725371
0.728854
0.466300
0.726765
-0.334434
0.730943
-0.334434
0.728158
-0.075900
0.727462
0.726765
-0.335397
-0.125125
0.468091
0.468539
-0.334434
0.723285
0.465853
-0.075973
-0.335075
0.728854
0.728854
0.727462
-0.335717
0.728854
0.726765
0.729549
-0.180998
-0.335717
-0.335397
0.727462
-0.075900
0.629841
-0.076119
-0.075900
0.467196
0.727462
0.465853
0.728158
0.727462
0.728854
0.724676
0.727462
-0.075828
0.470330
0.728158
0.723981
0.466300
-0.075973
0.627420
0.726765
-0.336039
-0.334434
0.728854
0.726765
0.726765
0.726069
0.728854
-0.075611
-0.334111
-0.075900
0.727462
0.465853
-0.075828
0.731639
-0.336361
0.726765
-0.543155
0.726765
0.728158
-0.075755
0.728158
0.726069
0.468091
-0.075900
0.726765
0.727462
0.469434
0.726765
0.728158
0.726069
0.724676
0.728158
0.468091
0.728854
0.728854
0.466749
0.726069
0.727462
-0.335397
0.729549
0.727462
0.730246
0.466749
0.891226
0.730943
-0.335717
-0.334755
0.468539
0.468539
0.469882
0.726765
0.466749
0.468986
0.728854
-0.335717
0.728158
-0.076335
0.887811
-0.334755
0.725371
0.467645
0.467196
-0.075828
0.726765
0.728854
-0.075900
0.466749
-0.335717
-0.075755
0.725371
0.728854
0.726765
-0.336361
0.727462
0.726765
0.730943
-0.076191
0.723981
0.724676
-0.075828
-0.181345
0.728854
-0.075973
0.726765
-0.337003
-0.076046
0.728158
0.730246
0.468539
-1.350630
0.728854
0.726069
0.467196
-0.075464
0.468091
0.723981
0.724676
-0.075900
-0.075828
0.726069
0.726069
-0.076119
-0.075755
0.729549
0.731639
0.728854
0.726765
0.466300
0.728854
0.728854
0.465853
-0.076046
-0.336039
0.722587
0.470776
0.466300
0.726069
0.468091
-0.075611
0.728854
0.728158
-0.076046
0.728854
0.728854
0.890372
0.727462
0.730246
0.726069
0.724676
0.468986
0.467196
0.726765
0.468539
0.733727
-0.334755
0.728158
0.726069
0.726765
0.728854
0.724676
0.468986
-0.337323
-0.008499
0.726765
-0.334755
0.889518
0.088462
-0.335717
0.726765
0.726069
0.467645
0.728158
-0.076046
0.725371
0.468986
0.727462
-0.076046
-0.334434
-0.076046
0.730246
-0.075755
0.727462
0.728158
0.726069
0.725371
0.728158
-0.075900
0.468091
0.724676
-1.276862
0.728158
0.469882
0.730246
-0.335075
-0.075828
0.467645
0.728158
0.465853
0.728158
0.724676
0.727462
-0.336682
-0.075828
-0.076046
0.467645
0.726069
-1.606832
0.723981
0.726765
0.468986
0.726069
0.729549
0.468091
0.469882
0.727462
0.468986
0.467196
0.726765
0.726765
0.727462
0.728854
0.467196
-0.075973
0.466749
0.465853
0.725371
0.728158
0.466749
-0.335075
-0.335717
0.468091
0.726069
0.727462
0.728158
0.468091
0.728854
0.626212
0.467645
0.727462
-0.336361
-0.336682
0.467645
-0.335075
0.465853
0.465407
0.469434
0.886958
0.727462
0.728854
-0.336361
0.466300
0.468539
-0.336361
-0.335397
0.729549
0.728158
0.468539
0.468091
0.468091
-0.335397
-0.170281
0.726765
0.886102
0.467645
0.728854
0.729549
-0.337323
0.728854
-0.335075
-0.334755
0.725371
0.726069
0.466749
-0.334755
-0.335397
0.726765
0.727462
0.466300
-0.335717
0.728854
0.467196
0.730246
-1.614513
-0.075828
0.468986
-0.076119
0.727462
0.729549
0.466749
0.088122
0.721196
-0.334111
-0.335717
-0.334755
0.729549
0.725371
0.728158
0.466300
0.731639
0.729549
0.727462
0.467645
0.730943
-0.075973
0.466749
0.880990
0.728158
0.465407
-0.075973
0.728158
0.730246
0.467645
0.728158
0.728158
-0.543155
0.728158
0.729549
0.730246
0.724676
0.624993
0.466749
0.726069
0.723981
0.468986
-0.170609
-0.075900
0.726069
-0.075755
0.729549
0.730246
0.465407
0.467196
-1.602222
0.723285
0.726765
0.728854
-0.076046
0.727462
0.468091
0.726069
-0.334111
0.726069
0.726069
-0.335717
-0.075828
0.728854
0.727462
0.469434
-0.335717
0.726069
-0.075611
0.728158
0.727462
-0.334755
0.724676
0.724676
0.630446
0.088633
0.730246
-0.335075
0.729549
0.728854
0.726069
0.468986
0.726765
0.629236
0.727462
0.728158
0.467196
-0.076191
0.727462
0.467196
-0.335717
0.726765
0.467196
-0.335397
0.729549
0.467645
-0.076046
0.727462
-0.076119
-0.075611
0.466749
-0.335717
-0.075900
0.728854
0.725371
0.468091
-0.075828
-0.336361
0.468539
-0.075828
0.726069
-0.336361
0.728854
0.728158
0.730943
0.727462
-0.336361
0.466749
-0.170609
0.466300
0.726069
-0.337003
0.726069
-0.335717
-0.334755
0.727462
-0.075973
0.726765
-0.075828
-0.075828
-0.075973
0.468091
0.728854
-0.334755
0.470330
-0.075684
0.723981
0.728158
-0.170117
0.728158
0.723981
-0.334755
0.726069
0.469434
0.724676
0.726765
-0.076263
0.728854
0.728158
-0.075900
0.469882
0.726765
-0.336361
-0.335075
-0.076191
-0.335717
-0.075684
0.728158
-0.336039
-0.075973
0.728854
0.466749
0.728158
-0.335397
0.469434
-0.075755
0.728854
-0.075684
0.466749
0.466749
0.467645
-0.075684
-0.336039
0.728854
0.468091
-0.336361
-1.342902
0.729549
0.728158
0.728854
0.730246
0.724676
0.467645
0.723981
0.726069
-0.336039
0.726765
-0.333789
-0.075611
0.724676
0.468539
-0.334434
0.467645
0.724676
0.728158
0.732334
0.468986
-0.336682
0.728854
-0.335397
-0.075900
-0.544193
-0.075973
0.727462
0.726069
-0.075536
-0.334434
0.726765
0.727462
0.728854
0.727462
-0.336039
-0.335717
0.730246
0.723981
0.732334
-0.335397
0.728158
0.726765
0.725371
0.728158
-0.335717
0.730246
-0.076191
-0.075828
0.468539
0.728158
0.469434
0.467196
0.468539
0.468091
-0.336682
0.467645
-0.334434
-0.075973
0.726069
-0.336039
0.467196
0.726765
0.728854
0.724676
-0.075900
0.726765
-0.075900
0.725371
0.725371
-0.336039
0.470330
0.724676
0.468091
0.730246
-0.075828
0.728854
0.730246
-0.075684
-0.075828
0.728158
0.726069
0.468986
-0.075900
0.728854
0.726765
0.726765
0.724676
0.726765
-0.335397
0.729549
-0.336361
0.725371
0.726765
-0.125125
0.727462
-0.075973
0.723285
0.468539
0.726069
-0.335717
0.729549
-0.335397
-0.335717
0.730246
0.728158
-0.075828
0.730246
0.465853
-0.075684
-0.075828
0.723285
0.726765
-0.075611
0.466749
0.725371
0.466749
0.465853
0.465853
0.728854
0.726765
0.469882
0.728158
0.727462
-0.076119
0.619041
-0.336039
0.727462
0.468091
-0.075828
0.728854
0.725371
-0.336039
-0.076191
-0.544193
0.725371
-0.540563
-0.076119
0.468986
-0.075973
0.729549
-0.335717
0.729549
0.725371
-0.336039
0.466300
-0.075973
-0.335075
-0.336039
-0.075755
0.731639
0.728158
-0.336039
0.725371
-0.075828
0.726069
-0.170936
0.466749
0.727462
0.726765
0.729549
0.088209
-0.335075
-0.076119
0.726765
0.467645
-0.336682
0.630446
0.728854
0.726765
0.728854
-0.334755
-0.335075
-0.075755
0.886102
0.726069
0.468986
0.726765
-0.333789
0.726069
0.728854
-0.008533
0.724676
0.723981
0.727462
0.469882
0.725371
0.466749
0.723981
0.467196
0.468091
0.726765
0.728854
-0.075611
0.088122
-0.076191
-0.075536
-0.336039
-0.335717
0.728158
-0.335397
0.728158
0.467645
-0.336039
-0.335717
-0.334111
0.728854
-0.169955
-0.075973
-0.075611
0.728158
0.727462
-0.076119
-0.075755
-0.334111
0.726069
0.468539
0.726765
0.723285
-0.335397
-0.335075
0.729549
-0.075828
-0.543673
0.726765
0.467196
0.726069
0.729549
0.727462
-0.075755
-0.076046
0.728158
-0.075536
-0.076046
0.729549
0.729549
-0.075973
-0.335717
0.727462
0.728158
0.886958
0.727462
0.727462
0.726069
0.727462
0.726765
0.466300
-0.075828
-0.334755
0.726765
-0.333789
0.729549
0.727462
0.725371
-0.335075
0.888664
-0.076046
0.728854
0.726765
0.726069
-0.334755
-0.336682
-0.337967
0.469434
0.726765
-0.075684
-0.075684
-0.075973
-0.335717
0.469434
0.730246
0.467196
0.469434
0.466749
0.726765
-0.337003
0.468539
0.732334
-0.335397
0.467645
-0.335717
0.727462
0.469882
0.725371
0.469882
-0.075464
-0.336039
0.728158
0.729549
0.466300
0.726069
-0.076191
-0.334755
-0.335717
0.724676
-0.075611
-0.335075
0.728854
0.468091
0.728158
0.469434
0.727462
-0.075755
0.728854
0.726069
0.728854
0.468986
-0.334755
0.467645
0.730246
0.728158
0.726765
0.729549
0.464510
-0.170117
0.729549
0.468091
0.724676
0.727462
-0.075755
0.726069
0.467196
0.726765
0.724676
0.726765
0.727462
-0.075900
-0.335397
0.469882
-0.075755
0.728854
0.724676
0.468539
0.726069
0.727462
0.466300
0.726765
0.468091
0.469882
0.728158
0.467196
-0.334111
0.730246
0.468986
0.728158
0.726069
-0.075828
0.725371
-0.075684
0.467645
0.469434
0.728158
0.466749
0.727462
-0.075611
-0.075611
-0.076191
0.726069
0.728854
0.726069
0.468986
-0.076046
-0.334755
0.466300
-0.384326
-0.075900
-0.075828
0.726765
0.726765
-0.075684
0.467645
-0.334434
-0.170609
-0.182212
0.728854
-0.075755
-0.335397
0.467645
-0.336361
0.726069
-0.075684
0.728854
0.468091
0.724676
0.726765
0.467645
0.726069
0.726069
-1.344190
-0.336361
-0.075828
0.725371
0.727462
-0.075973
0.724676
0.728158
0.727462
0.469434
0.726765
0.729549
-0.335717
0.467645
0.727462
0.728854
0.727462
0.466749
-0.075464
0.468091
-0.076046
0.727462
-0.335075
0.730943
0.468539
0.732334
0.725371
-0.075684
0.729549
-0.336682
-0.335717
0.731639
0.468539
0.467196
0.727462
-0.075611
-0.336361
0.726765
-0.076046
0.726765
-0.075900
0.726765
0.727462
0.728854
-0.075900
0.726765
0.730246
-0.075611
-0.336682
0.729549
0.726765
0.468091
-0.075536
-0.076046
-0.335397
0.468986
-0.075611
0.469434
0.724676
-0.008467
0.729549
0.088293
0.726765
-0.076119
-0.075828
0.727462
0.726069
-0.540563
0.725371
-0.336039
0.728158
0.726765
-0.335075
-0.075464
0.886958
0.728158
-0.075973
0.726069
0.725371
-0.335075
0.728158
0.726069
0.730943
0.726069
0.468539
-0.335717
0.723981
0.726765
0.464510
0.729549
-0.336361
-0.335397
0.728158
-0.170609
0.723981
-0.075900
0.731639
-0.075684
0.728158
0.728158
-0.336039
0.469882
-0.075828
-0.075973
-0.335397
0.726765
0.727462
0.727462
-0.334111
0.469434
0.468986
-0.125367
0.729549
-0.008459
-0.335717
0.729549
-0.335717
0.726069
0.890372
0.886102
0.728854
0.728854
-0.335397
0.726765
0.467196
-0.075684
-0.336361
-0.075684
0.886958
0.467645
0.469434
0.726069
-0.076119
0.468091
0.726069
0.728854
-0.075755
0.470776
-0.075536
-0.336039
-0.335075
0.728854
0.726765
0.726069
0.468539
0.728158
-0.075684
0.728158
0.727462
0.729549
-0.542636
-0.336039
-0.336039
0.726069
-0.075684
0.728158
0.726069
0.728854
0.726765
-0.337003
0.725371
-0.170446
0.723981
-0.334755
-0.334755
-0.336361
0.730246
-0.335717
-0.336039
0.730943
0.725371
0.727462
0.466300
0.726069
-0.336039
0.728158
-0.336039
0.724676
0.728854
0.728854
-0.075755
-0.337645
-0.075900
-0.335075
0.627420
0.727462
0.724676
0.727462
0.729549
0.723981
0.726069
0.724676
0.726069
0.726069
0.728854
0.466749
0.728158
-0.336039
-0.334434
-0.075973
0.726765
0.726765
0.730246
0.466749
0.728158
0.728854
0.723981
0.723981
0.728158
-0.332826
0.728854
-0.075973
0.726765
0.468091
0.726765
0.724676
0.468986
0.729549
-0.075828
0.466749
0.726765
-0.336682
-0.335075
0.730246
0.726765
0.725371
-0.076263
-0.075900
0.728854
0.726069
0.469882
0.724676
0.468539
-0.075611
0.728158
-0.075828
0.725371
-0.334434
0.467196
0.726765
0.728854
0.730246
-0.075973
0.730943
0.730943
0.728854
0.728158
0.886958
0.727462
0.728158
0.731639
0.730246
0.465853
0.890372
0.728854
0.728158
0.468539
-0.076046
-0.336039
0.621421
0.728854
0.727462
0.729549
0.468539
-0.334755
0.725371
-0.075464
0.467196
0.468539
0.728158
0.726765
-0.336039
-0.075973
0.726765
-0.075536
0.729549
-0.125367
0.728158
0.727462
0.724676
0.728854
-0.076046
-0.075900
0.727462
0.728854
0.726765
0.728158
0.725371
-0.075755
0.467645
0.728854
-0.170117
0.732334
-0.335717
0.885248
0.730943
-0.335717
0.729549
0.727462
0.728854
-0.333470
-0.075684
-0.075684
-0.075536
0.728158
0.726765
0.726069
0.723981
0.467645
0.726069
0.728854
0.728854
-0.335717
-0.336039
-0.335717
-0.075828
0.728854
0.726765
0.727462
0.726069
-0.075828
0.726765
0.466300
-0.336361
-0.336039
0.727462
0.728158
0.726069
0.726765
-0.335397
-0.544193
-0.075973
0.727462
0.468539
0.726069
0.729549
0.468986
-0.076119
0.724676
0.087701
0.726069
0.726765
-0.075755
0.729549
-0.075684
-0.075973
0.730246
0.468091
0.730246
0.726069
0.468539
-0.075900
-0.076119
0.088377
0.730246
0.725371
0.724676
-0.335717
0.726765
0.465853
0.629841
0.726765
0.469882
0.468539
0.728854
-0.335075
-0.334434
0.726765
0.726765
-0.336682
0.727462
-0.075828
0.726765
0.726765
0.726765
0.726765
0.467196
0.728158
0.728854
-0.337003
0.725371
0.727462
0.728854
0.725371
0.468091
-0.076119
0.728158
0.726765
0.728854
0.724676
-0.334755
0.887811
-0.076119
-0.543155
-0.336039
0.726069
0.725371
0.467196
0.728158
0.728158
0.725371
-0.334755
-0.076119
0.726069
0.465407
0.466300
0.728158
-0.076191
-0.076263
-0.075900
0.726069
0.728854
0.723981
-0.075828
-0.334434
0.728854
0.726765
0.725371
0.732334
-0.334434
-0.075828
0.730943
-0.170772
0.467196
-0.076046
0.727462
0.722587
0.722587
0.726765
0.728158
0.721890
-0.169955
0.727462
0.726069
-0.076046
0.629841
0.731639
-0.335075
-0.337003
0.724676
0.724676
0.733029
0.728854
0.468539
0.726765
0.727462
-0.075828
-0.334111
0.727462
-0.076046
0.466749
0.728158
-0.542636
-0.336682
-0.337003
0.729549
0.728158
0.628632
0.726069
0.467196
-0.336682
0.727462
0.730246
-0.335397
0.725371
0.468091
0.728158
-0.076046
-0.075684
-0.333470
0.468539
-0.337003
-0.335397
-0.075684
0.725371
-0.334755
0.728854
0.729549
-0.336682
0.467645
0.727462
0.465853
0.726765
0.467196
0.728854
0.465407
0.728854
0.726069
0.726765
0.727462
-0.075536
0.726765
0.468539
0.728854
0.730246
0.726765
0.467645
0.728854
0.724676
-0.075828
0.725371
-0.076119
0.466749
0.728158
0.727462
-0.334434
0.727462
0.726765
0.088209
-0.075973
0.726765
0.466300
0.726069
0.466749
0.468091
-0.544193
0.728854
0.725371
-0.335397
-0.169955
0.469882
-0.181345
-0.336039
0.723981
0.469434
-0.335397
-0.076046
0.466300
0.729549
0.726069
-0.075755
0.724676
-0.336682
0.726765
0.726765
0.726765
-0.335075
0.728854
0.728158
0.726765
0.731639
0.728854
0.468091
-0.075828
0.729549
0.728854
0.725371
0.727462
0.468539
0.726765
0.727462
0.469434
0.469434
-0.076119
0.464959
0.729549
-0.170117
0.729549
0.729549
0.468986
-0.337003
0.728854
0.728158
0.728158
0.468539
0.730943
0.727462
0.726765
0.628632
0.887811
-0.075536
-0.336361
0.727462
0.730246
0.728158
-0.076191
-0.334755
0.724676
0.886958
-0.075464
0.727462
0.727462
0.467645
-0.075828
0.728158
-0.076119
-0.076191
0.469882
0.723285
0.726069
0.088209
0.468986
-0.336682
0.729549
0.728158
-0.335397
-0.805770
-0.335075
0.728854
0.726069
0.467196
-0.335397
0.730246
0.466300
0.730943
0.466300
-0.075900
0.468986
0.726069
0.722587
0.726765
0.727462
0.467196
-0.334434
0.727462
0.468091
-0.075755
0.722587
0.887811
0.628632
0.730943
-0.336361
-0.333789
0.723285
-0.335397
-0.075755
0.726765
-0.075755
0.469882
0.726765
-0.076046
0.728158
-0.336039
0.726069
0.467196
0.729549
0.729549
0.730246
0.723981
-0.075611
0.730943
0.729549
0.727462
-0.075828
-0.337003
0.727462
0.723981
-0.337003
-0.335717
-0.335075
0.728854
0.469882
0.466300
0.724676
-0.076119
-0.076191
0.726765
0.467645
0.726765
-0.336682
0.468539
0.726765
-1.281755
-0.075828
0.087954
0.722587
0.728854
-0.336039
-0.076046
-0.075973
-0.075828
-0.075755
-0.335075
0.468539
-0.075900
0.725371
0.727462
0.467645
-0.075755
-0.076046
-0.075684
-0.076191
-0.335075
0.727462
0.728158
0.470330
-0.075536
0.727462
0.725371
-0.335397
0.466749
-0.337003
0.468986
0.728158
0.727462
0.088122
0.468091
0.724676
0.724676
0.885248
0.725371
0.729549
0.467196
0.728158
0.727462
0.728158
-0.075973
0.465407
0.724676
0.726069
0.468539
0.728854
-0.335717
-0.335717
0.469434
0.728854
-0.076046
0.468539
0.728854
0.728158
-0.336039
0.469882
0.725371
0.726069
0.728158
-0.075828
-0.075828
0.726765
0.467645
0.728854
-0.335075
0.727462
-0.075973
-0.075755
0.088122
0.727462
0.468091
0.730943
-0.336039
0.465853
0.467645
0.725371
0.887811
0.728854
0.888664
0.467645
-0.336039
0.467645
-0.076046
0.727462
-0.125006
0.465853
-0.075536
-0.334755
0.468091
0.728158
0.728158
-0.075828
-0.075973
-0.334434
-0.076046
0.728854
0.468539
-0.334111
0.726069
-0.170936
0.730943
-0.337967
-0.336039
0.730943
0.728158
0.728158
0.467196
-0.075755
0.468091
0.466749
0.466749
0.730246
0.728158
-0.075611
0.088122
0.726765
0.724676
-0.075828
0.466300
0.730246
0.728854
0.726765
0.728854
-0.075900
-1.353204
0.471672
-0.076119
0.726765
0.725371
-0.075900
0.727462
0.467645
0.467196
0.468091
0.726069
0.722587
0.726765
0.728158
-0.076119
0.730246
0.886102
0.730943
-0.075900
0.630446
0.727462
0.727462
0.726069
-0.075755
0.725371
0.726765
0.726765
0.729549
-0.336039
-0.336039
-0.075900
0.727462
-0.334111
0.728854
0.466749
-0.075755
0.727462
-0.169625
0.727462
-0.335717
0.728854
-0.335397
0.467645
-0.334755
0.469434
0.468539
0.469882
0.727462
0.468091
0.728158
0.728158
-0.075684
0.467645
0.465407
-0.336361
-0.075684
-0.075973
0.727462
0.724676
0.465407
-0.336039
0.726069
-0.336039
0.466749
0.467645
-0.333789
-0.075611
-0.544709
-0.539524
0.465407
0.728854
0.728158
0.468091
-0.335397
0.730943
0.468986
-0.337003
0.728158
0.726069
0.728158
-0.335075
0.726765
0.728854
0.723285
-0.337645
-0.075900
-0.075900
0.728158
0.728158
-0.335075
-0.336361
0.726069
-0.336039
0.726765
0.726765
0.726765
0.728158
0.723981
0.723981
0.725371
0.883544
0.725371
0.726765
-0.075900
0.728854
0.466749
0.727462
0.723981
0.726069
0.726765
0.724676
0.726069
-0.335397
0.728854
-0.334755
-0.076191
-0.075684
0.467196
0.468091
0.726765
-0.075828
-0.075900
0.466749
-0.337967
0.733727
0.726765
0.729549
-0.075755
0.727462
0.467645
-0.334111
-0.075755
-0.335717
-0.075828
0.728158
-0.541078
0.727462
0.725371
-1.353204
0.728854
0.728854
0.889518
-0.075464
0.724676
-0.336039
0.729549
-0.075973
0.726765
-0.075973
0.467196
-0.075684
0.721890
0.469434
0.727462
-0.075393
-0.336039
0.723981
0.629236
-0.335397
0.725371
-0.541078
0.729549
0.728158
-0.337003
-0.076046
-0.335397
-0.075828
0.726765
-0.334434
0.468091
-0.336682
0.728158
-0.335717
-0.076119
0.729549
0.724676
-0.336361
0.467645
0.468091
0.468091
0.728854
-0.336361
0.728158
-0.075755
0.464959
0.468539
0.466749
0.467196
-0.335075
-1.608370
-0.336039
-0.075900
0.471222
-0.075536
-0.181172
0.726765
0.469434
0.727462
0.468091
-0.335397
0.725371
0.467196
-0.336361
0.723981
-0.076046
0.725371
-0.075828
-0.075900
-0.075900
-0.075973
0.729549
0.728854
-0.336039
0.725371
0.727462
0.724676
0.727462
0.730246
0.727462
0.466749
-0.075755
0.728854
0.466300
0.467645
-0.335397
0.468091
-0.076191
0.468986
0.728854
0.728854
0.730246
-0.076119
-0.335717
0.727462
0.468986
0.726765
0.466300
0.728854
0.468986
-0.124889
-0.335717
-0.075684
-0.335397
-0.075900
0.726765
0.724676
0.468986
-0.075900
0.726765
0.730943
0.468986
0.465407
0.467196
0.723981
-0.335717
0.468539
0.725371
-0.336361
0.468539
0.467645
0.726765
0.726069
-0.334755
0.466300
0.466300
-0.076046
0.727462
0.470776
-0.075900
0.469882
0.726069
0.466749
0.726069
-0.075973
0.727462
-0.076191
0.724676
0.728854
0.726765
-0.335075
0.727462
-0.170936
-0.334434
-0.335397
-0.335397
-0.075755
-0.076119
-0.075684
0.723285
-0.075973
0.729549
-0.335397
0.468986
-0.075755
-0.334111
0.726069
0.730246
0.730943
-0.076263
0.725371
0.726069
-0.075900
0.730943
0.726069
0.468539
0.727462
0.469434
0.465407
0.728854
0.465853
0.731639
0.728158
-0.075900
0.727462
-0.008476
0.728854
0.730246
0.728158
0.723981
0.727462
-0.336361
0.728158
0.468539
-0.334755
0.467196
-0.075828
-0.076191
0.726765
0.726765
0.727462
-0.334755
0.466749
0.885248
-0.075900
0.466749
-0.075900
0.727462
0.729549
0.726765
0.726765
0.731639
0.731639
0.725371
-0.336682
-0.336039
-0.542117
-1.346766
-0.076119
0.467196
-0.335397
-0.337003
0.466749
-0.335717
0.468986
-0.124889
0.088209
0.730246
0.629236
0.467196
0.728854
0.727462
-0.075828
-0.334755
0.726765
-1.344190
0.726765
0.467196
0.726069
0.467196
0.724676
0.725371
0.728158
0.467196
0.088037
0.725371
0.467645
0.728854
0.724676
-0.335075
0.728854
0.726069
-0.075611
0.729549
0.467645
0.467196
0.466300
0.729549
-0.075828
0.730943
-0.170446
0.467645
-0.333789
0.468986
-0.335717
-0.076191
0.725371
0.726069
0.730943
-0.076263
0.731639
-0.075900
0.727462
-0.334755
-0.336039
-0.336361
0.723981
0.727462
0.468091
-0.076119
0.723285
0.728158
-0.075536
0.726765
0.466749
0.725371
0.726765
0.887811
-0.075973
0.726765
0.467645
-0.334755
0.726069
0.726765
-0.335075
-0.076191
0.727462
-0.334434
-0.335397
0.726069
0.726069
-0.076046
0.726765
0.722587
0.730246
0.726765
-0.076119
0.729549
-0.336361
0.730246
0.730943
-0.076119
0.726069
-0.802702
0.088037
0.727462
0.725371
0.727462
-0.806539
-0.337323
0.729549
-0.076046
-0.336361
0.723285
0.726765
0.468091
0.467645
0.726765
-0.335717
0.728158
0.466300
0.725371
0.727462
0.728158
0.730246
0.723981
-0.075536
0.728158
0.729549
-0.334755
-0.076046
-0.334755
0.729549
-0.076046
0.725371
0.726765
0.729549
0.726069
0.468091
-0.335397
0.729549
-0.075611
-0.335717
0.730246
-0.075828
-0.334111
-0.336361
0.727462
0.728158
-0.075828
-0.076191
0.730943
0.726069
-0.075900
0.725371
-0.075611
-0.169625
0.726765
0.465407
0.726069
0.725371
-0.335717
-0.336361
0.728854
0.726069
0.727462
-0.334755
0.726069
0.088293
0.724676
0.726765
0.725371
0.465407
-0.335075
-0.075973
0.465853
0.728158
-0.075536
0.730246
0.727462
0.726069
0.468091
0.728158
-0.075828
0.726069
0.467645
-0.334755
0.728854
0.728854
-0.075611
-0.075973
-0.336361
-0.075900
-0.171100
-0.075755
-0.075900
0.723285
0.468539
-0.075755
-0.076119
-0.075828
0.467645
-1.349341
-0.075755
-0.336039
0.729549
-0.075973
-0.335075
0.726069
0.726765
0.728854
-0.075755
0.726069
0.730246
0.728854
0.727462
-0.075536
0.731639
-0.075900
0.726069
0.728158
-0.336361
-0.075611
0.724676
-0.336039
-0.335397
0.728854
0.725371
0.728158
0.467196
0.727462
-0.335075
-0.335075
0.468986
-0.335075
0.726765
0.727462
-0.075828
0.728158
-0.335717
-0.335075
-0.171100
0.726765
0.728854
0.726069
0.727462
0.725371
0.723981
0.726069
-0.336361
0.728158
0.726069
0.726765
0.727462
-0.335717
-0.336682
0.467645
0.726069
0.468986
-0.544193
0.726069
0.728158
-0.076046
0.727462
-0.075900
-0.075684
0.729549
0.725371
-0.076046
0.727462
0.726069
0.723981
0.731639
-0.075755
0.724676
0.468091
0.726765
0.726069
0.728854
0.728158
-0.075828
-0.076119
0.466300
-0.076119
-0.335717
0.728854
0.631052
-0.335075
0.468539
0.726069
0.468091
-0.075755
0.723981
0.729549
0.727462
0.723981
0.886958
0.727462
-0.075755
0.468539
0.728158
-0.075828
0.726765
-0.075755
-0.075973
0.466300
0.728158
0.726765
-0.075900
0.468091
0.726765
0.728854
0.726765
-0.075828
0.468539
-0.336361
0.729549
0.728854
0.731639
0.629236
0.728158
0.468986
0.727462
-0.335717
0.729549
-0.075900
-0.075611
0.467645
-0.075755
0.728158
0.726069
0.729549
0.728158
-0.075755
-0.333789
0.728854
0.727462
0.726765
0.726765
-0.075973
0.730246
-0.075536
0.725371
0.886102
-0.333789
0.726765
-0.075973
0.469882
-0.336361
0.725371
0.728158
0.726765
0.727462
0.726069
0.728854
0.726069
-0.337323
-0.075536
-0.335075
-0.076191
0.729549
0.721890
-0.336039
0.728854
0.727462
0.726069
0.725371
-0.076046
0.726069
-0.075900
0.726765
0.726765
0.467196
0.466749
-0.075828
0.467196
-0.335075
0.727462
0.726069
-0.334434
0.726765
-0.076046
-0.170609
0.727462
-0.334755
0.724676
0.728158
0.728158
0.469434
0.726069
0.728158
0.728158
0.465407
0.724676
0.467645
0.727462
0.468986
-0.075684
-0.075755
-0.335397
0.728854
0.468091
0.727462
0.724676
0.728158
-0.335075
0.726069
0.728158
0.467196
0.728158
-0.075973
0.468539
0.468539
-0.076046
0.726765
0.730943
-0.075684
-0.075973
-0.335397
0.628632
-0.334755
0.466300
-0.337003
0.729549
0.728158
0.725371
-0.333789
0.723981
0.467196
-0.075684
0.726069
-0.075464
0.629841
0.724676
0.728854
0.729549
0.730246
-0.075828
-0.336039
0.728158
-0.335717
0.728158
0.467196
-0.335075
0.724676
0.727462
-0.075684
0.724676
-0.335075
0.467645
0.729549
0.468091
0.727462
0.724676
-0.075684
0.728158
0.469434
0.727462
-0.075973
-0.075684
0.470330
-0.075755
0.726765
0.465853
0.723981
-0.075755
-0.335717
0.730943
0.726069
-0.075755
-0.075900
0.467645
-0.075973
0.733727
0.468539
0.730246
-0.335717
-0.075828
0.727462
0.467196
0.726765
0.728158
0.728854
0.727462
0.730246
0.882689
0.727462
0.726765
0.627420
0.468091
-0.335397
0.467196
0.468539
0.729549
0.467645
0.468986
0.468539
0.468091
0.726069
-0.075684
0.728854
0.728158
0.722587
0.727462
0.725371
0.467196
0.728854
0.723285
0.726069
0.468091
0.726765
0.725371
0.725371
-0.075828
0.726069
-0.075828
0.730943
0.727462
-0.075684
0.726069
0.468986
-0.075973
0.730943
0.724676
-0.076046
0.467645
-0.076046
0.729549
0.728158
0.726069
-0.075828
0.727462
-0.336682
0.725371
0.466300
0.727462
-0.075684
0.730246
0.468091
0.726069
0.726069
0.727462
0.727462
-0.075973
-0.075464
0.727462
-0.075684
0.728158
0.727462
0.727462
0.726069
0.470330
0.727462
0.469882
0.728158
0.466300
0.728158
0.729549
0.724676
0.728854
0.468986
-0.335075
0.728854
-0.075828
-0.075828
-0.335397
0.468539
-0.076046
0.726765
0.726765
-0.335397
0.725371
0.724676
-0.076263
-0.075900
0.730943
0.725371
-0.335397
0.729549
0.727462
0.726765
0.723981
0.728854
0.728158
0.726765
0.728158
0.728158
0.466749
0.467196
0.728854
-0.075536
0.724676
-0.075900
0.467645
-0.075828
0.466300
-0.075828
0.467196
0.889518
0.726069
0.728854
0.726069
0.889518
-0.334434
0.728158
0.726765
0.727462
0.467196
0.728854
0.730246
-0.075684
0.726069
0.728854
0.726765
-0.336039
0.728158
0.723285
0.726069
0.728158
-0.337323
-0.075828
0.088037
-0.075611
0.728158
0.726765
-0.076263
-0.075900
-0.335717
0.471222
0.727462
-0.543673
0.726069
-0.075321
0.726069
-0.336682
0.727462
0.467645
0.467196
0.728158
-0.336039
0.466300
0.727462
0.727462
0.726069
0.723981
0.728158
0.728854
0.467645
0.467196
0.467645
0.887811
0.728854
-0.335075
0.726765
-0.334755
-0.075684
0.727462
-0.075684
0.468539
0.727462
0.729549
-0.075611
-0.336039
0.467645
0.723981
-0.075755
0.726069
0.728158
0.726069
0.726069
0.468986
0.728854
0.727462
0.728854
0.467645
0.731639
0.726069
-0.075755
0.726069
0.728854
-0.075755
0.468986
0.469434
0.727462
-0.076119
0.726069
-0.337003
0.728158
0.725371
-0.336682
0.469434
0.728158
0.732334
-0.335397
0.727462
0.467645
-1.353204
0.465407
0.727462
0.725371
0.468986
0.728158
0.730246
0.728158
0.726765
0.467196
0.728854
-0.335717
0.468986
0.467645
0.728158
0.467645
-0.075828
-0.075973
0.728158
0.726765
0.467645
0.727462
0.469882
0.727462
-0.334434
-0.075755
-0.334755
0.729549
-0.075828
0.728158
0.468091
-0.336039
0.726765
-0.076046
-0.337003
0.728158
0.466300
-0.075900
0.726069
0.727462
-0.336039
0.466749
-0.076191
0.728854
-0.335397
0.465407
-0.181518
0.727462
0.730246
0.471222
0.723285
0.467645
0.727462
-0.076046
0.729549
0.628632
0.467196
-0.076119
-0.335397
-0.335717
0.726069
-0.541078
0.726765
-0.075973
0.728158
-0.075900
-0.334755
-0.075828
0.727462
-0.076046
0.726069
-0.075900
0.727462
-0.075828
-0.075684
0.728854
-0.075900
0.728158
0.468539
0.467645
0.730246
-0.076046
0.727462
-0.075684
0.726069
-0.334434
-0.335717
0.729549
0.466300
-0.076046
-0.335075
0.465853
-0.541078
0.725371
-0.335397
-0.335397
-0.076046
0.468986
0.726765
-0.075828
0.728854
-0.076119
0.725371
0.726765
0.727462
0.727462
0.466749
-0.076263
0.725371
0.726069
-0.075973
0.728158
-0.335397
0.469882
-0.336039
0.724676
0.465407
-0.336039
0.726069
0.728854
0.624398
-0.336039
0.467196
-0.336039
0.622612
0.723285
0.467196
0.729549
-0.075828
0.729549
0.888664
0.468539
-0.334434
-0.076046
0.468091
-0.336361
0.726069
-0.335717
0.465407
0.726765
0.726069
0.727462
0.726069
0.466749
-0.076119
-0.335717
-0.075828
0.467196
0.469434
-0.336039
0.730246
0.729549
-0.075973
0.468986
0.723981
0.468539
0.468539
0.468091
0.468986
0.465407
-0.336682
0.725371
-0.075464
0.728854
-0.075755
0.724676
-0.334434
-0.334434
0.886958
0.728854
0.726069
0.725371
-0.075828
-0.169625
0.725371
-0.335717
0.725371
0.728854
0.723981
0.465853
0.730246
0.728158
0.470330
-0.075684
-0.076263
0.885248
0.726765
0.466300
0.730246
0.468091
0.467196
0.466749
0.731639
0.467196
-0.170446
0.727462
-0.076335
0.725371
0.728854
0.887811
0.725371
0.725371
0.469882
-0.543673
-0.076119
0.724676
0.465853
-0.075611
-0.075828
0.726069
0.468986
0.725371
0.724676
0.467196
0.726765
-0.335075
0.729549
-0.075900
-0.075900
-0.076119
0.468539
-0.076046
-0.336682
0.729549
0.728158
0.087954
0.728158
0.467196
-0.075684
0.728854
0.728158
0.469434
-0.335397
-0.336361
-0.335717
0.088122
0.723285
0.727462
-0.076119
0.728854
-0.335075
-0.075755
0.725371
0.730943
0.726765
0.727462
0.468539
0.466300
-0.075611
0.727462
0.466300
-0.076046
0.728854
-0.075828
-0.336361
0.466749
0.728158
0.730943
0.729549
0.726069
-0.336039
0.466300
-0.075828
0.727462
0.732334
0.726765
0.467645
0.728158
-0.802702
0.726069
0.724676
0.728854
0.731639
0.468986
-0.076046
-0.075464
-0.335075
-0.075684
0.726765
0.728854
0.728854
0.467645
0.727462
-0.335397
-0.335075
-0.075536
0.466749
0.726069
0.726765
0.726765
-0.336682
-0.336039
-0.335075
0.728158
0.726765
-0.076046
0.726069
-0.075828
0.728854
0.727462
-0.337967
-0.335397
0.468091
0.726765
-0.335075
0.727462
-0.335397
0.724676
0.466749
0.723981
0.727462
-0.075611
0.468539
0.725371
0.724676
0.725371
0.729549
0.728158
0.724676
-0.335075
0.728854
0.726765
-0.337003
0.728854
-0.075900
-0.075321
-0.335397
0.468091
-0.075900
0.724676
0.726765
0.469882
-0.075536
-0.334434
0.467645
0.730246
-0.336039
0.892079
-0.335717
0.465853
0.727462
-0.170117
0.729549
0.888664
0.723981
0.465853
0.725371
-0.336682
-0.334434
0.466300
0.728158
0.468091
-0.336361
0.728158
0.728854
0.726069
0.469882
-0.334755
-0.008476
-0.334755
0.726069
0.726069
0.728854
-0.334434
0.726069
-0.335075
-0.336039
0.469434
-0.075828
0.726765
0.469882
0.727462
0.728854
0.724676
0.729549
0.623801
-0.334434
0.890372
0.728854
0.466749
0.730246
-0.336039
-0.335397
0.725371
0.730246
0.728158
0.887811
0.039069
0.725371
0.727462
0.467196
0.468091
0.728158
-0.075828
0.726765
-0.542636
-0.075611
0.726765
-0.075828
0.728854
0.629841
0.727462
0.725371
-0.076335
0.466749
-0.336682
-0.076046
0.725371
-0.336682
-0.075684
0.728854
0.730246
0.467196
0.726069
0.730246
-0.075755
0.727462
0.465407
0.728854
-0.075684
0.468091
0.886102
0.467645
-0.336682
0.727462
-0.075611
0.727462
0.725371
0.724676
0.726765
0.727462
0.727462
0.725371
0.726765
0.465407
0.726765
0.725371
0.469434
0.730943
0.726765
0.467645
0.727462
0.726765
0.731639
0.727462
0.733727
0.726765
0.728158
0.465407
0.727462
-0.335397
0.467196
-0.544193
-0.337003
-0.337003
0.729549
-0.336682
0.726069
0.886102
0.728158
-0.075611
0.726765
0.468091
-0.335717
-0.075900
0.468539
-0.075973
0.728158
0.724676
0.728854
0.727462
0.725371
0.729549
0.885248
0.467196
0.468539
0.727462
-0.075684
0.726069
0.469434
0.727462
-0.542636
-0.075828
-0.075828
0.729549
-0.075755
-0.335397
-0.334434
0.467645
0.726765
0.726765
-0.075973
0.728158
0.465853
-0.335717
-0.543155
0.725371
0.725371
0.467645
0.729549
0.726069
-0.075828
0.728158
-0.336361
0.728158
-0.170446
0.468986
-0.075611
0.727462
0.727462
0.728854
-0.335717
-0.075611
-0.075973
-0.076263
-0.076119
0.467645
-0.075755
0.727462
0.728158
0.722587
0.728854
0.728158
0.728158
0.725371
0.728158
0.628025
0.726069
0.726069
0.729549
0.728854
0.728854
-0.075973
0.728158
0.726765
-0.075828
-0.076046
0.467196
0.726765
0.726765
0.466749
0.725371
-0.075828
0.730246
-0.170281
-0.075973
0.723981
-0.075900
0.727462
-0.336039
0.726765
0.469434
-0.335397
0.728158
0.728854
-0.075684
0.469882
0.467196
0.726765
-0.076046
0.726069
-0.075973
-0.076119
-0.075536
0.730943
-0.075684
-0.336039
0.728158
0.726765
-0.075900
0.726765
-0.336682
0.727462
-0.336361
0.723981
0.729549
-0.075755
0.727462
0.728854
-0.075755
0.468539
-0.335397
0.467645
-0.334755
0.728854
0.467196
0.728854
0.729549
0.726069
-0.337003
-0.335717
0.468091
-0.334434
-0.335717
0.726765
0.728158
0.468539
0.724676
0.467645
0.728854
0.468091
-0.075900
-0.336039
-0.337003
-0.335717
0.723981
0.467645
-1.346766
-0.075684
0.468091
0.725371
0.730943
-0.076046
0.469882
0.727462
-0.075755
0.468091
0.725371
0.467196
0.469434
-0.075755
0.724676
-0.334434
-0.335717
0.728158
0.726765
0.725371
0.728158
-0.008499
0.728158
0.467196
0.729549
0.469882
0.467645
0.466300
0.470330
0.727462
0.729549
0.467196
-0.075684
0.728158
-0.075828
0.730246
0.727462
0.465853
-0.075973
0.726765
-0.336039
-0.075828
-0.075828
-0.075973
0.726069
-0.335397
0.467196
0.730246
0.728854
-0.335075
0.728854
0.468091
-0.075755
0.468091
-0.075973
-0.337645
0.725371
0.466749
0.727462
0.728158
-0.075755
0.726069
-0.075828
0.727462
0.467196
0.730246
-0.075755
0.725371
0.467645
-0.335717
0.467196
0.730246
0.631052
-0.075755
0.726765
-0.336361
0.467645
0.726765
0.728854
0.728158
0.728854
-0.076119
0.729549
0.727462
0.728158
-0.335075
-0.336039
0.629841
0.727462
0.728158
0.467645
0.725371
-0.075611
-0.336039
0.727462
-0.336682
-0.125006
-1.346766
-0.335397
-0.075684
-0.336039
-0.075900
0.470330
0.088209
-0.076046
0.886958
0.468539
-0.334755
-0.075755
0.727462
-0.076046
0.726069
0.729549
-0.335075
0.726765
-0.335075
0.726069
-0.075900
0.469882
0.723981
0.467645
0.466300
0.727462
-0.075755
0.728158
0.730943
0.469434
-0.075828
0.468539
0.729549
0.730246
0.728854
0.724676
0.729549
-0.075900
0.728158
-0.335075
0.468539
-0.335717
0.726069
0.728158
-0.076191
0.725371
0.728158
0.728854
-0.181518
0.726069
0.468091
-0.336039
0.730943
0.468539
0.727462
0.728854
-0.075684
0.730943
0.726765
0.728158
-0.075755
0.468539
-0.335717
0.468091
0.730246
-0.336039
0.724676
-0.124889
-0.075973
0.464959
0.728158
-0.335717
0.726765
-0.075755
0.728158
-0.334434
-0.170446
0.728854
0.468091
0.467196
0.725371
0.728854
-0.335075
-0.076191
0.468539
-0.076119
-0.075900
0.466300
-0.337003
0.728854
-0.335717
0.726069
-0.075900
0.469434
-0.075973
0.727462
0.885210
-0.075973
-0.075828
0.723981
-0.075321
-0.336361
0.727462
-0.075464
0.728158
-0.335075
-0.335075
0.726069
0.728854
0.724676
0.730246
-0.335397
0.728158
0.727462
-0.076119
0.728158
0.726765
-0.336039
0.731639
0.468091
-0.075973
0.728854
0.727462
0.468091
0.467196
0.727462
0.728854
0.728854
0.726069
-0.076046
-0.335075
0.465407
0.466749
0.727462
0.721890
0.468986
0.729549
0.724676
-0.075828
0.724676
0.726765
-0.337323
0.468986
-0.075900
0.726069
-0.075900
0.468986
-0.075828
0.469434
-0.075828
-0.075900
-0.337003
0.466300
0.723981
0.727462
0.724676
0.726069
0.725371
-0.008491
0.724676
0.726069
0.729549
0.726069
-0.801166
-0.335397
0.726069
-0.075828
-0.336039
0.729549
0.467196
0.728158
0.088122
-0.075536
0.885248
0.728854
0.724676
0.728854
0.726069
0.724676
-0.076263
0.468986
-0.076046
-0.075684
0.725371
-0.335075
0.728854
-0.334434
0.727462
-0.075755
0.468091
-0.075828
0.728158
-0.171100
-0.075828
-0.075900
-0.075755
0.467645
0.726069
-0.075900
-0.075611
-0.335397
0.468539
0.730943
-0.075828
0.468539
0.468539
0.726069
-0.336682
0.630446
0.726069
0.728158
0.730943
-0.075900
0.726765
0.728158
-0.335075
0.468539
0.730246
-0.075755
0.725371
-0.335717
0.726069
-0.337003
0.725371
0.465853
-0.076046
0.728854
0.724676
0.731639
-0.075755
-0.336361
0.468986
-0.076263
-0.076046
-1.349341
-0.335075
0.727462
0.728158
0.724676
0.727462
-0.336039
0.726765
0.466300
-0.075828
0.469434
-0.335717
-0.075536
-0.076119
-0.075684
0.728158
0.728158
0.730246
0.466749
0.468539
-0.075684
0.465853
0.468091
-0.075684
0.467645
0.468986
0.468539
0.725371
-0.075755
-0.544709
0.730246
0.466749
0.726765
0.726069
0.728854
0.724676
0.889518
-0.335075
0.727462
0.732334
-0.335397
-0.075755
-0.335717
-1.344190
-0.335397
0.725371
0.726765
0.725371
0.725371
0.468091
0.727462
0.728854
-0.075536
0.728854
0.730943
0.468091
-0.075973
-0.076119
-0.170446
0.467645
-0.336039
0.468091
-0.075900
0.730943
0.730943
0.726069
0.466749
-0.336682
0.728854
0.467196
0.729549
-0.075900
0.466300
0.730943
0.470776
-0.075900
-0.075973
-0.075900
0.726069
0.731639
-0.075828
-0.075755
-0.335075
0.728158
-0.075973
-0.075755
0.728158
-0.336682
0.728158
0.726765
0.886958
-0.075684
0.728854
0.468091
-0.076046
-0.335397
-0.075900
-0.334755
-0.075900
0.468986
0.725371
0.468539
-0.075828
0.890372
0.723285
-0.076119
-0.075900
0.728158
0.726069
0.727462
0.467645
0.726069
0.468091
-0.075828
-0.335075
-0.075755
-0.334434
0.468091
-0.076191
0.729549
-0.335397
0.467196
0.726069
-0.542117
0.730246
-0.075973
0.728158
0.728158
0.728158
0.726765
-0.075536
-0.075973
0.469434
-0.075684
-0.075900
-0.075900
-0.336039
0.729549
0.725371
0.729549
0.731639
0.728158
0.727462
0.467645
0.725371
-0.335717
-0.075973
-0.075755
-0.336039
0.728158
-0.335717
0.724676
-0.075900
0.728158
0.730246
0.726069
0.468091
0.728854
-0.337645
-0.075684
0.728854
-0.075684
-0.334755
0.725371
-0.170772
0.726765
0.728158
0.726765
0.725371
0.728158
0.725371
0.727462
-0.543155
0.726765
0.730943
0.464510
0.730246
0.728158
0.466300
-0.336039
0.724676
0.728158
0.466749
0.727462
-0.336361
-0.337645
-0.335397
0.469434
-0.076191
-1.348055
-0.076263
0.725371
0.465853
0.726069
-0.075684
-0.336039
0.468091
-0.336039
-0.075973
0.468539
0.730246
0.728158
-0.336682
0.468091
-0.075900
-0.170446
0.629841
-0.335397
-0.336039
0.728854
-0.076046
0.727462
-0.335717
0.467645
-0.335397
-0.170117
0.468539
0.467196
0.726069
0.088377
-0.335075
-0.075900
0.726765
0.730246
-0.336039
0.466300
-0.075973
0.726765
0.728158
0.728854
-0.075973
-0.334755
-0.075755
-0.076119
0.729549
0.725371
-0.075755
0.725371
-0.334755
0.728158
0.468091
0.726765
-0.075755
0.725371
0.729549
0.726765
0.726765
0.468091
0.726069
0.724676
0.726765
0.728158
0.885248
0.467196
-0.170117
0.726765
0.727462
0.729549
0.887811
0.726069
0.728158
-0.335717
-0.075828
-0.336039
0.728854
-0.075611
0.727462
0.468986
0.466749
0.885248
0.727462
-0.335397
0.467196
0.728854
0.725371
0.723285
0.728158
-0.075900
0.726765
0.727462
-0.076119
0.728854
0.727462
0.467645
0.468986
0.730943
0.728158
-0.335717
0.727462
-0.335397
0.728158
0.725371
-0.075464
0.729549
0.887811
0.468091
0.467196
0.725371
0.725371
-0.075828
-0.075828
0.727462
0.467645
0.723285
0.731639
-0.125606
0.726765
0.466749
0.729549
0.728854
0.728158
-0.075900
-0.170281
-0.170281
0.465407
0.723285
0.727462
0.728158
-0.125247
0.726765
0.727462
-0.076046
0.729549
-0.337003
-0.334755
0.466300
0.728854
0.726765
0.728158
0.467196
0.469434
0.729549
0.727462
0.729549
0.728158
0.725371
0.726069
0.468091
-0.336682
0.467196
-0.337003
0.728158
0.727462
0.728158
-0.076046
0.726765
0.730246
-0.075828
0.467645
-0.335075
0.730246
0.724676
0.728158
0.728158
0.465853
-0.335717
0.728158
-0.075828
-0.075973
0.730943
-0.076263
0.629236
0.620826
0.729549
0.726069
-0.336361
0.728158
0.723981
0.467645
-0.334755
0.467196
0.088377
-0.335397
-0.336361
-0.075828
0.729549
-0.075828
-0.075828
-0.075684
0.728158
0.729549
-0.076046
-1.348055
0.727462
0.467196
0.729549
0.730246
-0.075828
0.467196
0.730246
-0.335397
0.728854
-0.335717
-0.075755
-0.336361
0.727462
0.730246
0.732334
0.722587
0.726069
0.730246
-0.075900
0.726765
0.726765
0.466749
0.726069
-0.076119
-0.075900
0.465407
0.729549
0.725371
0.726765
0.729549
-0.075973
-0.335717
0.726765
-0.075611
-0.075973
0.467645
0.725371
0.727462
-0.075828
0.467645
-0.075611
0.728158
0.466300
0.727462
0.728158
-0.075464
0.726765
0.728854
-0.075828
0.728158
0.727462
-0.335397
0.728158
0.728158
0.728158
0.728158
0.728158
-0.335397
0.468091
0.726765
-0.335717
-0.075755
0.468539
-0.334755
0.728158
0.467645
-0.075828
-0.336361
-0.076335
0.727462
-0.334755
0.727462
0.467645
0.629236
0.726069
-0.075973
0.725371
0.726765
0.468539
0.468986
-0.076046
0.726069
0.468539
0.467196
-0.076119
0.466749
-0.075684
0.467645
0.467196
0.728854
-0.075755
0.467196
-1.346766
0.728854
-0.170446
-0.335717
0.468986
0.468539
0.467196
0.730943
-0.335717
-0.335717
0.728854
-0.075611
-0.075755
0.468539
-0.076046
0.465853
-0.075684
-0.076046
0.468986
0.888664
0.885248
-0.336361
0.467196
-0.335075
0.726765
0.727462
0.726069
-0.335397
-0.335717
0.468539
-0.076191
0.730943
0.154766
0.467645
0.725371
0.725371
0.728854
-0.335397
-0.075973
-0.337003
-0.334755
-0.075973
-0.335075
0.728854
-0.334434
0.727462
0.727462
0.467196
0.727462
0.728854
-0.075684
-0.075755
0.731639
0.725371
0.468986
0.728158
0.631052
-0.075755
0.467196
0.725371
0.727462
-0.334434
-0.336039
0.726069
0.629236
0.726765
0.728158
0.731639
0.470330
0.726765
0.726765
-0.335717
-0.075828
0.723981
0.726069
-0.335075
0.728854
-0.075973
0.725371
0.728158
-0.075536
-0.335075
0.466749
-0.335397
0.886958
0.726765
-0.335075
-0.170281
0.468539
-0.075684
0.726069
-0.075755
-0.170609
0.728158
0.466300
0.729549
-0.335717
0.725371
-0.334755
0.727462
0.728854
0.468091
0.730943
-0.076119
0.726069
-0.336361
0.728854
0.724676
0.467645
0.466749
-0.335717
0.726069
0.723981
0.466749
-0.337003
-0.335397
0.887811
0.728158
0.088548
0.727462
0.729549
-0.075973
-0.336039
0.728854
0.469434
-0.075684
0.729549
-0.075973
0.728854
0.727462
0.726069
-0.075900
-0.076191
-0.075611
0.629236
-0.338609
-0.075684
-0.075755
-0.075900
0.468091
0.726069
0.466300
0.467196
-0.336361
-0.336682
-0.075900
0.725371
0.728158
0.468091
-0.076119
0.728854
-0.075973
0.468539
0.726069
0.467645
0.466749
0.727462
0.726765
-0.335717
0.730246
0.726069
0.729549
-0.075973
-0.335075
0.730246
0.888664
0.470330
-0.075684
-0.803470
-0.076046
-0.337003
-0.335717
0.469882
0.466749
-0.336039
0.467645
-0.075900
-0.075973
-0.075755
0.726765
-0.075684
0.724676
0.728158
0.730246
0.729549
-0.075973
0.724676
-0.075973
-0.335075
-0.075755
0.728158
0.468539
0.724676
0.727462
0.727462
-0.335397
-0.336039
-0.335397
-0.075828
0.467645
0.724676
0.088293
-0.336361
0.730246
0.729549
-0.075828
0.728158
-0.335717
0.888664
0.467196
0.631657
-0.075684
0.728854
0.468539
-0.075755
0.466749
-0.335397
-0.335397
-0.075900
0.728854
0.725371
-0.075900
-0.335075
0.728854
0.466300
0.726069
0.728158
0.727462
-0.334434
0.468986
-0.075755
0.726069
-0.076191
-0.335397
-0.076191
-1.608370
0.728854
0.725371
0.726765
0.726069
0.726069
0.729549
0.727462
-0.075828
-0.075900
0.468539
0.724676
0.468539
0.728854
0.723981
-0.334755
0.629841
0.725371
-0.336039
0.468091
-0.804237
0.467196
-0.125487
-0.008523
0.725371
-0.076046
-0.075755
0.726069
0.467645
0.724676
0.888664
0.727462
-0.335397
0.730246
-0.335397
0.723981
0.729549
-0.334111
0.728158
0.468986
-0.075900
0.466749
0.726765
0.469434
0.886958
0.728854
0.726765
-0.335075
-0.075973
0.726069
0.727462
0.468986
0.728158
0.468091
0.728854
-0.075536
0.726765
0.886102
0.728854
-0.075684
0.726765
0.466749
0.726765
-0.076191
-0.075973
0.730943
0.888664
0.728158
-0.075536
0.726069
0.466749
0.726069
0.726069
-0.335717
0.725371
0.722587
0.726069
-0.075900
0.468986
0.729549
0.727462
-0.336039
0.888664
0.467645
0.728158
0.468091
0.468091
0.888664
-0.075900
0.728158
0.466300
0.728854
0.730246
-0.075900
0.468091
0.727462
0.727462
-0.075973
0.728854
0.468539
0.725371
0.726069
0.728158
0.724676
-0.337323
0.725371
0.465407
-0.075828
0.466300
0.467196
-0.075611
0.727462
0.468091
0.727462
0.726069
-0.337323
0.726069
0.727462
0.727462
0.724676
0.730246
-0.076046
0.725371
0.466749
0.724676
0.467645
-0.075828
-0.075755
-0.335397
0.730246
0.730246
-0.336039
0.726069
-0.336682
0.728158
-0.181518
0.728854
0.725371
0.468986
0.726069
-0.336039
0.727462
0.466749
0.729549
0.728854
0.730943
0.727462
0.725371
-0.075973
0.725371
0.469434
-0.076119
-0.336039
0.726765
0.724676
0.730246
0.728854
0.724676
0.467645
0.726069
0.728854
0.728158
0.469434
-0.075828
0.468539
-0.075900
0.729549
-0.336039
-0.336682
0.467645
0.466300
-0.335717
-0.075611
0.727462
0.728158
0.728854
0.729549
0.726765
0.468091
0.727462
0.728854
-1.349341
-0.335717
0.728854
0.727462
-0.335397
-0.075684
0.469882
0.727462
0.726069
-0.076046
-0.075828
0.726069
0.729549
0.726069
-0.336039
0.727462
0.468091
0.726765
-0.076119
-0.335075
0.726765
0.726765
-0.333470
0.466749
-0.334755
0.726765
0.467645
0.727462
-0.336682
0.726069
0.723981
0.465853
-0.334755
0.727462
0.468986
0.726765
0.731639
-0.076263
0.733029
0.726069
0.631657
0.730246
0.726069
-0.802702
0.727462
0.889518
0.730246
0.729549
0.726765
0.727462
0.468986
0.726069
0.727462
-0.334434
0.728854
-0.335075
0.723981
0.730246
0.728854
-0.075973
0.468091
0.467196
0.466749
0.725371
0.469882
0.724676
0.468539
0.729549
0.728854
0.465853
-0.075900
0.729549
-0.334755
-0.337645
0.723285
0.729549
0.730246
-0.076046
0.467645
0.727462
0.467196
0.726069
0.727462
0.468539
0.727462
0.725371
0.723285
-0.335075
-0.336361
-0.075611
0.468539
-0.075684
0.469882
0.467645
0.724676
-0.008523
0.729549
-0.076119
-0.076335
0.727462
0.885248
0.469882
0.727462
0.724676
0.728158
-0.076046
-0.335717
0.730246
0.729549
-0.336361
0.468091
0.469434
0.727462
-0.334434
0.727462
0.468091
-0.075828
-0.076191
0.729549
0.730246
0.723981
0.728854
0.468986
0.726765
-0.075973
-0.075611
-0.335075
-0.075684
0.727462
-0.335717
0.724676
-0.170446
-0.336361
0.726765
-0.336682
0.729549
-0.335075
0.728854
0.726765
0.728854
-0.075973
0.729549
0.723981
-0.336039
0.724676
-0.336682
0.723981
0.726069
0.466300
0.466749
-0.076191
0.728854
0.468091
0.468091
0.728158
0.467196
-0.337003
0.467645
0.731639
0.728158
-0.335717
0.467645
-0.335717
0.726069
-0.336361
-0.076046
-0.075973
0.727462
0.465407
0.469434
-0.334755
0.725371
0.468091
0.468986
0.466300
0.726765
0.728158
0.729549
0.729549
0.724676
0.726765
0.468986
-0.075828
0.469434
0.728158
0.467645
-0.336361
-0.336361
-0.076119
-0.075536
0.728158
0.724676
0.726069
-0.075900
-0.076263
0.466300
-0.075464
-0.336682
0.728158
0.467196
0.468091
0.728158
0.725371
-0.076046
0.727462
0.728158
-0.335075
0.728158
0.466749
-0.075684
0.729549
-1.612975
-0.075900
0.725371
0.465853
0.730246
-0.076119
-0.075464
-0.075755
0.468539
0.728158
-0.335075
0.469434
0.727462
0.468986
0.728158
0.724676
-0.075755
-0.336039
-0.075828
0.726069
-0.076191
-0.075755
-0.075900
0.886958
0.728158
-0.075900
-0.075611
-0.075900
0.467196
-0.800398
-0.075828
-0.334111
-0.075536
0.466300
0.728158
0.466749
0.467645
-0.075611
-0.335717
0.726765
0.726069
-0.075684
0.726765
0.729549
-0.075828
0.731639
-0.336039
0.468539
-0.336039
-0.336361
0.728854
-0.075828
0.725371
0.724676
-0.075828
0.468091
-0.335075
0.728854
0.725371
-0.075900
-0.335717
0.726765
-0.075684
0.468539
-0.075828
-0.075684
0.727462
-0.076119
0.727462
0.468986
-0.075973
0.729549
-0.335397
0.725371
-0.181172
-0.336361
-0.335397
0.730246
0.726765
-0.335397
0.726069
0.723981
0.727462
0.728854
0.466749
-0.334755
0.726765
0.724676
-0.335397
0.468539
0.726069
0.726069
0.723981
-0.337003
-0.335075
0.730943
-0.336682
-0.336682
-0.075755
0.466749
-1.348055
0.723285
0.469882
-0.336361
-0.335397
-0.335075
0.467196
0.725371
0.466300
0.728158
-0.076191
-0.075755
-0.076119
0.726069
0.467196
0.728854
0.468986
0.468539
-0.075828
0.727462
0.724676
0.730246
0.468091
0.729549
0.468986
0.726765
-0.335397
-0.125606
0.468091
0.730246
0.726765
0.890372
0.728854
-0.170117
0.728854
0.469434
0.465853
-0.338609
0.730943
-0.075684
0.728158
0.728854
0.889518
0.723285
0.726069
0.727462
0.728158
0.726069
0.728158
0.728854
0.730943
-0.336361
0.467196
0.723981
0.468986
-0.075828
0.726069
0.467645
0.728854
-0.337003
0.724676
0.730246
-0.076191
0.728158
0.726069
0.725371
0.723981
-0.075684
-0.075536
0.726069
0.727462
0.888664
-0.542117
0.729549
0.467196
-0.336682
-0.076046
0.727462
0.730246
0.725371
-0.336039
-0.336039
0.725371
0.729549
-0.169792
-0.335075
-0.075828
0.728854
-0.335717
0.724676
-0.075611
0.727462
0.468539
0.728854
-0.076046
0.725371
0.726069
0.468091
-0.124408
0.727462
0.728854
0.726765
0.726765
0.727462
-0.334434
0.466300
-0.336682
0.724676
0.468986
-0.075755
0.727462
0.728158
0.726765
-0.334755
-0.075973
0.728854
0.723285
0.725371
0.727462
0.731639
0.727462
0.725371
-0.075828
-0.076191
0.728158
-0.541078
0.724676
-0.075900
0.728158
0.730943
-0.076046
0.468091
0.727462
-0.336361
-0.075536
0.727462
-0.336361
0.726765
-0.337003
-0.075684
0.468091
-0.335075
0.728158
0.891226
0.467645
-0.075611
0.726765
-0.335397
0.730246
0.726765
-0.075755
-0.076046
-0.335075
-0.075755
0.725371
-0.076335
0.467645
0.730246
0.729549
-0.335717
0.726069
0.726069
-0.337645
-0.335075
-0.335397
-0.075684
-0.337003
0.628025
0.088803
0.727462
0.466300
-0.335397
0.726069
0.729549
-0.075755
-0.008476
0.468539
0.728158
-0.076046
-0.076046
0.724676
0.726069
0.468539
0.728854
0.730246
0.729549
-0.075973
0.466749
0.726069
0.467196
0.886958
0.467196
-0.075611
-0.337003
0.890372
-0.076046
0.629236
0.730246
0.725371
0.467196
-0.335717
-0.336039
0.726765
0.467645
-0.337003
0.469434
-0.075828
0.469882
0.723285
0.469882
-0.076119
0.726765
0.728158
0.726765
-0.336039
0.468091
0.726765
0.467645
0.725371
0.723981
-0.543673
0.725371
0.467645
0.728158
0.466749
0.729549
0.728158
0.464959
-0.075536
-0.334755
-0.075973
0.724676
0.468539
0.468539
-0.075900
0.468986
0.728158
-0.075900
-0.075755
0.728854
0.726069
0.727462
0.728158
-0.075973
0.726069
0.727462
0.469434
0.466300
0.727462
-0.076046
0.726765
0.730943
-0.075828
-0.008541
0.728854
0.730246
-0.076191
0.467645
0.467645
-0.075973
-1.345478
0.886958
0.728854
-0.336361
0.468091
-0.334111
-0.336361
0.726069
-0.336361
0.729549
0.467645
0.726765
0.729549
0.726069
0.728158
0.727462
0.723285
0.729549
0.725371
0.727462
0.730246
-0.334434
-0.075900
-0.075464
-0.075536
-0.075828
0.470330
0.468091
0.725371
-0.075684
0.727462
-0.008491
0.728158
-0.076046
0.730246
0.730943
0.728854
0.725371
0.728854
0.726765
0.726765
0.724676
-0.336361
-0.075684
0.730246
0.466749
0.468539
-0.334755
0.730943
0.727462
-0.336361
-0.075973
0.728158
0.723981
0.729549
0.729549
-0.075973
0.725371
0.726765
-0.334434
0.723981
0.726069
0.728158
0.468986
0.728854
0.725371
0.468539
0.727462
0.728158
0.726069
0.467645
-0.337003
0.728158
0.726765
-0.075684
0.726069
0.728854
0.467196
0.727462
0.728158
0.723285
-0.336361
0.728158
-0.076335
-1.611442
0.886958
-0.075755
0.727462
0.727462
0.468539
0.726069
0.729549
0.727462
-0.335397
0.629236
0.730246
-0.335717
-0.075536
0.728854
0.467645
0.728854
0.728158
-0.335717
0.728854
-0.075828
0.467645
-1.600689
0.726765
0.727462
-0.075684
-0.075828
0.726765
0.725371
0.471222
-0.170281
0.467196
0.468986
-0.334755
0.468091
-0.181693
0.726069
0.465853
-0.337003
0.726765
0.728854
0.728158
0.728158
0.468986
0.725371
-0.335397
0.727462
0.728854
-0.336361
0.728158
-0.335397
-0.075973
0.727462
-0.075828
-0.076046
-0.335717
-0.336039
0.726765
-0.335075
-0.334755
0.726765
0.725371
0.726765
-0.075684
-0.544193
-0.075900
-0.075900
0.728854
-0.170281
0.724676
0.726765
0.466300
0.726069
0.729549
0.465853
0.629236
-0.075755
0.726765
0.466749
-0.333470
0.727462
-0.336361
0.728854
0.729549
0.729549
0.726765
0.727462
0.728158
-0.075684
-0.075828
0.728158
0.725371
-0.075828
0.728158
0.468539
0.727462
-0.075828
-0.336361
0.729549
0.726765
-0.336361
0.728158
0.466749
0.466300
-0.075684
-0.335717
-0.336361
0.726765
-0.336039
0.725371
-0.805005
0.729549
-0.334755
0.464959
0.726765
0.728854
-0.334755
0.724676
0.886102
0.726765
0.728158
-0.075536
0.726765
0.729549
0.468539
-0.075611
-0.336039
0.629841
0.723981
0.468091
0.725371
-0.335717
0.726069
-0.075973
-0.124648
0.728854
0.726765
-0.075973
-0.170936
-0.075755
-0.336682
0.469434
0.723285
-0.075611
0.468091
0.723981
0.727462
0.727462
-0.076191
0.469882
-0.335717
0.723285
0.728854
0.467645
-0.334434
0.729549
0.728854
0.468986
-0.075755
0.728158
-0.336039
0.728854
0.728158
0.730246
0.726765
-0.337003
0.467645
-0.075755
-0.336361
0.728854
0.725371
0.468986
-0.075755
0.726069
0.726765
-0.076046
0.726069
0.468539
-0.075900
0.888664
0.725371
0.726765
0.723285
-0.075900
-0.336682
-0.334755
0.468539
0.726069
-0.335075
-0.075684
-0.075900
0.885248
0.728158
0.728158
-0.170117
0.725371
0.467196
0.726765
0.466300
0.727462
0.726765
0.728158
0.728854
0.726069
-0.008499
-0.075828
-0.335717
-0.075755
0.726069
0.466749
0.464959
0.729549
-0.075684
0.727462
0.724676
0.729549
0.729549
0.724676
-0.336361
-0.335075
-0.076119
0.726765
0.725371
0.730246
0.468539
-0.336682
0.467645
0.467196
-0.075828
-0.075755
0.727462
-0.075755
0.466749
-0.335717
0.726069
-0.075684
0.468091
-0.076119
0.467645
0.728158
0.468091
0.726765
0.728854
0.725371
0.466749
-0.075611
0.727462
0.731639
-0.075536
0.730246
0.728158
0.726069
0.725371
0.721196
0.728158
-0.170117
-0.076263
0.726765
-0.336361
-0.075900
0.725371
0.470330
0.728158
0.728854
0.728158
-0.335397
-0.075828
-0.076046
0.725371
0.468091
-0.075900
-0.076046
-0.543155
0.466300
0.467645
-0.335717
-0.075900
0.729549
0.726069
0.467196
0.727462
-0.075684
-1.349341
0.467645
0.467645
0.724676
0.729549
0.467196
0.727462
0.725371
-0.075973
-0.075684
0.728158
0.725371
0.467196
0.728854
-0.336039
-0.075755
0.726069
-0.075973
-0.125125
-0.336361
-0.335717
-0.170117
-0.075755
0.467196
-0.076119
0.728158
0.469434
0.727462
0.726765
0.726765
0.728158
0.725371
-0.075973
0.731639
-0.335397
0.727462
0.726765
0.728158
-1.349341
0.466300
0.726069
0.724676
0.730943
0.467196
0.727462
0.466300
0.467196
-0.076263
0.468539
0.727462
-0.335397
0.466300
-1.606832
-0.336361
0.465853
0.726069
0.725371
0.727462
-0.075973
-0.075900
-0.075611
0.729549
-0.335717
-0.124889
-0.075464
0.469882
0.728854
0.468091
0.730246
0.469882
0.467196
0.729549
0.470776
-0.075900
0.466749
0.728854
0.727462
0.725371
-0.075755
-0.335397
0.467645
-0.336361
0.725371
0.724676
0.726765
-0.336361
0.728854
-0.335075
-0.802702
0.886102
-0.075321
0.888664
-0.075828
0.726765
0.467645
0.467645
0.728854
-0.337323
0.728158
0.467645
0.629236
-0.336039
0.728158
0.725371
0.729549
0.727462
-0.075536
-0.335075
0.467645
0.726069
0.726765
-0.334111
0.728854
-2.205513
-0.076046
0.726765
-0.543673
-0.335075
0.889518
0.725371
-0.333789
-0.336361
0.728158
-0.335717
-0.075464
-0.335717
0.726069
0.726069
-0.075828
-0.075755
0.728854
-0.335717
-0.335075
-0.075900
0.727462
0.467645
-0.076046
-0.335717
-0.335397
-0.335075
0.728854
-0.336361
0.465853
0.725371
0.464959
0.728854
0.727462
0.729549
-0.075684
0.726765
0.729549
0.726765
0.723981
-0.076119
0.728854
-0.075973
-0.337003
0.725371
-0.075755
0.727462
0.468539
0.731639
0.726069
-0.075755
0.468539
0.728158
0.728158
-0.334434
-0.075900
0.730246
-0.076046
-0.076119
0.728854
0.467196
0.469434
0.465853
0.730246
0.730246
-0.335397
0.726069
0.726069
0.467196
-0.335717
0.726069
-0.075828
0.725371
0.468539
0.728158
0.466749
0.725371
0.730246
0.731639
0.630446
-0.335075
0.730246
0.728854
-0.075973
0.468091
0.728158
0.468091
-0.075755
0.728854
0.727462
0.464510
0.727462
0.466749
0.728158
0.726069
0.467196
-0.075973
0.727462
0.726069
-0.075464
-0.334434
0.724676
-0.076263
0.729549
0.467645
-0.075828
-0.170446
0.727462
-0.334755
-0.075900
-0.336361
0.464959
0.467196
0.467196
-0.075755
0.727462
0.725371
-0.338931
0.728158
0.088633
-0.075755
0.726069
0.728158
-0.335075
-0.075900
0.726765
-0.336361
0.468539
0.466749
0.468091
-1.348055
-0.075611
0.723981
-0.334755
-0.336361
-0.075611
0.729549
0.729549
0.727462
0.468091
0.727462
-0.125125
0.726069
-0.075684
-0.543155
-0.336361
-0.075828
0.726765
0.726765
0.468539
0.726069
0.727462
0.727462
0.468539
0.622017
0.726069
0.728158
0.728158
-0.075755
-0.335717
-0.075393
-0.075684
-0.075611
0.728854
0.728158
0.465853
-0.333789
-0.075536
-0.076046
0.466749
-0.075973
-0.181867
0.730246
0.466300
0.726069
0.468539
-0.075973
-0.336039
0.726069
0.726069
0.725371
-0.075611
-0.075755
-0.076046
0.724676
0.726069
-0.075828
-0.335717
-0.075536
0.467645
0.725371
-0.336682
0.723285
0.730246
0.631052
0.727462
0.628632
0.727462
0.725371
-0.076335
0.730943
0.726765
0.728158
0.723285
-0.334111
-0.075828
0.724676
-0.075828
0.730246
0.728158
0.726069
0.466749
0.726069
0.724676
0.730246
-0.076191
-0.075684
0.731639
-0.336361
0.728854
0.467645
-0.334434
-0.545229
0.727462
0.725371
0.728158
0.726765
0.722587
0.467645
-0.075684
0.468986
0.725371
0.727462
0.727462
0.466300
-0.337645
-0.336682
0.726765
0.468091
0.726069
-0.076335
-0.335717
0.727462
0.728158
0.726069
-0.075536
-0.075900
-0.075828
-0.075973
0.728158
0.727462
0.726765
-0.075536
0.468986
0.726765
-0.336039
-0.335717
0.467645
0.727462
-1.353204
0.469882
0.467196
-0.076119
0.727462
0.469434
-0.075973
0.726765
0.728158
0.725371
0.728854
0.468539
0.467196
-0.075611
0.467645
0.726069
-0.334755
0.466300
0.726069
0.468091
0.727462
-0.335075
-0.075755
0.726765
-1.353204
0.725371
0.728158
-0.075684
-0.076046
0.724676
-0.075828
0.468539
-0.335717
0.624398
0.468539
0.726069
0.726069
-0.334111
0.731639
0.725371
0.469434
0.726765
-0.336039
-0.075828
0.727462
0.729549
0.726765
0.730246
-0.076119
0.466300
0.468091
-0.075900
0.727462
-0.075755
-0.075536
0.723981
0.730246
-0.335075
0.729549
-0.337645
0.724676
-0.076119
-0.075755
0.467645
0.469434
-0.075755
0.727462
-0.075684
-0.075684
-0.543155
-0.075973
0.730246
-0.335717
0.728854
-0.076263
0.468091
0.468539
0.627420
0.468539
0.627420
0.467196
0.723981
0.730246
0.726765
-0.336039
0.723285
0.727462
0.729549
-0.075536
-0.335397
0.726765
0.468091
0.628632
0.465853
0.728854
0.467196
-0.335717
0.723285
0.728854
0.728854
0.731639
0.731639
0.726765
0.727462
-0.336361
0.728158
0.622017
0.727462
-0.075321
-0.075611
-0.075755
0.728158
0.726765
0.469882
0.469434
0.726765
0.729549
-1.346766
0.727462
-0.076191
-0.075755
-0.335075
0.727462
0.727462
-0.804237
-0.334755
0.722587
-0.334111
-0.075536
-0.075611
-0.075393
-0.542636
0.466749
0.467645
0.728158
0.725371
-0.075973
0.726765
-0.075900
0.728158
0.468986
-0.335075
-0.075828
-0.075611
0.730246
0.726765
0.468986
0.728158
-0.337323
-0.076191
0.469434
0.724676
-0.336039
0.724676
-0.337003
-0.075900
0.725371
0.467196
0.730246
0.728854
-1.350630
0.466300
0.730246
0.467645
0.468091
0.726765
-0.075464
0.729549
0.729549
0.726765
0.726765
-0.335717
0.725371
0.726765
-0.334755
0.469882
0.729549
0.725371
-0.336682
0.726069
-0.075755
0.727462
-0.076119
0.466300
0.725371
0.730246
0.725371
-0.075611
0.467196
0.467196
0.728158
0.466300
0.724676
0.726765
0.467645
0.728854
-0.075755
-0.336361
0.728158
-0.169792
0.728158
0.726765
0.628632
-0.335397
0.727462
0.468539
0.724676
0.728158
-0.075611
-0.075828
0.728158
0.728854
-0.075684
-0.075611
0.728854
0.726069
0.889518
-0.807307
0.889518
0.726069
0.730246
0.725371
-0.181345
0.728158
0.725371
-0.336039
0.727462
0.726765
0.471222
-0.075900
0.468986
0.730246
0.728854
0.468986
0.466749
-0.075755
-0.337323
0.468539
-0.076046
0.468539
0.726765
-0.075755
-0.075900
0.721196
0.467645
0.726765
0.728158
0.727462
0.468091
0.728158
0.728854
-0.336682
0.730246
-0.336361
-0.335717
-0.335075
0.726069
0.728158
-0.075684
0.728158
0.721196
-0.075900
0.468539
-0.075755
-0.335397
0.727462
0.726765
-0.076191
-0.075828
0.728854
0.723981
0.728854
-1.602222
0.466300
-0.076191
0.467196
0.725371
0.724676
0.730246
0.724676
-0.335075
0.727462
0.468986
0.468091
0.726765
0.154915
0.468091
0.727462
-0.335717
0.727462
0.731639
-0.075900
0.726765
0.724676
0.723285
0.728854
-0.337323
0.468986
0.468986
0.726765
-0.181867
0.726069
0.727462
0.727462
0.728158
-0.075536
-0.075755
-0.335075
-0.335397
0.724676
-0.075900
-0.336361
-0.075684
0.727462
0.727462
0.728854
-0.075611
0.468091
-0.336039
-0.336361
0.468986
0.728158
-0.335075
-0.075828
-0.335075
-0.336039
-0.335075
0.727462
0.727462
0.729549
0.726069
0.730246
-0.075536
0.728854
0.465407
0.729549
0.726765
0.729549
0.727462
0.726765
0.727462
-0.075828
0.465853
0.725371
-0.336039
0.726765
0.725371
0.724676
-0.075973
0.726765
-0.334111
0.467196
0.728158
-0.335075
0.732334
-0.335397
0.728158
0.725371
0.726765
0.728854
-1.276862
-0.335717
0.726069
0.730246
0.726765
-0.076191
-0.075828
0.728158
0.728854
0.466749
0.726069
0.723981
0.728854
0.726765
-1.242653
0.727462
0.728158
-0.336039
0.725371
-0.336039
0.465853
-0.075828
0.465407
0.726765
0.467645
-0.076046
-0.075684
0.467645
0.470776
0.468986
0.467196
0.468986
0.726069
0.729549
-0.169955
-0.076263
0.726765
-0.335397
0.729549
0.726069
0.467645
0.468091
-0.335397
0.726765
-0.335397
0.468539
-0.075900
0.723981
0.726765
-0.075973
-0.337003
0.728854
0.725371
-0.334434
0.727462
0.723981
0.728158
-0.334434
0.727462
-0.336039
0.729549
0.726765
0.469434
-0.075393
0.728854
-0.075464
0.727462
-0.075828
-0.336039
0.725371
0.726765
0.088209
0.468539
-0.335397
0.467196
-0.542636
0.469434
-0.075828
0.722587
0.466300
0.728854
0.469434
-0.076263
-0.544709
0.732334
0.466749
-0.075900
0.725371
0.467645
-0.335397
0.467196
0.727462
0.728854
0.728158
0.725371
-0.076191
-0.075684
0.470330
-0.075900
0.728158
-0.075828
0.726069
0.728158
0.726765
-0.336039
0.726069
0.721890
0.468986
-0.181345
0.726765
0.725371
-0.075900
0.468091
0.728158
0.726069
0.732334
-0.076046
0.726765
0.726069
0.467196
0.469434
0.726765
-0.336361
0.467645
-0.076046
0.466300
0.728854
-0.075684
-0.076046
-0.075828
0.730246
0.727462
0.726765
0.470330
0.722587
-0.335717
0.729549
0.726765
0.724676
0.727462
0.466300
0.468986
0.727462
-1.612975
0.726069
-0.075684
0.727462
-0.075900
0.728854
0.468539
0.728854
0.726765
0.467645
0.726069
0.723981
-0.075755
0.725371
-0.337003
-0.545748
0.728854
0.730246
-0.335717
-0.336682
0.469434
0.723285
0.729549
0.728158
0.726069
0.725371
0.723285
0.468986
0.727462
0.725371
0.728158
0.726069
0.730943
-1.603759
-0.075611
-0.335075
-0.334434
-0.075684
-0.075536
0.466749
0.468539
0.724676
0.468539
-0.337967
0.726765
-0.336039
0.727462
