8
1 500 1000 200 42 777 13 99
0.996655
0.512247
1.694555
-1.035922
1.031208
-0.456747
1.823553
2.388209
-0.564411
1.745606
0.634002
2.819634
-0.807809
1.197263
0.682661
0.259885
-0.313342
0.948790
1.012915
1.422933
2.562607
0.545306
0.319987
1.823553
1.821986
-0.208696
-0.840547
0.320682
-0.381847
-0.490265
-0.180549
1.158928
0.060061
-0.556244
-0.499878
-0.627977
-2.192811
1.376978
-2.446004
0.560410
-0.331750
2.121693
0.090804
0.070511
-0.138109
1.126107
-0.498901
-2.213036
0.074820
-0.995985
-1.103543
3.078368
0.959023
0.600831
2.112006
3.157251
-0.545879
0.332642
2.095692
1.644876
0.634181
-0.476619
2.594316
0.472088
0.407433
3.540332
0.753119
1.818862
1.725326
2.335916
1.301755
2.328839
0.470171
1.110512
1.144778
2.557244
1.117321
1.818862
1.196841
1.451595
2.466527
1.076457
3.047855
0.547214
2.258434
1.523678
-0.040721
-0.271082
1.818239
2.499338
1.913404
0.244989
-0.839573
1.484709
1.490607
1.925592
0.523193
1.426889
0.212499
2.476255
1.577876
1.180117
2.853443
0.851953
2.656408
0.834866
0.229554
1.308900
1.055408
0.045195
1.923164
1.825116
1.820427
0.575363
1.322430
0.687336
1.715607
-1.306881
1.097259
2.148370
0.214515
1.517233
-0.832886
0.296027
1.122992
1.895902
1.474156
3.116214
0.701899
1.486431
2.138398
0.381127
0.434203
0.577104
1.980859
0.923645
2.927706
1.472824
0.546372
1.443139
0.986484
0.779508
1.297797
0.420487
2.031878
0.698678
1.269942
2.863262
0.465383
0.164208
0.598447
1.836955
1.398786
2.472537
1.851736
0.749215
0.729809
1.825116
8.666303
1.852472
6.378531
0.517798
0.392528
6.046699
-0.334934
-1.095613
3.692297
4.101420
1.817387
0.512155
0.945346
1.821986
0.033816
1.843391
4.642964
1.675447
0.986183
0.234427
2.588916
0.428179
2.842214
0.841701
-0.055341
-0.560749
2.633702
-3.033151
1.974170
0.742634
-1.482616
2.699139
-0.243709
0.937094
0.647072
0.030033
-1.769416
0.644608
3.026706
1.062347
0.332929
1.100667
-1.262789
1.616138
3.107234
0.272958
2.247620
3.355751
1.970348
0.580135
0.221003
4.540386
1.605386
-0.781108
2.820533
-1.238387
1.080972
-1.217658
2.072836
0.413512
4.290563
3.165114
0.372846
5.786475
1.003192
1.370654
1.796509
0.440569
0.111390
-0.099622
0.992535
4.090557
-2.588078
0.119909
3.836570
0.223222
1.389424
-0.565239
1.041507
3.596143
2.087921
-0.226775
-0.740552
2.236659
-2.279950
0.722692
1.650653
0.120032
1.405185
-1.230268
4.124194
0.552719
-0.382311
1.404146
-0.981244
0.833959
2.228959
-0.963129
1.849861
-1.245740
-0.478918
0.988553
-0.141197
-0.512115
3.196899
1.080930
4.957809
-0.683177
0.267678
1.003228
0.457201
1.504872
-0.144375
2.196395
0.559358
-1.197135
0.334149
1.382633
1.468341
0.821191
1.820427
1.826674
1.825116
1.820427
1.820427
1.820427
1.817301
1.412241
0.543350
-1.475929
-1.510563
2.929449
0.539275
-2.548648
4.908853
1.483276
1.823553
-0.852978
1.256122
0.996471
-0.630790
2.319531
0.864466
1.855167
0.203497
1.385519
1.207249
-0.486072
-0.428224
0.751058
5.265940
-0.275373
5.127884
0.920261
-0.951607
0.180502
-0.649544
-0.784115
4.201757
-0.278535
0.495127
0.632985
1.394636
2.825227
0.068262
1.058273
-0.874836
0.466294
0.985250
-0.124924
2.359229
3.316265
-1.002038
1.820427
1.567781
-1.553952
-0.899741
1.186781
-0.792270
-2.162128
1.357994
0.790892
-1.092755
5.179409
1.848688
2.123972
0.252686
-1.430232
0.440514
1.730625
0.127245
-1.705241
0.536247
1.565575
-1.942186
1.147919
-0.354921
1.617767
2.068735
-0.637512
3.657634
0.650346
-0.494209
1.663276
-0.265074
0.410578
-0.669691
-0.783661
-0.781541
-1.663721
-0.663438
3.798316
-1.880624
0.755710
0.211597
-0.285343
2.468741
0.657520
-2.272215
2.029261
0.382079
-0.145832
0.270559
3.187076
-0.679154
1.823553
1.002989
1.030371
-1.483672
-0.026093
5.187322
-2.473994
2.905473
0.368053
4.438309
2.739578
-0.324448
-0.139966
-0.144554
-2.071710
1.748484
3.229067
1.545403
1.778503
0.561494
0.273330
-2.212561
0.184751
3.366985
2.263345
2.799896
0.493946
0.852200
-1.790137
1.182592
2.734538
-0.087915
-0.101056
0.093786
-0.212039
-1.270031
-0.174319
3.193096
0.760562
-0.406800
-0.745942
4.521563
3.186268
3.385062
2.010619
0.252753
0.644154
-0.462444
3.264812
1.092050
-2.696001
0.990471
0.940036
1.696997
-1.741603
1.196827
1.001606
1.074824
-1.323329
-0.177318
2.026294
-1.238316
-1.272067
2.695962
1.689016
-1.797456
0.713880
4.865274
0.797940
-0.219227
0.900143
1.681280
-0.751148
0.657831
1.699970
-3.031558
1.833842
0.624307
0.732021
0.046657
-0.424201
0.710742
3.681757
0.299367
-0.283345
-2.164536
0.133675
1.166126
0.568137
0.650411
2.147333
-0.331448
1.076952
-0.487612
-2.551720
4.177514
3.586916
-0.099966
0.650346
2.924253
-2.218073
-0.813011
0.106993
-0.911574
0.390708
-0.395361
-2.443626
1.937768
1.065841
-1.586305
-1.258073
0.118003
-0.251808
-0.851176
0.810951
-0.022087
-0.478054
1.735269
0.312364
3.251289
0.296284
0.995761
2.576702
0.509952
0.957269
1.269658
2.304348
-2.759185
1.597132
-2.287551
-0.048315
1.143896
0.876393
0.789508
0.099574
-2.355903
0.739263
0.873263
1.625873
0.915918
0.742214
1.082294
1.360504
-3.591738
1.724358
3.071632
-0.798212
-0.745422
1.616037
2.370485
0.482567
1.470337
-0.263992
-1.210554
-0.569800
1.274595
-0.481699
1.003952
0.728809
1.208061
-0.367429
5.243931
2.665833
-0.969898
0.229005
0.590165
2.525536
2.814631
-1.526848
1.352485
-0.015094
0.867671
5.679412
2.083190
1.513060
-0.340857
1.349484
-0.836607
1.560523
-0.815019
-0.186987
-0.130648
-0.620169
-1.184343
-1.042310
-0.169137
2.119745
0.141971
3.482640
1.801303
0.058036
0.445710
0.512597
-2.314140
0.459814
-2.720523
2.465461
-0.150002
-1.999466
-1.588622
3.978928
-0.284311
1.049409
-1.738351
-2.270676
-0.653932
1.147841
1.459502
0.869295
0.502479
1.960129
-2.199172
-0.230794
-0.720713
2.520364
1.027766
2.814072
1.175108
1.989448
3.102650
4.755227
-1.688222
0.344703
-1.002715
0.524508
1.556093
-0.280619
1.647446
0.759443
-5.189981
-1.745703
0.233701
0.299940
-3.199997
2.715740
1.352268
1.502553
0.469758
-0.969366
0.381131
-0.235281
-0.269821
1.001184
0.036835
-2.649770
0.780843
-0.347826
0.902228
-1.920755
3.257606
3.391466
1.325174
-0.278661
0.639272
0.871514
-2.808430
2.546720
2.497986
-0.773105
1.517707
-0.504368
-0.481092
1.346522
0.820126
-0.539850
3.163564
-0.491221
-0.131294
-0.158144
-1.074801
-0.342645
0.367500
-0.812536
1.443775
1.745966
0.222298
1.001219
0.038031
-1.669379
-1.774686
2.210572
1.818862
-2.039425
-0.049380
0.807325
-2.196460
2.715872
1.392180
1.540412
1.000244
-0.049625
-2.138743
4.117851
-1.268502
-3.328105
-1.374345
2.291921
1.165599
2.741837
1.578316
-1.991015
0.219822
0.380757
1.048296
2.096225
-0.976860
-1.391060
0.647290
-1.118654
-0.523934
1.651643
-1.434447
-2.059026
5.333370
2.820036
-2.642294
-0.138106
-0.303221
-0.053152
-0.057863
0.436337
0.754333
2.494260
0.659474
-1.000188
-0.921027
2.148970
-0.879090
1.029305
-0.308353
-0.341350
-0.063534
-2.087544
0.874302
0.904285
-0.930514
0.016242
-0.285064
-1.449961
2.170666
-1.698009
2.153939
2.761270
-0.490915
0.379056
-0.262185
-2.489963
3.369307
0.611854
1.719701
0.124455
-0.004926
2.282385
1.647206
1.903227
-1.712518
0.002423
-1.500615
0.786005
4.170488
0.740449
-0.343516
3.775871
0.894129
2.074356
-1.978149
-1.338079
0.389703
-1.474738
3.792950
1.823553
-0.389704
1.916909
-1.116937
-2.012664
-0.219704
2.175998
1.489749
-0.752292
0.458826
1.822767
0.490005
0.479458
1.154730
-0.465606
1.652654
-0.856314
1.995939
4.057239
-0.468542
2.903179
1.063477
-1.433033
1.143094
2.405097
3.468084
1.752200
-0.894614
-1.008822
-1.162715
-0.680959
-0.760562
1.705899
-0.663709
-1.055416
-1.576353
-1.642418
5.030418
-1.948828
-0.766510
1.034820
2.321454
0.960803
1.586480
3.750262
-2.886247
-1.096831
3.901921
-2.715077
-0.629241
-3.441195
0.670925
-0.181655
-2.122560
1.042236
-1.255306
-1.871838
-0.547157
2.086360
-2.058252
0.623620
0.940772
-0.444367
-0.720032
2.087394
0.284217
2.086633
0.782094
3.680798
0.186690
0.190710
1.570729
0.286998
0.838711
-1.568568
-2.229340
0.319218
1.503045
-2.170453
-2.138437
-1.241863
2.072259
0.917317
-1.139257
2.759675
-0.702119
-0.423840
-0.717117
0.795272
-0.754155
0.497140
0.934261
0.066493
1.088212
1.674995
-0.981587
-0.424106
-1.289162
-2.321631
0.445345
2.477753
1.779120
0.706293
0.679765
-0.026323
0.365178
0.574008
2.414361
-0.799803
0.355196
1.197220
1.883764
0.930889
1.550687
-0.052653
1.821986
-0.655045
-2.186271
2.055801
-2.341024
-1.946826
2.073291
0.934220
-0.756823
0.728574
0.537099
-1.294980
-1.268151
0.233925
0.587133
-0.299414
0.259538
0.053269
0.976530
1.698469
1.006175
1.624051
-0.198490
0.038727
0.662372
-0.184877
-2.323967
1.865413
1.389917
-1.100418
0.555151
-3.004242
-1.354721
-0.879933
3.242147
0.638905
1.943572
1.565176
2.300853
3.404566
3.748769
2.696614
-2.095709
0.240379
-0.566286
-1.419003
0.700070
1.820427
-0.991624
-1.555270
0.942312
1.398233
2.294720
0.686153
-0.721099
0.519618
-0.666779
0.994659
-0.607136
1.189431
2.287621
2.332964
-2.021493
-3.778069
0.846772
1.755887
0.036979
-2.931256
1.409567
0.594906
2.014777
2.181232
0.987070
1.140072
2.348801
-1.741487
-1.915707
-0.709942
0.758052
2.848609
-0.839839
0.723015
-2.821263
1.040144
0.601432
-3.649448
1.767681
-1.506831
-0.155057
0.045103
0.738694
0.324063
0.673091
-0.665269
0.940301
0.412144
0.447781
0.499293
0.234441
-0.285981
-0.811684
2.770321
-0.022173
3.474943
-0.035491
-0.420317
0.699610
0.303737
1.823553
-1.023826
-2.942935
1.359163
2.697082
-1.157495
-2.547130
1.011495
-2.528474
0.893226
-0.287710
1.398585
-0.859227
-0.945982
-1.159342
0.184443
-0.033639
-1.962590
1.481343
0.516215
-0.690087
-0.694632
1.536449
-1.590261
1.331250
1.823553
2.788703
0.123103
0.179569
-1.578336
-0.984094
1.151143
-0.258462
-2.978309
1.486610
0.613476
-2.352055
-1.884322
-0.544836
2.742663
-1.698362
0.458349
-0.043950
-2.905036
1.823553
-1.511354
1.483692
-1.594035
2.696043
2.129289
-0.698536
-1.641303
1.080141
-1.529238
-0.343062
0.344424
0.750738
-1.749590
2.400329
0.150694
2.115691
1.476687
-0.690660
2.757899
-1.863351
-1.207830
2.359987
2.847724
3.647089
1.604196
-0.514708
0.239321
1.738330
-1.280139
-0.780498
3.480208
1.825116
0.184303
-0.985897
0.713390
1.895129
-0.891072
-1.420483
-1.183478
-1.035048
-1.038191
0.589405
1.475765
-1.971548
-1.330166
-2.681308
1.570302
1.825116
-0.397116
-0.103638
-1.452790
-0.788485
0.043957
-0.668268
-0.389213
1.981464
-0.391195
0.662440
1.628904
-0.978523
2.652136
-1.994705
-0.390853
0.523683
-0.494688
1.240198
0.424855
-0.535936
-2.751036
0.239564
-1.217136
0.099035
-0.811550
-0.029672
0.527668
-1.331818
2.676277
0.157732
-0.838649
2.130767
0.156056
2.076744
-1.106591
3.042360
-3.441026
-2.899621
1.277856
-2.885967
-3.055280
1.825116
-1.415010
-1.962002
0.067971
-2.106871
0.362273
0.257203
2.682442
2.263543
-1.109131
-1.041179
4.158836
0.214676
-0.039338
1.767612
2.911783
0.310642
-0.428319
-0.130613
-0.943468
-1.555502
1.910249
-0.220607
1.724653
1.278430
0.096438
0.487579
-2.161842
0.760560
0.245525
0.208112
1.818862
0.110109
2.053469
1.223769
-1.797595
-0.681670
1.155734
0.140046
0.188431
-1.032954
0.111155
-0.733276
-2.240914
0.273293
-1.281827
-1.267596
2.955543
1.237379
-0.670832
2.345926
-3.371428
-0.395671
0.813305
-0.370686
3.752247
0.521669
0.246399
-1.773499
2.108695
-0.375903
-0.587036
1.072922
-2.945012
-1.963217
0.003299
5.760531
0.913750
-1.588207
1.574755
0.192640
-1.708422
-1.749636
2.065486
-0.888241
0.056160
2.124587
2.396709
-0.255396
-0.400884
-3.373846
-1.800502
1.498313
-1.539687
1.611943
-1.444097
3.888803
-1.978606
2.080495
-1.278818
-0.842841
1.005852
0.594476
0.154469
-0.244624
2.426327
-2.641153
-3.038523
1.355471
1.344243
0.079357
0.558747
-2.314702
0.111291
-2.394765
1.214632
1.951755
2.167335
0.211050
-2.494971
-0.614291
2.191767
-0.421968
-0.604416
-3.116869
0.976504
-0.552765
-3.450357
-0.441515
0.288839
-1.669680
1.357262
0.930950
0.190441
-0.133600
-0.353830
-0.876866
-0.006375
-0.668279
2.119861
-0.223331
1.815738
-2.005049
-1.800883
-0.369089
-0.971240
1.824455
-1.706180
1.228741
-1.777630
0.070487
0.167740
0.469595
-3.181479
1.260607
0.855587
0.048605
0.364098
-1.038677
0.249059
-0.547473
-0.000946
-0.389100
-1.199637
-1.406235
-1.313605
-3.713338
0.565408
0.458242
2.095430
0.670831
1.409528
-0.811590
1.644353
-2.417480
1.357865
-0.897903
1.137158
1.052372
-0.369458
1.818862
2.645272
2.129184
1.241604
-2.907796
-2.473958
-0.819949
-0.564264
-2.026911
-0.239932
0.142599
2.397726
-1.444908
1.420722
-1.725099
-0.891701
-3.295122
0.234113
-1.451722
-0.862106
0.141112
0.381316
2.458668
1.223492
0.845289
1.692948
1.101633
0.401106
0.202831
-1.440512
2.099724
0.512743
2.032573
-0.783674
-1.334100
-1.942445
2.384787
0.041148
0.380356
0.195176
-0.303369
-2.070415
0.147427
-2.762743
2.922819
1.575552
-0.722308
0.979562
-1.070504
2.142513
0.835427
3.098573
-0.484315
0.355007
1.108747
-3.504828
0.413346
-0.653580
0.618471
-0.494909
-2.145989
2.081885
-0.938336
-1.056130
-1.702326
-0.363545
-1.034536
-2.325270
-1.892972
2.777145
-2.430266
-0.910716
-1.705550
1.825116
-0.732981
-1.110219
-1.004697
2.067728
-3.149125
0.597686
-0.037680
-0.990452
0.976946
-0.761703
1.291097
-1.974525
-0.631702
-1.839800
-0.525682
0.227220
-0.564491
-2.318398
1.817301
0.553516
-1.548344
-1.045797
-0.242433
-0.715857
0.726498
0.315525
0.371544
-0.443274
-0.098474
-1.935625
0.129611
0.691957
0.441430
-0.560565
0.179855
0.492010
0.958053
0.635468
1.356524
-0.163445
-1.231803
2.547034
0.886360
-2.614160
-2.279390
1.100834
-1.028370
-3.526842
0.819977
-0.132980
-2.129684
-0.758486
-1.082545
1.429706
0.691552
3.653682
0.790536
1.360685
-1.332136
-0.794842
0.000920
-1.062763
-0.839676
-1.986642
2.249034
-0.873423
1.737485
1.945576
2.023437
-0.240801
0.872774
-0.164707
-0.984420
-0.957492
-2.149790
-0.813486
-4.691167
-1.891727
-2.905742
-1.552428
-1.308517
0.603611
0.668336
2.321082
-0.366053
0.029604
0.477668
1.214162
-0.049566
-0.426951
0.374699
-1.394811
0.993065
-0.372117
-2.114438
0.424717
-1.164740
1.346114
0.570048
-0.104255
0.673189
-2.268006
0.109026
0.725811
2.083390
1.823553
-1.902994
-1.546530
-2.049434
-1.666823
2.133310
-3.678623
-0.625715
0.516123
0.636560
1.155525
-1.209204
0.221451
-1.410767
1.229833
0.502303
-0.082828
-0.385949
-1.261350
2.664365
2.676759
0.451051
-3.053706
-0.429459
0.686845
-3.029295
3.153691
1.708646
-1.339656
-2.271298
-1.504938
-2.166642
1.254910
1.685789
-0.782017
-0.710912
-2.611764
0.436118
-0.953300
-0.229187
-2.221835
0.017418
-3.638156
-2.911730
0.585409
-0.058752
-3.190650
-0.956390
-0.819581
1.896674
-1.252979
1.988610
0.451327
0.609289
-2.205200
2.701495
0.033656
3.826251
-0.866800
0.966113
0.084402
-0.239863
-1.073091
0.349613
-0.453243
-1.310190
-1.030588
0.887999
1.387914
-1.848039
1.448574
-0.360186
-0.275579
0.699369
-0.381667
0.157901
-0.321814
1.312308
-0.359185
-1.987909
0.466035
0.652544
-0.753096
-1.675327
-0.510070
2.822984
-0.869795
2.694019
-0.511093
0.107059
0.488778
0.104130
-1.137113
0.570268
0.366062
-1.164231
-0.802748
-0.689724
0.988605
0.970347
0.661094
-0.170712
1.113136
-0.394160
-1.304912
1.971527
-0.747716
-1.241005
0.952584
1.820427
1.821986
-0.002947
0.676894
-0.473630
1.629383
-1.542594
-0.141653
-0.442786
-0.950523
-0.371410
1.197956
-1.743188
-1.151891
-1.463595
-2.507057
1.608046
1.242359
-1.592539
1.190666
-0.232540
0.332579
-1.235857
-0.640457
-0.369329
1.147878
0.463868
-0.213007
-3.506645
0.257990
2.223391
-1.112970
1.817301
1.815738
0.569676
-2.107060
2.016842
-1.544655
4.556439
-1.940952
-1.963503
1.355187
-1.440875
1.684165
0.050164
-0.035344
-0.119252
0.404395
1.886600
-2.710398
0.982881
-1.606823
0.523409
0.984776
1.929759
0.397643
-2.541695
0.238633
-1.423629
-2.857688
0.469140
-2.253639
0.845381
1.871832
-2.337164
1.880544
0.594765
1.397477
-4.958984
-0.410547
-1.722049
-1.283012
0.285078
-0.187768
0.265845
1.608897
-0.913068
-2.666517
-1.009308
0.101450
0.064361
1.751434
-0.431141
5.932065
0.405650
0.628319
-0.828741
0.339212
2.133034
1.650796
1.369065
1.763170
-1.590516
-0.297050
0.009475
-0.799634
-0.597173
0.340154
-0.740107
1.679193
-2.160147
0.336383
1.619267
-0.845662
-0.930358
-2.291066
1.153624
2.943797
-0.490933
0.830436
-0.390886
-0.715352
2.212378
-2.011269
0.705458
-3.771580
1.635099
-1.525761
-1.564345
0.761480
-2.117821
-1.736899
-2.253969
-0.203766
0.381592
2.147755
1.287121
-3.513027
-1.056259
-0.621080
-2.637759
1.719373
-1.032778
-2.077900
0.324347
2.086442
1.232354
-0.108996
-1.433282
-1.384155
-0.648763
-0.991334
1.823553
-1.570023
-0.323525
2.090046
-2.944031
2.622520
-0.507216
-0.572505
2.014263
-3.121731
-0.810095
0.352381
0.571068
-0.025572
0.462091
-2.770999
-1.504807
0.650975
1.679992
-1.509540
0.896507
-0.253201
-0.284582
2.908128
1.786102
2.616107
0.020897
-1.017788
-1.925584
0.104205
4.513184
-0.602728
-1.042588
-0.313232
0.865094
0.491515
1.950352
-1.892238
0.576444
0.083058
-0.853069
1.987728
-2.168180
0.223877
1.427865
1.015931
-1.945077
-0.461255
-0.818814
2.507823
-0.073011
0.347080
-0.546881
-0.695305
-0.105536
-0.766274
1.820427
-1.300407
-0.565145
0.271298
-0.686820
-0.977085
1.439407
-0.746624
0.390685
-1.353091
-0.546218
-0.301379
-2.282382
-1.069978
-0.143128
1.826674
-0.729706
1.821986
-0.022643
-0.516175
0.513803
0.204905
-2.282115
0.088045
-0.009648
0.929193
-1.549614
-1.574594
1.606367
0.494281
-0.808783
0.177352
-1.019967
0.413477
-0.984544
1.145125
0.689101
-2.226077
-1.914302
-1.661659
0.606509
-0.522366
-1.528293
0.726686
-1.032318
1.021732
1.241046
-1.506089
-0.256813
-1.037065
0.589958
2.506976
2.991650
1.144769
-0.230306
-0.288191
-2.550243
-0.529810
-1.022931
-0.859211
-0.052459
0.719510
-2.873616
-0.594817
1.575205
1.075295
0.912800
1.245762
0.850635
0.602377
0.377962
-2.207387
-3.815030
1.285435
-0.950669
-2.113434
-2.052823
2.135514
-1.541991
-1.125382
-0.541687
-1.059176
-2.108438
-2.402647
-2.891348
0.313857
2.998565
1.100811
-1.311568
-2.081401
-1.152733
1.535798
0.174409
3.753395
1.272698
1.781360
1.458528
0.705658
0.513860
-2.816023
0.000520
1.685128
-3.134855
0.597202
-0.373901
0.579270
0.459659
-0.779931
0.058338
0.784100
-0.196295
-0.055212
0.974723
-1.374120
-1.519137
0.654481
1.974292
2.227422
-0.371012
-1.131521
-0.776487
2.227238
-2.907172
1.475103
1.088221
0.969007
-2.060849
-0.092064
-1.521118
-1.602204
0.850982
0.913978
4.321439
1.354913
-1.230967
0.958188
-1.734943
-0.661122
-2.364658
0.120520
0.527830
-2.915542
-0.239785
0.078628
-1.079676
-2.460908
-0.858973
-1.897298
-0.664834
1.609052
0.334549
-1.957024
-0.357190
-1.700805
1.957127
0.247488
0.641770
0.557857
1.688540
-0.011611
-1.366825
0.323309
1.811691
-0.370382
0.276765
-1.465829
1.821986
-0.201391
1.163496
2.389307
1.857957
-2.047392
-0.126738
2.144556
-2.005121
0.306782
1.805327
1.078511
0.325067
-1.011684
0.101769
-2.098990
2.201324
-2.007671
3.365798
-0.564811
0.564390
-0.480465
0.202840
2.829555
4.110997
1.008192
-1.552690
-1.696068
-2.796708
2.339190
1.556601
-0.697580
0.111094
1.619736
-0.046591
-0.661793
0.434560
-1.296535
-0.056496
0.223261
-0.095859
1.653806
1.900277
0.331618
-0.583711
-0.130241
0.113218
2.522208
-1.933117
-1.077230
2.795782
0.261341
-0.585813
0.689363
-0.307620
0.060813
0.495263
0.478891
1.818862
0.058118
0.224084
-0.714932
-0.800033
-0.620651
-0.158405
-0.407864
3.299881
-0.369942
0.083554
-2.642964
-3.164246
1.646876
-0.871627
0.299934
-0.863447
0.157869
0.368838
-0.398311
-0.717005
0.425792
1.628302
-0.226924
1.823553
1.186625
-2.489412
0.230541
1.553562
0.705948
1.446917
1.389269
0.242851
-0.518390
-1.551255
1.077497
-0.572813
-1.085370
0.291868
0.566729
3.293739
1.736667
-0.189914
-1.013712
-0.064495
0.721544
-0.965652
2.095375
1.180684
-1.096408
-1.883129
-1.281167
0.769762
-0.363248
-1.324908
0.435241
-1.055124
-0.443876
-0.560754
-1.576779
1.010930
0.183865
1.083465
1.345631
1.174306
-0.951641
-1.608544
2.462574
0.668013
-1.871271
-3.800223
0.532525
-0.623926
2.166162
-2.714018
0.124453
0.357530
-0.692577
1.460011
0.708730
1.777099
-0.611771
0.966637
1.057772
2.311501
0.881218
-2.530662
-0.998021
-0.924724
0.508642
-0.265842
-1.011719
-1.516042
1.412559
-4.134132
-2.588990
-0.475287
0.472036
-2.081806
1.670186
-2.130942
0.338755
0.680805
0.465362
-0.016024
-0.255769
-2.032248
1.825116
-1.917295
1.317841
-1.658911
-0.382279
-1.347229
-0.945281
-0.564292
-1.383655
-0.707966
0.026959
0.224781
-2.105242
0.003230
-0.516400
-1.631716
1.387584
-1.688694
-1.059816
0.001075
-0.291742
2.306703
-2.059938
1.815738
0.970537
-0.815317
-2.777833
1.137860
-1.103779
0.598051
-2.706231
1.184243
1.677659
1.101535
-1.262668
1.107944
-0.497451
-1.681054
-0.933435
-1.554066
0.563610
1.707961
-0.930673
-0.733576
-0.011703
0.882525
-1.854063
-0.037359
-0.682526
-1.356290
0.214971
1.061057
1.709048
1.772233
-1.848775
1.826674
0.962468
-0.109504
-0.882452
-1.676375
-2.150397
-1.443365
1.563733
-2.262804
0.808979
-1.775394
-1.223519
-0.552583
-1.536258
-1.585755
0.764766
-0.745227
-1.577533
1.646235
-1.412108
-0.917865
0.416938
-0.596011
-2.622090
-1.711560
-3.045197
1.029440
-0.725259
2.225628
1.322895
1.823553
2.830956
-0.784762
0.445809
-1.875910
0.002670
0.383374
-3.752427
0.282189
-0.647478
0.383593
-0.064830
1.174050
1.823553
0.828081
0.254080
-0.551562
-0.187550
1.140025
-0.667265
0.170145
-1.073250
3.748895
-1.619393
-0.339869
-1.224890
0.827149
-0.728767
-2.446112
0.416893
-0.270640
-1.942479
1.365782
-1.603986
1.820427
-2.481122
-1.803342
1.321838
0.490853
-0.686779
0.096018
-0.296374
1.921789
0.754143
0.960031
-2.869867
1.823553
-3.476093
-2.415217
2.244209
-0.645992
-0.503368
-1.251295
2.388389
2.104136
1.580953
-1.791317
0.365097
-2.414473
-0.030775
0.893976
-3.738177
0.339952
-0.664548
1.152289
1.067801
1.693661
-0.803531
-1.356221
1.054821
0.400882
0.454035
0.015908
0.820558
-0.984887
1.135723
-2.788917
-2.241036
1.147075
-1.964961
-3.971539
0.104080
0.518171
-0.095659
1.249393
1.821986
0.233063
1.823553
-1.822284
-0.346189
1.825116
-1.615203
-2.165698
-0.392329
2.116821
-1.599050
-0.322934
-2.327254
-1.395349
-1.125389
2.296917
1.168922
-1.947368
-1.768228
0.216354
-0.752049
-1.080979
1.572628
2.287141
-0.803033
2.206694
-0.347611
0.599485
-0.148984
2.028514
2.192089
-0.110375
-2.385678
-1.531318
-2.117101
1.637434
-0.259824
1.000416
1.280316
-1.287506
2.727556
-1.809494
1.474428
0.518293
-0.335193
-1.213591
1.616111
-0.302234
0.627119
-2.133418
-1.020498
-1.432470
-1.577691
-0.455515
2.021327
1.489627
-1.562576
0.479290
1.732956
0.554430
-0.808702
2.265971
-2.869916
1.399363
0.596901
1.920354
1.821986
-2.016314
-0.895433
-1.094489
-0.633275
1.598627
0.404897
0.315808
1.336789
1.105456
-0.461709
-0.445689
-1.020343
-0.421540
-1.082991
2.069330
0.223946
1.823553
-1.549091
0.856824
-1.108352
-0.405847
-0.863297
0.726259
2.555622
-0.187600
1.818862
0.814429
1.820427
-0.524717
-1.328426
-2.343370
-1.793139
0.926801
0.311976
-1.195328
0.271207
1.283336
1.000003
-1.457393
-0.817779
-0.342791
-1.463629
1.870288
1.821986
1.564234
-2.808032
-1.149364
-2.075784
0.917072
-2.426355
1.165489
0.917808
-0.834501
-0.175240
-2.190681
0.897967
1.748390
2.449808
1.282510
-1.033325
2.434094
0.835563
-1.291024
0.853685
1.942017
0.796780
0.041388
1.476229
-0.452678
-1.197053
-0.551999
-3.034660
-2.398906
1.820427
-0.587240
0.076932
-0.878418
-1.332742
-1.055248
1.503474
-2.186869
-1.819745
-2.203742
-0.744266
-1.075876
-2.095903
-1.476062
-1.836381
-0.254129
-1.769069
1.343225
1.821986
0.514232
-1.966802
-1.926212
0.015777
0.457930
-0.993795
-0.826261
-0.548370
-1.670383
1.618776
-1.523724
-0.980256
-1.697307
-0.990545
2.059480
-2.230676
0.746572
-0.126757
-1.821072
2.169570
-1.587203
-1.348957
1.120524
1.013167
0.397329
2.153998
0.808791
0.545088
0.549340
-1.313058
0.591779
1.818862
-1.733976
0.958062
2.920552
-1.912292
-0.378546
-0.103854
1.948715
1.811098
0.652629
0.818369
0.127097
0.303176
-2.574753
1.478045
-0.120437
-1.476298
-0.476878
0.007374
0.660337
-1.679699
0.168697
-1.419189
-0.842792
-1.857726
1.658205
1.097464
0.494045
0.899286
-0.309300
0.243322
-1.866208
0.957588
-2.145011
-1.019455
-0.485121
0.280259
1.231207
0.864237
-1.498431
-0.374556
-0.158563
-2.544091
-1.730989
-0.653457
-2.115486
0.107867
-1.408934
-0.209176
-1.932863
-0.934302
1.262743
0.303279
0.098684
1.800553
0.148029
1.037074
1.058058
-0.284896
0.293484
1.001694
-0.840500
2.477812
0.739811
0.431942
-0.634073
-1.036127
0.759886
1.573039
-0.187726
-0.814190
-0.806401
-0.509317
0.788839
-0.145019
-0.700166
0.849903
-2.214493
-1.201901
-1.239779
-1.284460
0.775517
2.066399
0.281261
-1.811762
0.921172
-0.191674
-0.811699
0.075757
0.392886
-1.458343
1.096528
0.307075
2.292981
2.371147
-1.333538
0.913837
0.270877
0.577276
1.605125
-1.574840
-0.566370
-1.077023
-2.464508
-2.372797
0.781027
-0.345763
-0.357972
-1.868287
-1.677794
1.007503
1.226547
-2.785102
0.124168
1.826674
-2.384068
-1.264916
-0.097953
0.663356
-2.882773
0.524137
0.239125
0.303080
-0.673661
-0.514034
-1.165438
0.723100
1.824856
-0.529429
-1.318473
-0.558878
-1.297944
1.003940
-1.337867
-2.872072
0.012038
-1.361175
0.873941
-1.824860
-0.041589
1.309448
-2.427522
0.582368
0.144808
-2.923304
-1.117699
-1.475524
-0.053132
-0.793368
-0.268021
-2.495474
-1.844959
-0.492258
1.821986
-1.362782
-1.180587
0.531164
2.513731
-0.053325
0.316867
-0.378115
2.062158
-1.449215
-0.746040
-0.905976
0.374592
-2.889232
0.144442
-0.300136
-1.351393
-1.569889
0.633231
1.279661
2.699832
-1.068049
-0.679863
0.160060
1.483874
-1.532986
-4.288933
-0.007219
0.577628
-0.491261
-0.252230
1.823553
1.818862
-1.851054
-0.134533
-2.820348
-3.669493
-0.054494
-0.508683
0.661940
-0.572677
-0.915273
0.347052
-0.616561
-2.640849
-3.201819
-1.251417
1.375820
-1.768610
-1.531287
-1.485581
-0.288409
-0.245373
-1.089446
-0.417118
-0.552826
0.804193
0.043709
0.601047
-1.723055
0.111591
-0.891907
-0.413961
1.604049
0.087595
1.085507
-0.269330
0.813273
-2.956406
1.209588
0.765172
1.713195
-0.971603
-1.865445
1.608880
-2.093634
-1.595314
2.880229
0.695843
0.489639
0.431599
-1.410806
-1.276294
-1.967168
-1.445038
-1.899024
-1.150642
-1.276647
-1.026344
-1.297882
-0.385672
-1.476117
1.458744
-0.589588
-0.562138
1.364901
0.212093
2.621469
1.800873
-0.714554
1.398039
2.621929
-0.982550
-1.131640
0.297014
-1.051816
-0.180171
-0.089845
-0.782965
-0.216962
-1.408916
-0.119090
0.601130
-0.925167
-0.222988
0.839360
1.194373
0.083285
-1.301150
-1.904434
0.563638
0.294017
-2.713043
0.919493
0.319275
-1.496363
0.370748
0.439880
0.505429
-0.927174
0.672939
0.155456
-1.936943
-1.929160
0.313985
0.840836
1.352600
0.753163
-1.789220
0.205445
2.199812
-1.329062
-0.192277
3.342438
-1.584491
4.822094
0.953475
2.273142
0.147502
-0.006938
1.818862
-1.375323
-1.919937
-2.396393
-3.981707
-2.213179
0.329179
-0.441610
-0.313102
3.280401
-0.786601
-2.243703
-1.075660
3.034380
-1.757955
1.277246
-2.168921
-1.712817
1.341218
-0.825617
-0.834845
1.258119
0.644222
0.325449
-1.546774
1.084088
-0.675883
-0.267000
0.992272
-1.343505
0.181555
0.423195
0.787095
0.974402
-0.960364
1.820427
-0.146371
-1.808502
0.980062
0.138344
0.636930
-1.458857
2.425971
3.865290
0.431441
1.877761
0.468835
0.084956
1.488353
-2.091659
-2.978377
0.457422
-0.265901
-1.681987
4.133460
0.239364
0.243665
-2.787405
1.702039
-1.573920
0.630495
-1.139247
1.776857
-0.921172
-1.957699
0.064360
-0.656286
1.797654
-2.061401
0.048180
0.711896
-0.887802
-0.913609
-0.750089
-3.395072
-1.234320
1.826674
-2.547905
0.753014
0.158356
1.651076
-1.949648
-1.760067
-0.588149
1.034179
0.901096
-0.990974
-1.299554
0.502620
0.946093
-1.692566
-0.193785
-1.972457
-1.727320
3.991230
-0.243597
-2.144711
-1.189638
0.780206
-0.412019
0.555488
1.176969
-0.747463
-0.502493
-1.395461
-1.370911
0.872499
-0.662823
0.389777
1.823553
1.825116
0.436627
-0.508162
-1.353655
0.255223
1.821986
1.823553
1.825116
-1.028722
1.335713
0.143498
-0.954629
0.771214
0.492086
-0.739159
0.669304
-0.910264
2.178074
-0.724281
2.059753
-1.061743
-0.681905
1.191956
-1.004245
-1.703987
-2.850582
0.574852
-0.242117
0.361108
0.653236
-2.603690
-0.996461
0.049062
2.040278
-0.677943
-1.009274
1.202282
-1.970582
0.748433
-1.106993
-2.807092
-1.719921
-0.288987
-1.946146
-0.290321
1.702019
-0.494824
-1.449241
1.081642
0.932634
0.105506
0.369130
0.105780
-2.233750
-1.648383
0.789081
1.821986
0.174298
0.277803
-0.035181
-1.616972
-0.566362
-2.025991
0.740222
2.285736
-2.876236
0.115957
1.656986
1.021307
-1.288366
0.499323
1.428885
0.701367
0.002177
1.174545
1.263228
-1.588206
-0.797578
1.232416
-1.033696
0.075684
-1.513418
-1.699162
-3.260217
-0.394631
1.820427
0.980300
1.817301
0.309765
0.209138
1.291723
-2.739967
0.430556
-2.119545
-1.528385
2.202905
-1.765769
-2.629721
-0.435764
1.368761
-0.913011
0.403049
1.195243
2.074709
0.316612
0.495061
-0.384384
-2.183536
-1.113240
1.584171
1.826674
2.717467
0.699169
-1.371101
-1.219180
0.491131
0.900022
0.332950
0.587697
1.287668
-0.720470
-2.538833
1.464398
-1.156494
-1.606346
-1.290802
-3.753839
1.071085
-1.918429
0.552358
2.192660
-0.464780
0.752604
-2.216364
-0.829382
0.541753
0.634884
-1.681030
-1.870822
1.323996
-2.243458
0.153855
-0.813260
0.392809
1.693854
-1.027282
0.379958
-1.442173
-1.902550
0.302452
0.156343
-1.887305
-1.082044
-0.761938
1.071285
1.758961
0.133162
-1.476160
2.212696
0.107147
-0.298395
-0.311416
-1.552187
1.826674
-0.833970
0.658289
-2.201549
-0.348748
0.008088
-0.237067
0.381151
-0.208350
0.545353
-0.125290
0.232481
-1.184981
-1.764253
0.500544
-1.276793
-1.561159
1.033184
0.116832
1.459169
-1.656109
3.236430
0.627731
-1.494099
-2.025126
1.653272
2.478164
0.734183
1.826674
0.204789
-0.385916
-0.007613
-3.129344
-0.658524
-0.763924
-0.158637
-0.884927
0.787561
0.287304
0.834391
-0.647605
-2.236216
-0.575160
0.294303
-1.906605
-0.410168
0.234682
1.802617
-0.439822
-0.646006
0.221455
0.499511
0.107646
-1.005587
-1.630617
0.654970
-0.001776
-0.183443
-0.432754
1.114061
-1.807629
-1.266564
-0.566115
-0.328887
-1.400321
-1.838923
-0.265775
-1.268705
2.181646
2.456199
-0.893310
-0.479610
0.790383
-0.331112
-0.590955
-1.159097
-2.884122
-0.994523
0.797980
-1.243042
-3.093626
-2.359828
-3.568146
-0.007203
-0.498738
-0.555176
-1.650466
-0.199230
-2.232951
1.001975
-0.940683
-1.487792
-2.317730
-0.002952
1.574850
-0.569780
1.983783
-1.486581
-1.017896
0.592607
1.632919
-2.501378
-0.578772
2.089858
-0.929037
0.199281
-1.983021
-0.359252
0.230763
1.590575
-1.963919
-2.719083
0.044419
-0.246093
0.641255
1.820427
-0.946679
0.055827
-2.910702
1.821986
-0.583423
-0.362347
-2.004812
-3.367676
0.952798
-0.436469
0.785435
-1.966683
-0.714028
1.027279
1.826674
-0.608768
-0.008532
-1.465273
0.363749
0.477302
0.871397
-0.608949
-1.516961
-1.220881
-1.063292
1.557811
-1.075173
-4.840679
0.166875
-0.066918
-0.331395
0.926159
-1.591122
0.616465
-0.113692
-1.068063
1.823553
-0.849267
0.648685
4.525621
1.679859
-0.553389
-1.153033
2.098482
0.570360
-0.382031
1.407515
-0.752367
-1.699485
0.852642
1.341138
-1.013842
-2.882803
-0.468790
-1.883122
-0.908648
-0.499873
1.823553
-0.962173
1.821986
-1.411273
-1.599576
0.034231
-1.958597
0.227601
-0.290380
1.369846
0.891121
-2.479135
-0.774955
0.051571
0.694990
-0.597817
0.102298
1.826674
0.242721
0.534020
-1.473874
-0.940190
1.048113
0.209643
-0.787956
0.302846
-0.877781
-1.461162
2.959769
0.565127
0.257002
-1.439955
0.316258
0.274364
-1.836656
1.437940
1.379542
-0.601985
-1.519903
0.448963
0.569595
-0.381582
2.059082
0.362664
1.918198
2.399764
-1.641485
-1.420547
0.170104
1.140172
0.289789
1.049658
1.036249
-1.451291
1.777735
-1.592746
0.901409
-3.101622
0.272017
-2.895736
-1.216333
2.169724
0.028937
1.250144
-1.643665
0.378225
-1.555351
0.217756
-0.792940
0.760367
2.562720
-1.330018
2.667390
0.630329
1.106465
0.276630
-1.686581
-2.337078
-3.095079
-0.455743
-1.197162
-0.865922
1.544664
-0.501442
0.637841
0.311916
0.591063
-0.958793
-0.404871
0.019698
0.310119
1.413828
-0.414167
1.857793
-0.116320
0.384662
0.529482
-0.886453
-0.578405
1.971348
-0.157909
0.094176
-1.660051
-0.965272
-1.631346
-2.741686
-1.244829
0.975345
1.360415
1.296988
1.752200
-0.666241
-0.034043
-0.593242
-1.073955
0.513495
1.175676
1.146761
1.130463
0.733342
-1.527092
-0.650691
0.562850
1.605587
0.074636
-1.163968
-0.387697
-0.458939
0.891686
-0.780173
-1.766680
-1.644021
-0.560127
-1.143674
0.117163
-0.016445
1.192693
1.618352
2.119221
-1.359465
1.815254
-2.155731
-1.633100
-0.421551
-1.891171
1.593855
1.042451
0.810995
-2.155632
-1.171172
-1.177745
-1.852688
1.820427
-2.863614
1.443937
-2.565534
0.063448
0.254129
-2.238797
1.243432
1.075542
0.665883
-1.285127
-1.782272
-0.698309
0.605223
0.463035
-1.831059
-1.676745
-0.924029
-1.082495
0.286183
-0.814510
1.073502
-0.085733
0.569135
-1.857250
0.139233
-0.520787
-0.156860
0.598583
2.165022
0.625203
-0.364906
-1.804330
-3.063306
-0.804105
-0.173042
-0.845522
0.389261
-1.688483
0.878188
-0.115085
-2.755410
0.259356
2.528415
-2.223833
-0.975084
-2.465798
-1.818808
-1.498413
-0.845047
-0.070749
-0.840525
-2.472324
0.958323
0.628216
-0.773706
-1.581037
-0.968366
1.071749
-0.976836
-1.135337
-1.434860
1.805392
-3.158552
-1.069771
1.011259
0.022102
-0.851992
2.007902
0.524732
-0.947017
1.080554
-1.265885
1.068412
-0.156691
-1.865113
-0.835138
0.853321
0.011215
-1.172243
-0.246926
1.144812
-0.653128
-2.694419
0.215617
-2.929449
-1.822361
-0.509117
1.713674
-0.520902
1.289347
-0.855056
0.557310
-1.312247
1.430519
-0.097879
-1.342482
-0.353013
-1.010377
-0.954786
-1.198207
-1.501019
-2.041701
1.415693
-0.693967
0.473520
-0.241540
1.489746
-0.531995
0.372186
1.571918
-0.596237
-0.997947
-1.470107
-1.096529
-0.647191
-0.488363
0.618402
-0.826343
-1.091540
-1.659138
1.775753
-1.327668
-1.099299
0.769771
0.614184
-2.919033
-0.563787
0.467076
1.365369
0.721966
-2.299378
1.077696
-0.110595
-1.254465
1.033267
0.203787
1.859735
-1.285670
0.161646
-0.723717
0.788694
0.966515
0.136911
-2.274358
-0.615043
0.606959
-2.780627
-2.057494
-2.289350
0.688032
-0.701286
1.016552
1.366944
-0.587714
-0.337606
-0.093977
-1.627419
-0.833522
0.179294
-0.804978
-3.013549
-1.718691
-1.278007
-0.293440
-0.777378
-0.899099
1.635555
2.769524
-0.856472
0.538951
-1.049101
-0.336775
0.279710
0.129562
0.343990
0.218847
0.384471
0.076903
-1.474370
0.290892
0.319275
0.656165
1.225003
1.035518
-0.211118
-0.490604
-0.065577
-0.807197
-0.905793
0.917486
-0.611089
-0.038751
1.820427
1.914562
-0.305888
-0.480930
-2.235636
0.752240
-1.151428
0.719102
-1.042145
-2.007600
-1.192033
0.819077
-1.217364
-1.491662
-0.506972
1.736725
1.562945
0.268215
-1.454593
2.022709
1.010805
1.190826
0.696548
-2.060220
-0.835707
1.081233
3.357096
0.278137
-2.258820
-1.142379
-1.152304
-1.709044
0.235789
1.784432
-1.397782
0.806162
-0.599259
0.282664
0.948612
0.793573
2.251524
-2.057598
0.307262
2.319440
1.324429
1.190473
-1.043449
0.174762
-0.592253
1.941836
-1.811139
-1.465510
-1.860648
1.786304
1.408802
1.034635
-0.261948
-0.956195
-1.537713
-0.056600
-0.688239
1.649519
0.529217
-0.170657
-2.471697
-0.380202
-1.002733
1.856034
1.768803
0.465314
-1.021329
-0.214533
1.062536
1.917004
-0.583622
0.790496
0.021586
1.430076
1.066361
1.905320
-0.485464
1.124061
-0.611779
1.825116
-1.203150
-0.871895
0.008666
2.792213
2.634459
-0.909931
-1.348044
0.891155
0.544338
-1.696072
-1.119451
-0.092729
-1.557621
-1.528145
-1.990417
-0.933602
0.077664
0.695102
1.987998
-1.166550
1.056783
-0.956991
-0.676302
-0.440224
0.774473
-0.575521
1.820427
1.825116
1.820427
1.080549
-1.565759
2.648944
0.720907
0.083757
0.015674
0.941465
-0.580180
0.356688
-0.579662
0.171850
-1.309511
-0.779452
0.511774
0.789230
0.875466
0.136218
-1.974839
3.071850
-0.664542
0.523097
-2.448392
-0.857980
1.789758
-1.512691
-1.743122
-1.495260
0.243206
-0.493717
2.354467
-0.472902
-0.078560
1.003959
0.291798
1.062425
1.940621
-0.491562
0.573399
-0.041843
0.164879
1.821986
1.823553
2.949836
0.577835
0.316929
-0.930537
0.793276
-1.653894
-1.529467
-1.890931
-1.193429
-0.282795
-1.514728
0.131348
1.817301
0.643593
-1.135942
0.392481
-0.782815
1.476285
-1.714044
0.807467
-1.126049
0.071598
-0.188507
1.820427
-1.118841
-0.354645
3.095786
-0.973768
0.800448
0.279849
0.529620
0.125409
-2.192541
-2.318634
-0.840205
1.818862
1.825116
-2.607163
0.160106
-4.146289
1.223010
0.032581
-1.668875
0.796021
-0.266227
0.967358
-1.956599
0.070958
1.425500
-0.270262
-2.510514
-1.222159
2.058572
1.265107
1.821986
0.687214
1.440158
0.977907
-1.003801
1.635303
-0.267015
1.326192
0.032656
1.506520
0.949968
0.244733
0.071765
-0.776354
-0.220925
0.127684
-2.069257
-0.005310
-2.298088
-1.389572
0.329215
-1.213413
2.166914
-0.588994
-0.940952
1.075212
-1.264171
0.657657
-2.401963
0.016054
-0.447170
-1.768956
1.823553
1.274211
0.508553
-0.919217
0.373672
0.433249
-1.012527
-0.756341
-0.303629
0.111259
0.316089
0.218896
0.139645
-1.404475
-0.053325
1.829801
0.155204
0.084798
-1.000265
0.986072
-0.378522
-1.120713
-0.002970
-2.746750
2.927078
2.383107
-0.557481
0.712388
1.470660
-1.070349
-0.090935
-2.309744
-0.205122
0.310627
-0.538169
-0.185338
0.134676
-0.381077
-1.614640
-0.517258
1.123761
0.200855
0.339619
-0.173470
-1.548715
-0.123514
0.583522
0.253375
0.405952
0.057627
-0.235134
1.064879
2.115317
0.974272
-0.329865
-0.643867
-0.111590
0.168177
-1.564571
-1.242541
0.083652
-1.308679
-1.168521
0.638375
-3.377308
-0.754585
1.872621
0.415594
-1.309297
1.213963
-2.286209
1.696720
0.925062
-0.471402
-2.012690
-0.545553
-0.179901
-0.524769
2.336312
0.522577
1.024013
-0.333668
-1.570801
-0.728524
1.180724
0.395090
1.048502
-0.959468
-0.105543
0.579486
0.117636
2.003191
-0.564789
-0.323421
-0.656199
0.928176
-0.642162
-0.700990
-1.412548
0.478130
-2.074580
0.546908
-0.023902
-0.136082
-0.612353
0.037635
2.000321
1.886452
-1.230585
0.203221
-1.606008
0.456449
1.492015
-0.639767
-1.464101
1.820427
-0.068123
2.126505
1.823553
-0.877889
1.818862
0.472561
-0.569914
3.745705
2.076814
-2.071064
-0.872356
0.571253
0.553588
0.721901
1.591563
1.594402
0.446632
-0.255667
-1.192973
-0.980908
-0.208867
-0.156816
0.244317
-0.635401
0.892027
1.231865
-0.115232
-2.516556
-1.057274
-0.644048
-0.805439
2.946511
-0.003552
0.199556
-0.284513
-0.533263
-1.891980
1.379051
-0.204146
1.907944
-0.158347
0.646873
0.426799
-1.909178
-2.085672
0.886710
2.029932
-0.474902
2.204801
-0.153467
-0.278586
-0.128437
-1.064626
0.989703
1.815738
0.591952
-3.047352
-0.714496
1.232729
-1.091946
-0.065583
2.438890
-1.002163
-1.803623
-0.835731
1.820427
1.151417
-0.484718
2.000862
-0.136030
0.046900
-2.543153
-1.255453
-0.369579
-0.459510
-1.136463
-1.075428
-0.846659
-0.499122
0.415833
-2.828376
-0.685314
-0.084883
-1.225736
0.241679
-0.151680
1.820427
0.559154
0.219588
1.148885
0.760795
0.039402
-2.363233
1.069797
-1.080328
-0.328692
-1.824793
-0.672232
-2.195907
-0.002626
1.005786
0.028155
0.223524
-1.582095
0.596424
-0.256961
1.947657
0.152151
-1.630015
-1.305677
-0.184407
-1.001951
-0.203038
-1.306171
-0.688765
1.825116
1.045328
-0.860747
0.149133
-1.286125
-0.536118
-2.682689
0.506429
-2.708193
-2.551847
1.823553
0.433022
-0.541404
0.047270
-1.547303
0.636498
-2.081029
-2.113770
-0.743448
1.401767
-0.193695
-1.049365
2.071293
1.295371
4.037754
2.719782
0.067612
1.817301
0.385680
0.516059
-0.055756
2.016841
-0.934345
0.000683
-1.234635
0.434194
0.960925
1.960986
0.906980
-0.114489
-0.469623
0.577652
-1.676975
-0.838111
-2.222920
1.820427
-1.188779
1.532977
0.028488
-0.824144
-0.646096
-1.799169
0.887992
-0.509067
0.174037
-0.295364
-0.875328
0.729289
1.073134
-0.571900
0.485417
0.118745
-0.676924
0.565523
1.207018
0.630815
1.245605
-1.000984
0.357998
0.105477
0.490998
-0.727819
-0.165637
-1.723190
-0.577755
1.117308
1.233176
-0.827576
0.183282
-0.720133
-0.805729
-0.361094
-0.577202
-1.988585
0.278410
-1.763337
-2.037025
2.035357
0.554331
0.394047
1.697738
-2.119561
1.495130
-1.727466
-1.176827
-0.980340
-0.493736
0.045388
-0.522813
-0.380268
-1.631330
-0.490354
1.826674
-0.345602
-0.471468
0.239718
-0.518583
-0.356724
-1.330023
-0.212142
-1.466773
-0.206803
-1.082827
-1.647595
1.821986
-1.137770
0.171292
0.403488
0.516026
-0.678675
1.055709
-2.960788
-0.033807
1.200760
-0.673532
0.046377
-0.182533
3.028339
1.150797
-0.682729
2.558301
1.092805
0.258652
0.332853
0.803080
-1.985660
1.848933
0.676935
-2.636693
-1.449397
1.777472
0.516605
-1.591763
-1.747813
0.533443
-2.509776
-1.030257
0.332549
-0.240928
1.484085
0.243419
-0.830001
-1.053852
-2.310696
-1.067632
-0.323375
0.105084
-0.001373
1.438835
-0.355394
-0.831398
1.227129
-0.929831
-0.755129
-1.977689
-0.092112
0.316303
-1.670078
0.238621
-0.024155
0.643043
-0.111695
-0.063049
0.580839
-0.413691
1.014933
1.075686
1.377196
1.780218
-0.992903
-2.060755
-0.661773
-0.740143
-0.412067
1.341234
0.258568
-1.816394
-0.090661
-0.780717
0.096839
-0.876536
-0.776802
0.203942
-1.191571
1.221603
-0.650267
0.039515
-0.149226
-0.883914
-0.386943
0.138759
-0.985000
0.300075
-1.699131
0.979717
-0.684604
-0.836332
-1.576022
-2.912297
-1.367673
-1.907420
1.381674
4.264773
3.716903
1.598170
0.430364
-0.575425
-1.304345
-0.282940
-2.017780
-1.255978
-0.565082
0.897889
-0.751480
0.248399
0.364252
-1.229383
-0.158035
1.251001
-0.547711
0.244690
-0.362817
-0.354158
-1.760461
0.071095
0.475496
-0.060284
-0.237300
-0.918571
-0.139069
0.606601
-0.351130
1.847221
-2.161151
-1.328827
0.557825
-0.575017
0.785764
1.951630
-0.181127
2.285177
1.527503
0.263959
-0.812957
-2.200278
-0.565455
0.537995
-0.534978
1.272807
-1.361562
-0.182779
-1.487541
-2.453035
-1.115086
0.786444
-1.275552
-0.047762
-0.249152
1.821986
-1.743737
-2.108229
-1.884715
-0.319330
0.238585
1.815738
3.090411
1.349221
0.603277
-1.399348
0.789013
-0.142344
-1.841776
0.558066
0.753530
-0.214656
-1.879499
-0.086313
-1.693951
-1.253189
-1.752403
1.092262
0.398957
1.704930
-1.009020
-1.288826
-0.406693
0.917714
-0.193246
-0.763527
-1.181406
1.033186
1.047469
-0.375599
-1.232446
0.594710
-0.877695
-1.143333
-1.255460
0.540561
-0.630723
-0.824549
2.461136
1.303011
0.157457
-1.472528
1.556213
-0.377298
-1.297807
0.412242
0.298688
0.271554
-0.032737
0.900852
1.154135
-2.101727
-0.638646
-1.940944
0.127328
-1.789835
-1.317421
1.055713
0.527771
0.194354
-2.336645
-0.047734
1.215300
-0.782593
1.692025
0.823390
-0.033917
0.370414
2.959078
-0.195401
1.825116
0.130333
-0.003990
0.603737
-0.600647
-1.101742
1.390579
-0.551353
0.881990
0.251124
-0.137258
-1.622758
-0.493958
1.709656
0.067878
-0.646053
-1.386842
-1.327340
-0.304495
-0.949803
-2.668118
0.590273
0.388319
-0.982276
1.594408
0.348769
1.520169
-0.832428
1.729098
1.455994
0.979934
-0.960121
-1.051467
-0.674576
-0.603941
-0.147561
-0.335832
-1.823227
-0.748387
0.631966
-1.807822
-3.202155
0.041120
-2.737302
0.302393
-3.194053
1.461142
-0.827502
-0.344767
3.338824
-0.217975
-0.848850
-0.056998
-0.658100
0.657756
-0.588934
-0.316172
-0.514974
-0.389011
1.823553
-0.043432
0.827239
0.589703
-0.823345
-0.482004
-0.638658
-0.482991
-0.544694
-0.237548
-0.054709
-1.783395
-1.735308
-0.149625
-0.348507
-0.022067
0.390314
0.008487
2.190274
-1.485263
0.850879
0.119814
0.668434
-1.807640
1.833580
-0.651114
-1.708319
-1.660556
1.136196
0.032451
-0.620351
-0.686353
0.452441
1.277382
-0.860963
-0.968029
1.066706
1.507520
2.153527
-1.741089
0.332829
-0.237601
1.557749
-0.732292
3.067201
-0.875526
1.780415
0.048876
2.730158
-0.368184
0.268729
-2.757611
0.894654
0.042507
0.298051
0.731609
-0.078200
0.067452
0.099903
-0.677442
-0.818982
0.625267
0.843502
-0.416858
-1.299637
-1.849118
0.194845
0.583613
1.390667
1.821986
3.086178
-0.346638
0.193610
1.820427
-0.994688
-1.413038
0.581019
-0.409217
-1.166827
0.210005
0.467595
0.285644
0.325777
-2.123505
1.414296
-0.523373
1.825116
1.825116
1.275721
1.534240
-1.798869
1.826674
-2.103651
0.265311
-0.831670
0.507387
0.059832
0.992975
-0.935533
0.900929
1.550012
-0.443356
-1.412701
-4.090050
-0.007159
-0.446101
1.104739
0.778623
1.863612
-0.178590
-1.615541
0.255887
0.749876
1.825116
0.785911
0.028093
-0.132724
-2.695189
-0.120156
-1.124371
0.286454
-1.636449
-0.871591
-2.008503
1.517357
-2.212272
-1.624684
-0.041506
-0.183106
-0.878472
0.080684
1.377035
1.820427
-0.313757
-1.449440
-0.950592
-0.873108
-2.420566
0.022678
0.189061
-0.344630
1.823553
-0.178980
0.554693
-2.346248
0.075108
-0.371201
0.849373
4.947209
0.869554
-0.631835
1.212897
1.805327
0.903229
-2.009590
0.458223
1.129719
-0.579986
-0.444281
0.551443
-1.765246
0.231922
1.056473
0.198303
-0.309374
-0.014277
-2.206596
-0.420615
-1.984180
-2.509793
2.098230
-0.619991
-1.236416
0.389227
1.176165
-1.054471
-1.801396
2.095478
0.869131
-3.613427
0.334630
0.595768
-1.702731
-0.431741
-1.031291
0.417504
0.946998
1.818862
0.300521
1.215766
-0.597262
-0.436606
-1.008921
0.264563
1.722597
0.020329
-1.218138
-2.835354
-0.013197
-1.658315
-1.245925
-1.981290
-2.222107
-0.443757
-1.272238
0.899359
-1.189046
1.826674
0.589566
-1.319067
0.081820
-0.257569
1.546638
1.300798
-1.896242
0.460608
-2.188465
-0.960642
2.072915
0.229649
-1.051204
-0.689546
-0.256162
3.424434
1.311655
1.407984
-0.170214
0.501468
0.474360
1.326510
-0.824997
1.202953
-0.511025
-0.333214
0.363449
1.825881
0.743291
-0.402837
-0.308814
-1.917520
1.459679
-0.733016
-1.213343
1.974292
1.201115
0.787053
-1.719758
3.042887
1.333982
1.805327
1.986846
-0.429421
1.360776
-0.646670
-0.410480
-0.622529
-1.467725
-0.163843
1.591561
1.565301
-1.116251
-1.630911
0.126552
-0.722457
0.066145
-0.696626
0.485589
-0.506000
-0.836396
0.520890
2.049914
-1.248026
2.408868
0.481578
0.849123
-0.264453
-1.052768
0.759658
-0.063503
0.980258
-0.631186
-1.221822
-0.771947
-0.671077
0.093496
0.805420
-0.354115
1.422059
0.214557
-0.474735
-1.452617
-0.556154
0.333979
-3.229934
0.543779
-0.005912
-2.428746
-1.628052
0.159186
0.249761
1.694961
-0.686758
-0.166149
-1.482904
-1.401254
-2.423667
0.030869
-2.106544
-1.912748
-2.119975
2.603113
0.255501
-0.964813
0.071562
1.821986
1.986511
0.260442
-0.029656
-2.971198
0.276493
0.620102
0.711359
-1.934371
-0.162737
-0.067984
0.537705
0.416657
-0.921510
-0.120695
1.817301
-1.707274
-0.052831
0.262691
-0.103476
-0.013024
0.249894
1.817301
-0.040844
1.499976
-0.397287
-0.159304
0.514314
-2.434516
-2.599051
-1.442172
-0.813427
-0.356372
-0.559884
-0.878179
0.422221
1.823553
-0.557697
1.791131
-1.119977
-0.776824
0.041447
-0.745188
0.987503
1.370128
-0.588093
1.578845
-0.671189
-0.729760
-0.000330
-1.067880
0.291430
-0.166193
-2.180388
-1.227607
0.643254
1.141591
0.967762
-1.536790
-0.491454
-2.035966
1.821986
1.214633
-1.190868
-0.914472
-0.437782
0.240404
-0.465968
1.781960
0.234262
0.470670
2.086112
0.555378
-2.247593
-0.130492
1.222540
-1.367196
0.469204
-0.483548
1.823553
-1.453906
-1.817431
-0.709991
-1.085922
-0.659460
-0.515990
-0.489072
-0.935624
0.689941
-0.345355
-0.396170
-2.715805
-2.434933
-0.995500
-1.858649
-0.669674
-1.335890
1.778146
-0.140707
0.725968
1.484639
1.795368
-0.577124
-0.622166
0.688977
1.012145
0.773033
1.271556
1.613566
0.395623
1.277804
1.280244
0.514333
-1.543767
0.163538
-0.447483
-1.439582
-1.195228
-2.031708
-2.591152
-0.039768
-0.629299
0.247100
0.029694
0.544806
-1.466082
-0.191114
-0.473952
1.636817
0.802062
-0.575942
-0.389297
-0.192407
3.055960
-2.180089
-0.416243
0.903234
0.453550
-0.677696
1.516028
0.024905
0.561785
-1.212760
-1.081989
-2.470365
-1.771772
-0.735488
-0.122676
-2.344907
0.257948
-2.932627
0.222853
0.850883
-1.803382
-1.453492
2.204801
1.823553
0.941058
3.697056
0.913156
1.197726
2.854530
0.162330
-2.403367
-1.466691
0.161782
-0.238836
-0.382368
1.482448
-1.889692
-0.397256
2.128734
0.878183
-0.542821
-1.809018
-1.099353
0.034842
-0.549690
0.851092
0.728276
0.342666
-0.542887
0.675179
-1.257832
-0.268197
-0.778881
-0.159407
-0.069809
1.820427
-0.167322
-0.988224
1.029413
-0.581566
-0.867539
-0.856538
-0.094718
-1.920610
0.084076
-0.026754
0.427773
-0.544976
-1.846850
-0.626360
0.029891
-1.017041
-0.325434
0.199537
0.240845
3.270028
0.217745
-0.732020
-0.088444
-0.986158
-0.234268
-0.842475
-0.401807
-0.431255
0.124936
1.525688
0.631295
1.320109
0.545166
-1.175866
-0.380827
0.583017
-1.282103
-0.312742
0.319894
1.213309
0.475898
-0.121377
3.929876
-1.460565
-0.653829
-0.180101
1.887688
-1.003294
-0.358223
1.628881
-0.000375
1.484353
-0.734032
1.371252
-0.457825
-1.690124
0.443474
-2.623561
-1.515609
-0.709767
-0.276702
0.993021
-1.583223
-0.778731
-0.700038
0.313719
0.665238
0.630583
0.615931
-0.751872
-0.890575
-1.293215
-0.744145
-0.151321
1.420238
0.423833
-0.468320
0.578356
0.316600
0.990435
-0.232672
-0.715707
1.480368
0.366856
1.384044
-0.614499
-0.923328
-1.803196
0.104881
0.737858
-0.441848
1.128219
-1.319089
-1.574851
-0.627053
-0.667917
0.742823
-0.037533
-0.789410
1.501035
-0.040402
-1.724530
-0.689573
-0.118175
-0.264743
-0.924268
0.692147
0.183663
0.747158
-1.062496
0.133598
1.820427
0.266586
-0.353165
0.461019
-1.436955
-1.237043
-1.375323
-1.391743
-0.179937
0.075057
-0.158383
-2.554154
-1.154166
1.186192
-0.231707
0.282425
0.710166
-2.590883
1.191489
-1.397936
-0.802939
-0.519734
0.237104
-0.394149
0.355221
-0.525090
2.389651
-0.913028
-0.437506
-0.550895
0.978582
0.295718
1.166580
-2.261632
0.442253
0.507353
1.106861
0.377722
3.246246
1.773778
1.082349
0.072886
1.095002
1.713673
1.093991
1.032326
-0.239376
-0.544869
-0.648113
1.191154
0.113724
-0.052601
-0.762799
-0.333438
-0.834623
0.891455
-0.649238
-0.955324
0.412307
0.348746
-0.458422
-0.967640
-0.941722
0.002988
-0.071939
-0.083938
1.031233
-0.398009
0.408035
-1.503006
-0.016900
1.727662
-0.048671
-0.852648
1.217659
-1.983860
-0.834110
0.223718
-1.360806
-3.834946
1.821986
-2.339952
-0.965852
-1.054759
-1.159424
0.779619
0.232882
-0.078959
0.209700
0.337553
0.050845
-0.845390
1.387073
1.861442
-0.645291
-0.710729
-0.488450
-0.584741
-1.535285
2.793310
-1.125367
1.389054
2.311442
-1.047941
0.194144
-3.455301
0.217004
2.642905
-0.086460
-0.545118
0.568481
-0.506790
-1.449741
-1.754508
-1.338266
1.080491
-0.072653
0.665119
-0.415623
0.117082
-1.330843
-0.220200
-1.245207
1.058989
-1.598357
0.990996
-0.410694
0.041651
-1.062806
0.824354
0.004304
-0.006118
0.331223
1.561138
-0.854537
-1.867550
0.711709
-0.468844
0.466565
-0.848892
0.618083
0.195916
-1.004512
-0.800725
-1.385142
0.244977
-0.252720
-1.311247
1.438345
0.417732
-0.845317
2.721139
-0.193827
0.036051
-0.609680
0.213424
-1.916575
0.640159
0.187693
-0.641410
-1.632850
-1.285585
-1.468832
-0.630579
0.009784
2.420638
0.057923
0.477988
-3.163085
-0.839305
-0.866156
-2.443758
-0.491858
0.518111
-0.389191
-2.116077
-1.090759
-1.308255
-0.062359
0.158972
0.591082
0.066753
1.818862
1.262592
1.989846
1.818862
3.040504
-0.353866
0.570662
-0.840031
-1.112433
0.390292
-0.866791
-0.302658
-0.702049
-2.383904
2.027874
0.249287
1.768923
-0.461495
-0.210199
0.027275
-2.115679
-1.562787
-2.012488
-0.919556
0.126550
-0.623285
0.348855
-0.768006
-0.497244
1.164051
-0.354944
-0.777901
-0.065146
-1.623533
1.216898
-1.247496
0.677600
0.081979
0.024993
1.132898
-0.400023
1.076433
0.163566
-0.476985
0.113699
0.224888
-1.459153
0.160706
-1.281422
-0.461816
-0.321245
0.322399
0.633843
-0.229963
-1.965719
-0.185936
1.325335
-0.910278
3.947446
-0.767572
-0.454084
1.006331
0.191964
0.761755
-0.089528
0.773116
-0.526788
1.581837
-0.987636
-1.648158
-0.610278
0.668545
-1.115261
0.420061
0.349405
0.343895
1.344557
-0.280494
-0.222491
-0.081707
1.128222
1.116525
0.765268
0.430594
-0.599846
2.268777
0.293132
-0.765869
-1.443721
0.355773
-0.272701
-0.079630
-0.435065
-0.936393
-0.914741
0.002172
-1.434012
-1.512848
0.182997
-0.012764
1.148499
0.914753
1.167827
-0.790083
-0.694371
1.613730
-0.605601
-1.057221
-1.055773
-1.029287
-1.007783
-1.240728
-0.207869
2.166269
-0.996581
0.324425
-0.074659
-0.629060
-0.039191
0.807846
2.931340
0.584264
1.055243
0.015112
0.461735
0.194587
0.255917
-0.788769
1.825116
-1.167370
-0.034704
0.195447
-0.774711
0.631214
2.302391
0.628964
-0.826340
-0.131353
0.431133
-0.873983
0.717139
-3.188419
1.533304
0.464018
0.963949
-1.293865
1.120082
-1.017358
-0.850574
-0.473449
0.423685
0.797197
2.015477
0.071478
0.273603
0.365641
0.042372
-1.506914
1.581279
0.541951
0.012609
-0.031658
0.824459
-0.839792
1.823553
0.084393
2.010156
1.017592
-0.178896
0.410554
-0.373656
-0.108744
-0.964152
-1.522319
-0.224693
-1.777048
0.032435
-1.254057
-0.425944
0.503874
-0.801696
-0.393149
1.457088
2.080091
0.276238
-0.202556
-0.739797
-2.116929
0.365995
1.131153
2.026466
-0.636867
-1.426013
0.421185
0.177067
-0.397055
-0.575815
-2.923621
0.572225
1.766669
-0.166665
-0.287369
-0.147501
1.826674
-2.228822
-0.499814
-1.130691
-0.364014
0.356635
0.334134
-1.700535
-1.008266
0.328792
0.405838
-0.472359
1.905328
-0.437981
1.675172
-1.826195
-0.221092
1.220235
-0.185891
1.912700
-1.177126
-0.290644
-0.431049
-2.185359
0.294308
-0.862615
-1.338864
0.503681
-0.090205
-0.532767
-1.781308
-1.150755
1.692317
0.314433
-0.199326
-1.654392
1.166128
0.726620
1.204141
-0.137765
0.355113
-0.724980
0.154060
-1.108050
-1.896654
1.820427
2.199119
1.818862
-0.198965
1.703966
0.630207
-0.708932
0.095891
1.067266
0.507346
-0.451312
-0.712828
0.372623
0.109689
-1.067811
-2.532341
-0.439403
2.036049
-0.847893
-2.881381
1.942017
0.699707
-0.221426
-0.069262
-0.820594
-0.818550
0.271497
-1.356039
-0.807710
-1.378705
-0.152670
-1.196752
1.230558
-0.879139
0.774502
1.179580
-0.790359
-0.757455
-0.970366
-0.546051
-0.931100
1.818862
0.335465
0.003006
-0.089566
-0.989095
0.158882
-1.385212
-0.587854
-1.540612
-1.249213
-1.143192
0.418189
-0.253346
-1.170444
-0.124724
-0.077803
-0.305601
-0.500233
-0.017789
-1.147022
0.193759
1.209454
0.578872
-0.615922
0.130155
-0.453801
1.617311
-0.582454
0.259439
-1.119493
-0.587713
-0.325565
-0.780506
0.697958
0.244201
-0.487158
-0.525585
-0.305918
-1.910506
-0.738049
-0.892448
-0.819024
-0.233729
-0.560461
-0.383916
-2.111784
1.821986
1.371297
-1.565574
-2.444484
-0.954235
1.653495
0.697183
-0.261459
-0.655330
0.214828
-2.150719
-0.895013
-0.580745
-0.302118
-0.152791
-0.113971
2.124358
0.915819
-0.419109
0.329752
-0.970677
1.123969
-1.545575
-0.558759
-0.035732
1.290123
1.038266
0.762226
-0.785253
-0.568179
1.668906
-0.174142
0.480598
2.733229
-1.937674
-0.917989
-1.391485
0.373938
0.916625
-2.125883
-1.387032
-0.563399
-1.665630
1.152635
-0.025107
0.357967
-1.981388
0.676558
0.645604
-0.224101
-0.565591
1.972281
0.639726
1.289515
2.462131
-0.338311
-0.214259
2.097902
0.274936
0.255691
-0.728138
1.174909
-1.355788
1.347937
-0.011534
-1.081852
1.314759
0.570613
-1.721964
1.516505
0.529757
-0.466364
1.459562
0.063952
0.575240
2.482679
1.489787
0.549882
-1.409826
0.371643
-0.217383
-0.592275
-0.073081
-1.189568
-0.779517
2.349214
-0.821253
0.244658
0.633176
1.605982
-0.457425
0.072963
-2.262995
-0.028117
1.808508
1.826674
0.075906
1.278029
-0.457650
0.276250
-0.609989
-1.303856
1.727761
0.185074
-0.289334
1.490000
-0.756352
-2.059688
-0.791003
-1.805001
-0.227164
-0.510572
-0.450814
-1.448364
0.078084
-0.367599
0.921794
-1.426031
-0.777087
0.782095
1.821986
4.106390
1.627470
-1.021410
-0.372491
0.010144
-0.448692
1.402359
-0.750987
-2.146203
1.202607
-0.397355
-0.928029
1.081825
-1.743073
-0.836988
1.720557
0.162584
-1.254132
0.037343
-0.613350
0.482038
-1.231435
-0.824381
0.372157
0.447950
-0.721274
-1.620152
-0.181766
1.986860
-0.287659
0.083024
-0.594836
0.019373
0.066374
0.847554
-1.183470
0.193666
0.545717
1.026094
-0.009402
0.602849
0.400219
0.218302
1.375120
-0.126077
-0.520114
-0.376497
1.823553
1.821986
1.005652
1.777337
1.071177
0.385013
0.721342
0.198405
-0.676630
1.564470
-0.399299
1.021936
0.703123
-0.070961
-0.562273
0.315629
0.777884
-1.635839
-0.408980
1.337724
0.873681
-0.876673
-0.781440
-1.338606
-0.394722
0.449733
-0.350622
0.565336
-0.039045
-1.211032
-1.121701
-2.152248
-0.539006
0.643172
-0.432103
2.695387
0.591362
-1.366816
-0.305810
-1.228984
-0.273997
-1.156167
1.783058
-3.621691
0.737377
0.076716
-0.026556
-0.457695
0.363686
1.026639
-0.078445
1.145946
0.632617
-0.351825
-0.020222
0.970362
-0.164659
-0.113094
-2.678524
-0.939713
-0.652223
-1.017054
-0.215568
-0.207613
0.512622
-0.510068
-1.201918
-2.913187
-0.766872
-1.099620
-0.970722
0.250693
0.810138
0.242622
0.240656
-0.818488
0.190163
0.822809
0.109157
0.839144
-0.921241
-1.028021
1.821986
0.265790
-0.194601
0.833764
-0.159383
-1.093930
-1.050176
-0.456923
-0.980463
-0.104228
-1.195751
-0.574743
0.086857
-0.964999
0.378534
0.528273
-0.418595
0.946878
0.414773
0.025305
2.960144
0.734790
1.821986
1.821986
1.789734
0.083315
1.207797
0.559492
0.273710
1.698735
1.560440
0.247540
-1.060896
0.068881
0.809057
1.321079
-0.933470
1.818862
0.873560
-0.064486
-0.309014
-2.143584
1.084039
-0.952588
3.431920
-1.473171
2.188774
0.396125
-1.731228
-1.589327
-0.659106
-1.027385
-0.510213
-0.373727
-0.242949
1.359648
-1.762156
-1.353920
0.137556
-0.392509
-3.277702
1.624283
-0.004302
0.113924
-0.569974
0.131662
0.249852
-0.961436
-1.088639
0.104582
0.477734
-0.333262
1.856226
0.882439
0.854693
0.028633
-0.545343
1.238194
-0.403758
0.053407
-0.276544
0.401299
1.823553
-0.137792
0.054720
1.762626
-0.425851
1.110737
0.074915
0.796223
-0.424872
0.505198
-0.624096
-0.718106
-0.522461
0.457756
-2.208678
0.996939
-1.555975
-1.757217
-0.670234
-1.351623
-1.938437
-0.410838
-0.144583
0.727818
0.385886
0.832280
1.823553
0.931440
0.120716
0.345098
0.772171
-0.832298
1.512682
-0.733037
-1.077591
1.403473
-0.790237
-0.434923
-1.443265
2.352781
-0.046235
1.656796
-0.055699
-0.224196
-1.622193
-1.011141
1.177240
-0.157058
0.014745
1.821986
0.597902
0.718866
0.507297
2.212602
0.673225
-0.360894
1.667942
-1.933445
-1.193839
-1.039696
1.952451
1.014721
1.821986
-0.801564
1.825116
-0.394020
0.773468
1.755627
0.123442
1.178360
0.055332
-0.970853
1.820427
0.195585
-1.504902
0.224197
-0.173341
-0.006676
1.025349
-2.342582
0.131097
-0.979053
-1.344097
2.010156
-0.093913
-3.939976
-0.397651
-2.527789
1.413507
-0.616646
-1.380821
-0.691843
0.601341
-0.401687
1.130849
-0.027502
-0.468127
-0.566093
-0.860453
-0.214034
0.646819
-0.481242
0.999415
0.161688
0.979694
0.318054
1.128172
-0.059027
-0.268075
0.723134
-0.547621
0.288085
0.173555
0.258258
-0.009079
-0.035249
-1.435463
-0.068990
-0.005734
0.004741
-0.243355
-2.945998
0.481117
-1.585651
-1.000751
-2.218584
-0.379018
0.583658
-0.458206
0.991470
-1.066620
1.399607
-0.082863
0.760971
1.823553
-1.568982
0.504809
-0.620880
-0.691245
0.300097
0.112210
-1.227595
-1.241452
0.244455
-0.676950
1.818862
0.408399
0.147350
0.870874
-0.598434
1.103328
-1.943540
0.827127
-0.754758
0.145149
-1.287655
1.365672
-0.141133
1.220795
0.614606
-0.657424
1.047697
-0.485386
1.536366
1.188877
0.489920
1.715214
0.719152
-1.058297
-1.101381
0.721631
1.403832
1.209172
-0.052004
-1.064225
-0.570998
-0.775131
-1.099557
-0.784561
-1.990551
-1.362910
1.762611
-0.606855
1.856226
0.972402
-0.250197
-0.871537
0.442333
2.141498
0.695463
1.134600
0.177619
-1.433239
0.066185
-0.954512
-0.088999
1.825116
1.825116
0.027098
0.351984
-0.795765
0.353674
0.273146
1.053721
0.696507
-0.400682
-1.030028
0.621182
-1.310646
1.144582
-0.350640
-0.717283
-0.189289
1.820427
-0.303669
0.431959
-0.148861
0.041168
-0.748309
0.268931
-1.382656
0.147042
1.826674
0.006838
-0.283074
1.086861
-0.946805
-0.766280
0.209392
0.111094
-0.418859
-0.294917
-1.137432
0.718387
-1.527968
0.333404
0.174256
0.108396
2.208585
0.414839
-1.091116
-0.319600
0.186632
0.233381
0.796376
-0.037127
0.029646
-0.956350
-0.768734
-1.162796
0.755230
0.780190
0.867459
2.466318
0.265320
1.254158
1.549874
1.101135
0.945025
0.358230
-0.524722
-0.225369
-0.114846
-0.049352
1.038764
-0.678227
-1.934046
-0.012378
1.237085
0.050043
-1.002464
-0.040911
0.554294
0.631583
0.572502
0.748872
1.288741
-1.362033
-0.900702
1.123435
-1.918905
-0.706469
0.520590
1.900461
0.077015
-0.460575
-1.069996
1.821986
0.849564
0.491321
-0.451278
-0.460911
1.825116
-1.062894
-1.174733
0.578339
-0.681197
0.900300
0.020841
1.821986
0.999481
0.870624
-0.083428
0.529216
0.644392
2.597603
1.206004
2.705394
0.575749
-0.538200
-1.804310
1.512059
-1.178513
2.456372
-0.719598
0.817458
1.183304
0.347936
2.009250
0.411353
0.958100
-0.361892
1.010117
1.290109
1.638321
0.022167
-1.308818
0.172595
0.930781
-1.003604
-1.375334
-0.837893
-0.409067
0.609199
0.129675
0.912764
2.139360
-0.874642
-2.309196
-0.863265
2.041513
0.248092
-0.135236
1.207630
-0.723495
-1.029129
1.455532
0.196351
-0.342975
-0.520989
-0.873112
-1.284001
1.400969
-1.335441
0.418100
0.167156
-0.510901
0.031960
-0.271130
-1.044649
-0.599972
0.582092
-0.859120
1.233390
0.649344
-1.196507
-0.411189
-1.269526
1.335806
0.519685
0.348498
1.272687
-0.104347
0.018144
-1.155361
-0.084897
1.825244
0.997003
0.353630
0.178792
0.849542
-0.934561
-3.012410
-1.486795
0.596316
0.011560
-0.114406
-1.800059
0.404342
0.200158
-1.536986
-1.333748
-3.021025
-1.200722
-1.019335
-0.071227
0.237872
-0.461575
-0.746585
-1.351108
-0.643673
-0.469542
-0.847903
-0.938887
-0.219898
-0.523350
0.109394
0.388909
-0.278999
0.361792
0.866987
0.560045
0.186367
-1.937927
-0.547556
1.814870
1.028920
-0.596983
0.299960
0.472010
-1.698221
-0.701421
0.649500
-0.665349
1.256453
-0.588193
-1.170928
-1.321774
-0.350022
-0.558978
-0.785705
-1.542595
-0.125644
-0.868127
0.961405
-0.535790
-0.407121
0.140516
0.160393
0.542485
-1.194958
2.290472
0.260117
0.521653
-1.440504
0.458474
-1.408727
-2.086361
-1.303859
0.207622
0.098162
0.156599
-0.089483
-0.399137
-0.620094
1.395891
-0.374385
-0.140968
-0.385106
1.823553
-0.798530
1.826674
0.149535
0.069482
0.492045
1.096346
-0.735889
0.310495
1.486596
0.971187
-0.687070
-1.131077
0.860600
-0.493830
0.857665
-1.698366
-1.697612
0.028754
2.161233
-1.282262
-0.288700
0.677308
0.120871
-0.283826
0.256494
-0.949097
-0.230043
1.431082
1.817301
0.527143
-0.143957
-1.312167
1.350340
-1.940937
-0.627942
1.815738
1.514325
-0.130132
1.820427
0.493083
1.871800
-0.821329
0.217871
-1.156076
1.139834
-1.043241
1.560161
0.204939
-0.057488
0.492014
-0.908999
-1.293880
-0.444476
-0.841258
-0.694214
-0.244252
1.281726
-1.305566
-0.850773
-0.785049
-0.701553
-1.264443
1.847111
-0.684891
-0.095973
0.787239
0.002798
-1.028072
-0.449245
-0.359890
1.435130
-1.245341
-1.432972
0.904801
-0.225786
-0.081542
-0.211680
-2.410692
1.024190
0.679497
-2.710185
-0.007446
-0.519526
-1.010153
1.191155
-1.440276
0.691661
0.622610
-1.954762
1.304091
-0.150240
-1.092032
0.059851
-1.308387
-0.297083
-0.606207
1.023925
-0.204107
-0.928961
-0.450054
0.697730
-0.484590
1.218177
-0.732007
-0.114864
0.768294
-0.449407
0.716347
-0.121566
2.161362
-1.071607
-0.581621
0.523934
-1.554727
1.205762
1.662184
1.201153
0.542168
-1.955744
1.438972
0.335773
0.355538
-0.846082
-0.095137
0.146238
1.571560
-1.449035
-1.610130
-0.615612
-1.897340
0.326856
-0.045339
0.225311
-1.171239
1.240528
0.842221
1.463082
0.121952
-0.097979
-0.757157
0.002837
-2.605302
1.786239
1.820427
-2.566090
0.873460
-0.209293
0.129497
0.136400
-0.284994
0.103540
-0.055851
0.360794
-0.826738
-0.383257
0.428522
0.773416
-0.244951
-0.207408
1.203490
0.994462
0.239347
0.610095
-1.105677
1.317443
0.670179
0.469715
-0.154287
-0.091564
-0.839608
-1.913266
1.537248
0.123048
0.506157
0.106958
0.231200
0.687831
0.242294
-0.126480
0.637885
0.375869
0.596334
-1.078187
-2.696128
-0.209550
-0.382730
-0.843614
0.492835
0.000472
-0.773175
1.783058
-0.182441
0.619809
0.372683
-0.058644
-0.364886
0.457293
-0.854150
-1.000376
0.481814
0.418922
-0.225825
-0.784484
1.613115
1.880767
-0.710916
-1.666963
0.217163
0.434750
-0.425840
-1.504590
1.823553
0.910164
-0.223258
1.337826
0.825753
-0.889486
0.353893
-1.889083
0.562843
1.698014
1.786562
-0.140778
0.192009
-1.596562
-1.498155
-1.521414
0.089517
0.101624
-0.397088
-2.238167
-0.920077
-0.738410
-0.279693
0.545091
-1.590014
1.533351
0.816368
-2.622332
0.742758
2.709444
-0.241226
-1.080049
2.206694
0.820956
1.776190
0.159089
1.826642
-0.415910
1.581357
1.825116
1.810400
-1.347680
-0.514888
0.110701
1.483857
0.126049
1.802144
0.098461
1.115422
0.755127
2.737692
0.109958
-0.983233
0.016878
0.697694
0.550649
0.980352
-1.377284
-1.140951
2.021987
-0.175651
-0.185924
0.951203
-1.276128
1.361784
1.008274
0.670728
-0.479232
-0.885927
0.158519
0.450343
0.336600
0.231342
1.429929
-0.062806
-1.291315
1.550165
1.163312
0.372383
0.235455
-0.497328
-0.994938
-0.349288
-2.318174
-0.873813
0.421811
1.544424
2.266287
0.836970
1.186960
-0.003662
-0.104309
0.929761
1.482150
-0.533186
1.148213
-0.166179
0.040737
-1.241267
-0.727431
-1.404675
0.364896
1.150325
0.430628
-1.837176
-0.768495
0.707884
-0.762522
0.510068
1.306767
1.917392
0.878349
-0.683074
-0.115528
0.309143
0.159364
-0.627561
-0.655922
-0.833930
-0.356731
-0.257036
-1.098670
-1.473589
-1.751539
-1.075444
-1.274445
-0.864624
-0.711815
0.891783
-0.890606
-1.164026
-2.050114
-0.674127
0.296437
-0.168887
0.447183
0.005140
-0.875314
1.549917
-0.181132
0.418154
0.056152
0.519587
-1.212796
0.632753
0.626221
-1.583977
-0.086058
0.595104
0.425418
-0.472939
0.132905
0.610003
-0.127892
-1.366301
1.006272
0.706035
-0.430181
0.199766
1.668501
-0.819537
-0.714367
-1.587653
-2.300596
-1.995645
0.767115
-0.840172
0.389803
-1.127152
1.267637
0.655489
-1.054990
0.304683
1.182593
0.549343
-0.821121
1.090454
0.676557
-0.718916
-2.328133
2.111619
-0.844717
0.097072
-1.448404
-1.575424
-0.083232
-0.101184
0.728819
2.040095
0.205206
0.221256
-0.855928
1.820427
-1.947304
1.148674
0.164713
-0.682065
-0.865996
0.427626
-2.439714
-0.047838
0.053950
-0.298861
-0.538901
-0.646824
0.023121
-0.175019
-0.499107
-0.048404
0.898848
-1.076822
1.112651
0.002739
-0.410584
1.098820
-0.953413
0.492606
0.519993
0.978936
0.395019
1.820427
0.435289
-1.388322
0.077148
-0.285547
-0.236245
-1.462623
-1.091887
1.232789
1.828239
0.085188
-1.724870
1.270410
-0.283564
0.616685
-0.192075
0.552242
0.077342
1.003991
-0.736246
-0.394482
-0.319655
1.495545
-2.011477
0.829890
0.773937
-2.718670
-0.177434
-0.031778
-0.882529
-2.318000
0.144925
-0.455198
-0.578310
-0.886880
-0.722761
0.644388
0.488463
1.333779
1.726213
1.178973
1.816108
2.226813
-0.744335
1.179485
0.373357
-1.296795
3.084645
-0.299759
-0.640091
-0.748205
1.351237
-1.282099
-1.716864
-0.480073
0.862970
0.292670
-1.589896
0.526116
1.962327
0.013733
1.647405
-0.162700
0.098581
-0.653827
0.226143
-0.594088
0.019430
0.729045
1.818862
-1.387834
-2.326168
0.176816
0.104297
-0.455989
-0.110543
-0.638286
0.056335
0.244145
0.473187
-0.880311
0.512584
-0.340520
1.821986
-1.168675
-1.313849
1.050920
-1.107244
1.890634
0.568789
-0.881568
-1.076605
-1.279770
-1.706691
-0.858479
-0.412416
0.109629
1.048256
-0.456267
-0.081264
1.862696
0.216900
-0.510903
0.249927
0.016018
-0.804566
-0.064790
0.406451
-1.309159
0.393669
-3.111370
-0.710426
0.031470
-0.849631
0.308369
-0.068335
1.157596
0.636487
-0.184943
0.613031
-2.062984
-0.007221
0.730460
0.135374
1.507628
-0.419004
-1.515033
-0.194097
0.074790
-0.243791
1.193521
-2.315618
2.030213
-2.935526
0.387667
0.822174
1.491461
1.063170
0.600887
-1.800655
-0.839247
-0.919694
1.368443
-1.850613
0.121406
-0.009265
0.105015
-1.245817
-2.517986
1.361466
-0.404151
1.821986
1.821986
1.993779
-1.804258
-0.750003
0.102638
-0.699258
0.314243
-0.036086
-0.061276
2.303369
-0.368526
0.307608
-0.994616
-0.793039
1.017886
1.821986
0.094317
0.177920
0.052339
0.232961
-1.511317
0.093527
-0.366747
0.936544
0.662134
0.709426
-0.374053
0.541746
-0.647257
1.391372
-1.752804
-1.503524
-0.243149
-0.461878
-1.494244
2.081885
-1.070031
-1.475377
-0.077553
0.359311
-0.197194
-0.748392
-0.326884
0.813353
0.288978
1.172325
1.050599
-1.729520
0.675011
-0.226906
2.312390
-0.081851
0.027292
2.294720
-0.030603
0.830572
-1.283478
-0.107833
0.698857
-1.129758
1.240064
0.468410
0.231579
-0.916050
1.576410
0.569897
0.944125
-0.828062
1.732149
0.536181
0.150135
0.306946
-0.382109
0.340416
-1.947661
-0.880238
0.730005
-0.589899
-0.936451
0.660659
-1.560673
2.559638
-0.660310
0.533021
0.557524
-0.433485
-0.138271
1.408385
-1.209314
1.148139
0.789718
0.446488
-0.968358
-0.898452
-1.432275
-1.277716
-1.281249
-0.277213
-1.537032
-0.113755
-0.090958
-2.136502
-0.543992
0.421924
-0.931659
-1.522199
-0.622713
0.129122
-1.811114
-1.951736
-1.080298
-1.170442
0.502599
-0.016713
-0.033092
1.805956
0.659266
0.225287
-0.146655
1.997895
-0.295939
2.306141
0.863658
-0.185857
0.257049
-0.476487
-1.434273
1.644085
0.846963
0.394671
0.586044
-1.065426
-0.048060
-1.089777
-0.452594
0.713157
1.169281
1.821986
-1.601024
-0.522733
0.254705
-0.783767
-0.103205
-1.194813
-1.105103
0.511759
0.581245
-0.930528
0.713474
-1.818511
-0.281352
-0.458698
-1.139389
1.163153
0.971352
-0.731288
-1.149237
0.167651
-1.462011
-0.303060
-0.217108
-0.911707
0.323701
0.745243
0.659431
-0.653619
-0.878287
0.246789
-0.592782
1.209556
0.021197
0.309052
-1.562909
-0.115621
-1.056557
0.142960
0.259801
-0.311667
0.284384
0.911576
0.090405
-0.169083
0.886618
0.046097
0.879801
0.020991
1.410310
-0.644002
-0.968741
1.042884
0.067177
-1.255246
-0.292549
0.161252
0.755233
-0.339392
-0.977617
0.470864
0.507276
-0.425785
0.761209
1.446586
-1.687837
0.234934
0.296434
-1.521041
0.403085
0.594187
-1.926650
-0.567184
-0.859500
-0.559844
-1.730075
-0.270683
-0.127029
-0.778695
-1.555377
-0.987589
-0.351180
1.002448
0.109918
-1.240501
-0.766581
0.933850
0.156771
-1.059556
0.577388
-0.184858
0.278587
-0.110872
0.410993
-0.688021
0.238658
1.204732
1.003169
0.387543
-0.597092
-1.049201
0.853743
1.070164
0.592576
-0.643307
0.248130
0.886591
-0.803663
1.464947
0.300635
-0.045205
1.390963
0.710118
0.680020
0.554340
0.454080
-0.564359
1.781467
-1.761029
4.146077
-2.174401
0.620420
0.006268
-0.565043
0.045179
0.632444
-0.474388
-0.181161
-0.332891
2.334962
-1.604970
-2.131850
1.844781
0.123899
-0.326186
2.009720
-0.602353
0.160760
-0.496418
-1.817295
-1.854601
0.016299
-0.519906
0.613967
0.071740
-1.135097
-0.461013
1.516321
-1.022989
-0.356855
1.873931
1.036648
0.612094
1.871487
-0.706924
-0.043162
0.847362
-0.335308
1.085364
0.470531
-0.010174
-0.408476
-0.374334
0.757785
0.067690
0.357877
-1.634058
2.206694
-0.432932
0.876381
0.776022
-1.559548
1.280681
0.870445
0.011905
-1.051998
-1.076140
-0.836766
1.821986
-0.281084
0.225544
0.843899
-0.071990
-0.486070
0.855509
0.584030
0.350220
0.651956
-1.842212
0.438387
-0.039023
-0.461243
-1.957878
0.161210
0.702890
0.426091
-0.858011
0.262308
1.046275
1.820427
0.871209
1.019823
0.270577
-1.643661
-0.082974
1.222358
0.912671
1.817301
0.791351
-2.009036
-0.970021
-1.255872
-1.037804
1.437175
-0.177132
0.770130
-0.665829
1.644510
1.329973
-0.427304
0.958474
0.698168
0.355558
-0.239061
1.469856
0.172646
1.821986
-1.014759
-0.649682
0.483520
-0.445976
1.019880
-0.412019
1.421409
-1.116933
-1.816100
-0.336239
0.885022
0.251503
0.159510
1.823553
4.024697
0.179748
1.191849
-0.222513
0.550159
-0.140531
-2.249133
0.250736
-0.075265
-0.791300
0.711425
0.247557
0.661333
-0.479341
-0.707495
2.089030
0.639332
-1.449454
0.102291
-0.398563
2.940967
-0.696040
-0.811059
-0.837194
-0.613489
-0.951782
-1.369620
-1.866915
0.519636
-0.043370
-1.812740
-0.559898
0.683530
0.385505
-0.262894
-1.610453
0.535985
2.136056
-0.144850
0.011392
-0.212610
-1.560868
-2.234349
0.955311
0.180923
0.470778
-0.054884
-1.209936
-1.529233
0.694199
0.331333
-0.820040
0.903561
0.655743
0.358091
0.574500
0.600081
-0.048042
1.063301
-0.282925
-0.655987
-0.748790
-1.783358
-1.018195
-1.573525
-0.718189
-0.152292
-1.207797
0.411342
-0.858037
-1.362526
-0.048398
-0.004465
-0.452702
-0.793218
1.112218
-0.574798
3.915498
3.483919
1.695206
-1.104309
-0.492642
0.215664
-0.496359
-0.390455
-0.715211
0.637004
2.674465
-0.757828
-0.250023
-0.284959
-0.776276
1.541663
0.016416
-0.116257
-0.183853
-0.529002
-1.429095
0.619443
-0.264374
1.909912
-0.093075
-0.483249
0.513706
-0.893892
0.135611
-0.315202
0.142123
-0.410711
1.897716
-1.308058
-0.801403
-0.656886
-0.127116
2.816513
-0.861539
-0.047464
1.636147
1.820427
-0.340559
-0.623074
-0.811645
-0.983586
-0.924693
2.491315
-2.043382
-1.434485
-0.887202
-0.426196
0.232792
0.163618
0.920296
-1.073486
0.439702
-2.070839
-0.503981
-0.480857
-0.357454
-0.132110
0.086537
0.673731
1.078197
1.183426
1.627178
-1.405777
-1.404245
-1.326632
2.032880
0.374722
0.460010
-0.053273
0.456752
0.422454
0.720144
0.331242
0.703861
-1.397084
-1.875286
1.121428
0.401063
-0.014799
1.015289
-1.808784
-1.743272
-1.882728
-1.318706
0.003446
-1.019074
-1.561320
0.669832
1.273744
-0.847103
-0.188372
-1.165744
-1.071002
-1.357119
0.625759
0.727538
-0.249094
0.037145
-1.651467
-0.050353
-0.231132
0.071783
-1.210128
0.916755
-0.498688
0.874399
0.317300
0.416420
0.348960
-0.525040
-1.947293
-0.324699
-1.005803
-0.384359
1.521303
1.274800
-0.059686
-0.879122
1.161534
0.198604
1.235530
-0.078710
0.004543
0.783326
-0.994621
1.282769
-0.272807
1.110518
0.193881
1.804901
-0.014564
-1.386756
0.217235
-1.509534
-0.057315
-1.253668
-0.977206
-0.160785
-1.144991
-0.704957
1.820427
0.536817
-1.087084
0.988024
0.843790
1.132343
0.162598
-0.808503
0.292433
0.057465
0.204421
-0.306998
0.269742
0.716045
0.923837
0.005990
-0.653620
-0.499665
0.244668
1.588436
0.134345
-0.517593
-0.491199
1.536136
2.061670
1.471210
1.401227
-1.819550
-1.229222
0.078401
-0.637513
-1.276025
1.440510
-1.049657
-1.139836
0.419210
-1.235956
0.876605
0.354436
-0.003513
-0.410660
1.393104
1.545129
-0.498839
-1.049744
0.707826
-1.051616
0.962064
-0.114509
-2.542114
-0.800285
1.781467
-2.300832
-0.577395
-0.282387
-1.428992
-1.386363
-0.746809
1.227561
-0.918483
0.226655
-0.149887
1.366893
-0.108677
-0.069553
0.386959
-0.314223
-0.382257
0.345047
0.752892
-0.330640
0.107133
0.497292
0.838474
0.848432
1.302131
-1.172107
0.141827
-0.061401
0.072559
-0.309436
-0.309301
-0.019376
-0.347224
-0.556183
1.318319
-1.358417
0.393868
0.681043
0.346306
-0.704387
-1.338961
1.476150
1.336543
1.088299
-0.198955
1.058657
-0.098483
0.263517
-0.563493
0.735812
0.224707
0.799807
0.476372
-2.185375
-0.276665
0.601680
-2.078007
0.136462
2.255715
-0.602818
0.069099
-0.168726
0.189192
0.906028
-1.003840
1.046319
0.674139
0.714215
1.820427
0.795685
-0.018222
-0.205916
-0.096866
-0.235837
0.936591
-0.576251
2.056220
0.615480
-0.093978
1.403381
0.064479
0.143302
-0.387062
-1.934951
0.933631
0.322471
1.950387
-0.842582
-0.959170
-1.399090
-0.047452
-1.181880
0.337912
-1.178793
-0.295828
0.963323
-1.396041
-1.199360
0.329821
4.027799
0.243224
-0.197782
-0.522074
0.706042
-0.424910
-0.623027
-0.285563
0.285364
-1.139110
0.827194
1.287453
-0.507905
-1.794822
0.030312
0.168547
-0.354627
0.950243
0.095661
1.272982
0.358137
0.912652
0.133737
-0.162939
2.119044
1.008325
0.312965
-1.986683
1.147354
-0.604169
0.031163
-1.887500
1.823553
-0.899581
0.674024
-0.512695
0.904246
-1.028048
-0.252602
-0.638052
0.143693
0.757912
0.154022
-2.039532
0.582303
1.031812
0.150225
-1.110963
1.085704
-0.525996
0.648492
0.125705
1.817177
0.190332
0.997951
-1.128361
-1.025307
-0.552551
-0.116802
-0.559006
-0.479577
-0.769733
-0.871534
-0.640131
-0.982628
1.826674
1.821986
1.992651
0.757437
0.970743
-0.755222
-0.327416
-1.037521
-0.512005
1.144968
0.805577
-0.274651
-0.654920
-0.506896
0.741698
0.057580
-0.796774
0.204777
-0.803124
0.731292
-1.007430
-0.577773
2.172254
-1.737525
-0.300406
-0.222373
-0.146212
-2.195223
-1.050591
-1.930846
0.365459
-1.091343
-1.194613
1.066811
0.030394
0.547098
0.445772
-1.195132
-1.357128
-0.928318
-0.250160
0.256069
2.318365
-0.179197
-1.477015
-0.176044
1.430605
-1.334982
1.825116
-0.750625
0.545677
-3.019963
-0.408003
0.320969
-0.396115
-0.312331
-1.405547
-0.618415
-1.170439
0.262880
-0.196052
0.266358
-1.055228
-0.205533
1.932335
-0.765497
-0.341435
0.552660
1.586688
-0.084526
-0.572899
-0.081159
-1.730757
-1.095660
-0.091747
-1.395506
-0.981743
0.164694
0.769269
0.109080
-0.544383
-0.747912
1.765065
-2.082162
1.143864
1.074791
1.207643
0.091527
1.086006
-0.786411
-1.610695
-0.872106
0.603693
-0.801315
0.835650
0.198288
0.054221
2.166635
2.318714
2.647500
1.263825
-0.176625
-0.203883
0.106136
0.258845
0.615192
0.097516
-0.556973
-0.277249
0.022743
-0.889836
0.831288
-0.202892
0.658999
0.192105
-0.764996
-0.025175
1.365407
-0.783158
3.321179
-0.777928
-1.056797
-0.024067
-0.077661
-0.285867
-0.735001
0.800514
-1.233686
0.742015
0.764063
1.828239
-3.107640
-1.020899
-1.068059
0.944390
-0.077123
1.016907
-0.471654
-0.527952
1.821986
-0.067323
0.626499
-0.425658
0.223214
1.823553
-0.411116
-1.077509
-0.386777
0.244182
-0.286342
-0.386321
1.045741
1.641562
-0.911093
-1.826216
1.012358
0.246637
0.050873
0.415657
-0.205980
-0.006317
0.561283
1.151765
-1.577541
0.810746
-0.977318
-0.200507
-0.816612
-1.236995
0.069475
0.260497
-0.601098
0.541500
2.432827
0.770645
1.636567
1.031875
-0.373454
1.696438
0.912245
0.502734
1.454952
1.073403
-0.534170
0.091553
-0.432710
0.636829
1.738888
0.216503
-0.293793
0.403701
0.171513
1.701290
0.224401
-0.946511
0.428460
-0.714924
-0.409458
0.278183
-0.457276
-0.172827
-1.970669
0.984462
-0.301309
0.213207
0.639078
-1.006966
-1.027756
-1.141789
-0.346953
0.825661
0.751010
0.073800
1.220104
-2.057091
-0.919504
-0.638213
-0.829629
-0.433226
-0.299711
-1.078089
0.144518
0.179446
-0.682456
1.734966
-0.035235
-0.191276
-0.766253
1.430316
1.419923
1.425141
-0.666131
-0.316432
-0.199243
1.814178
0.066422
-1.137863
0.268728
1.261841
-1.036242
0.403794
-1.367303
0.089573
-2.272490
-0.720331
0.338175
0.713336
0.260136
-1.208018
0.292121
0.710586
-0.473914
2.140845
-0.592583
-1.504357
-2.124489
0.041027
-0.230242
1.008948
0.402206
-1.216492
0.731935
0.578892
-1.056393
0.449423
-0.056007
0.625058
-0.041030
0.603221
-1.297880
0.633830
1.818862
1.823553
1.376596
1.808721
0.436138
1.444160
-0.644613
-0.225433
-1.257186
-0.704712
0.122176
0.768456
1.236451
1.821986
0.696590
-0.572032
-1.142055
0.204796
0.233427
-0.016528
0.635690
0.515600
-1.566923
0.161659
-0.156129
-1.219328
-0.156994
-0.074764
-0.935111
0.042388
-0.695360
1.080646
-0.780510
0.072041
0.453983
-1.059083
1.823553
-0.100001
1.223672
-0.269768
-0.644842
-1.210819
-0.005611
1.757378
0.857188
-0.787219
0.900955
1.103964
0.345462
0.287021
-0.252109
-0.703989
1.100525
-0.259099
1.107245
1.582376
-0.133049
0.986472
0.093417
-1.776319
-0.146126
1.122752
-1.228791
1.778356
0.428673
0.645716
1.248295
0.812522
0.090993
-0.467403
0.262533
-0.562590
0.500713
-0.101487
-0.849689
0.267516
-0.200301
0.264308
-0.404447
1.718929
0.417765
0.563716
-0.680849
0.368668
-0.612022
-0.435677
0.420157
-0.364288
-1.075857
0.629375
0.616693
0.032373
0.970189
0.410148
1.142210
0.421477
0.779031
-0.027026
0.715595
0.609274
-1.698588
-0.483120
2.085394
0.377187
1.243125
0.569680
-1.157952
-1.516835
-1.529688
0.730868
-0.951888
1.051779
-0.028486
-0.012946
0.302377
-0.071368
-0.849187
0.516600
-0.772563
0.187146
0.950967
0.318483
0.615598
0.682147
1.817301
0.452081
1.170653
-0.149803
-0.192330
-0.617934
0.155369
-0.866423
1.083330
1.784649
1.101823
-0.551543
-0.609266
0.501328
-0.289228
0.636271
-0.693572
1.954407
0.441363
0.403178
0.026080
0.128001
-1.417000
0.831246
1.821986
-0.896059
-0.560299
-1.029608
-0.249910
-0.456276
1.896569
1.350219
0.913674
-1.416614
-0.872816
1.302093
0.890265
0.731514
0.776929
2.028088
1.353075
-0.884581
-0.807132
-1.904590
1.585612
1.176905
1.327533
-1.012358
1.423408
-0.332873
1.334556
-0.479982
0.161902
0.449066
0.249198
0.056784
1.277640
-0.120736
-0.962031
-0.055502
0.053366
-0.309354
0.322878
-0.045303
0.986190
-0.738871
-0.473021
-0.202144
1.397547
1.219195
0.888741
-0.768987
1.821986
0.526151
-0.200682
0.220353
0.620518
-0.271956
-0.477689
1.219972
0.371158
0.242576
-0.252073
-0.895970
-0.257314
0.761881
-0.349915
0.439940
-0.562078
-1.180004
-1.689451
-1.200145
0.415523
-0.102141
0.047793
-1.426855
0.026402
-1.621138
-0.514207
-0.668079
1.063554
2.375461
0.081425
-1.156325
-0.014304
0.588607
1.815738
0.452474
-0.249125
0.241537
-0.755818
-0.429009
-1.002089
0.029309
-0.842101
-1.240058
0.483282
0.238425
-0.054281
0.553617
0.541925
-0.534400
-0.548324
0.219569
-0.492067
0.371182
0.239308
-0.382494
0.843748
0.839930
-0.592105
0.594280
-0.638673
-0.898942
1.076426
-0.492391
1.317122
0.445284
-0.521381
1.343937
2.711681
-0.329965
-0.698748
0.466871
-1.520251
-0.696763
-0.445281
1.828239
-0.174718
0.026032
-1.076554
-1.237071
0.101541
0.678823
-0.497679
-0.341483
-1.159644
-0.418853
0.416304
1.825116
-0.990978
-0.307731
1.604550
0.378027
-0.645845
-0.999788
0.744126
2.321494
-1.657227
-0.433019
-0.525153
-1.091480
-0.128307
-0.631102
-0.753229
0.668821
0.398807
-1.317021
-1.160471
1.258192
0.233259
-0.939727
-0.227154
-0.275667
-0.332023
-1.741311
-0.333952
-0.578468
0.007136
-1.084378
-2.071902
-0.366893
0.362958
-1.433016
0.251148
-0.093216
-0.446290
0.123541
-1.369662
-0.198360
0.418112
-0.927225
-0.007818
0.912042
-0.002286
-1.107662
-1.036618
-0.721271
0.681829
1.569506
-1.824968
0.637224
0.249505
1.828239
0.505651
-0.225986
-1.183111
0.383150
-0.018539
-0.759034
-1.431509
0.352144
1.367006
-0.640151
2.087261
1.574341
0.600966
0.019808
-0.751668
-0.974414
1.673867
2.071743
0.307919
1.008258
-0.593610
0.423923
0.115498
-0.473123
-0.665925
1.825116
1.086039
1.821986
1.366989
1.795538
-0.540458
0.511518
-0.011096
-0.243997
-0.196614
0.760057
-0.225132
0.466667
0.266588
0.492020
0.389142
-0.057143
0.498580
0.817597
2.056780
1.901240
0.036287
-1.316973
0.268426
-0.075853
0.093067
0.504440
1.129889
-0.125243
1.142409
1.795521
0.891595
-2.018634
-0.989602
-1.155670
0.340086
-0.587143
-0.595450
1.018182
1.270666
1.784346
-0.259486
0.611054
-0.445175
-0.771686
-0.735281
0.508485
-0.235156
2.006618
-0.772684
-0.509326
0.813155
1.818862
0.305640
0.235195
-0.122975
-2.187923
1.168309
-0.201278
0.940197
1.091710
0.680129
-0.609058
0.671931
0.172762
0.441195
0.376773
-1.511648
0.899971
0.409900
0.001528
-0.228211
-0.722247
0.369040
-0.473522
-1.077498
0.149822
-0.329827
0.190122
0.206693
0.914932
-0.648010
1.055082
2.020316
-0.630408
0.401601
-1.243261
-0.854322
2.398833
-0.307164
-0.112446
-1.123827
-0.174611
0.636195
2.621756
0.798663
0.902802
1.175006
-1.151988
-1.230470
0.670460
-0.562508
0.962476
1.818862
1.520741
1.465331
-0.765874
-1.608114
-0.252258
-0.042969
0.190959
-0.382639
-1.715397
-0.370873
-0.786025
-1.854384
0.793056
-0.339987
-1.650118
-0.445214
0.978406
-0.877813
-1.189533
0.482214
0.185922
-0.255491
0.509133
0.479907
-0.610288
-0.880407
-0.289841
0.878477
-0.993712
-0.244436
-1.626957
0.348548
-0.161193
0.163683
-0.934790
-0.121924
0.550203
-1.158098
-0.537421
-2.064959
0.785639
1.821986
-1.038366
-0.616009
2.082701
-1.235614
-0.808523
-0.659616
-0.000170
0.086522
0.270943
-1.394005
1.227954
-0.138959
-1.522403
1.296025
-0.463859
0.968916
1.315676
1.820427
1.135657
0.489847
0.034879
-0.715754
-0.089708
-0.858467
1.096619
1.018104
0.077681
0.159340
-1.190819
1.048663
0.049658
-0.271854
-0.595092
-0.697819
1.305077
0.296308
-2.351310
-0.133057
-0.055405
-0.104343
-0.056719
-1.132971
-0.270410
0.245324
0.835528
1.880966
0.856850
-0.758034
-0.337505
-0.485280
1.900018
0.221880
0.141878
0.538241
-0.386182
0.284607
-0.634264
0.642239
0.100334
1.138451
-0.148560
0.639730
0.396293
-0.906460
1.093731
0.028403
1.115579
-0.121786
-0.542982
1.826674
-1.483001
-0.399929
-0.731856
-0.893949
-0.136822
1.269521
-0.457367
1.387149
0.290589
0.303671
-0.189601
0.919462
-0.189911
0.130280
-0.601299
-0.643090
-0.654999
0.566931
0.275590
0.668498
0.219182
-0.631771
-0.151621
-0.928036
-0.021265
0.207868
0.691650
0.041851
0.386393
1.062734
-0.407524
-1.884546
0.700236
-0.485605
1.820427
0.277747
0.406048
-1.462740
0.086757
1.884630
0.293917
-0.421569
1.171801
0.677597
0.350225
-0.807455
0.176901
0.531637
0.192763
1.064321
0.116549
0.129296
-1.264150
2.243024
-0.685921
1.334833
-0.024626
0.535920
1.542670
-0.970118
0.728373
0.008063
-1.077216
1.015557
0.637889
-0.311134
-1.346192
1.125908
0.596004
0.226003
1.749172
0.296314
-0.358576
0.389210
1.226849
-0.049445
0.902923
-1.526788
-1.449829
-0.799242
-1.294124
0.746800
1.851451
-0.610442
0.642698
0.987443
1.150275
0.716005
-0.008961
-0.604912
0.771331
-0.074296
0.979438
0.167547
0.154399
-0.672995
-0.288049
1.864945
0.341869
0.696578
-0.343102
0.654427
-0.068207
0.528521
-0.954507
-1.629817
-1.739528
-0.658001
-1.594144
-0.936909
-1.040278
-1.339884
-0.268500
2.113511
0.722005
-0.211860
-0.671132
-1.780424
-0.090222
0.800793
0.243391
0.646740
0.932281
0.451918
1.821986
-0.930974
1.533023
0.786611
-0.440237
0.094088
0.973550
0.094772
-0.420561
-0.302386
-0.944419
0.029187
-0.468106
0.667113
-0.905321
-1.906225
-0.864757
-0.781101
-1.065410
1.026294
-0.781628
0.564377
-1.391772
0.077676
0.461014
0.031508
-0.033459
0.393543
-1.442167
1.063409
-0.835792
1.022583
-0.017593
0.108089
1.821986
-0.747502
1.144426
0.194478
-0.452413
-0.515224
0.864102
-0.870422
0.135132
-0.857889
-0.055889
0.747596
0.142224
-1.005708
0.193763
0.539902
-0.223430
1.841728
1.818862
-0.512756
0.302075
0.399068
-0.849760
0.625851
1.223654
-0.064414
-1.686741
-0.586376
0.246360
-0.077504
0.252808
-2.368380
0.127011
-0.320771
-1.255297
1.334327
0.030777
1.159027
-0.669979
1.287857
-0.503499
0.569977
-0.788576
-1.087990
0.805987
0.179041
-2.292134
0.116121
-0.198172
0.366608
-1.466603
-0.523017
0.271557
0.766101
-0.169620
-1.078941
-0.877620
-0.880983
-0.617108
-0.761830
0.440120
-1.732481
-0.101402
0.282448
0.646574
-0.177092
-0.269909
-0.319641
2.204801
-1.353632
1.102179
-0.863791
-2.294568
-0.279811
2.935640
2.060577
0.724985
0.499215
-1.017507
2.351090
0.799518
0.736778
-0.907042
-1.801480
-0.110818
-0.564195
1.803470
0.933131
-0.146890
0.826477
0.818225
1.820427
-0.719074
-0.677802
-0.572334
1.340197
0.026583
0.276353
0.428142
-0.218826
2.771253
1.330202
-2.445146
0.209148
-0.100407
-0.341234
-0.876366
-0.379050
0.448163
0.173943
-0.384225
2.439304
-0.432481
-1.147334
-0.497052
-1.053504
0.585953
0.300022
-0.054145
-0.735359
1.567139
-0.993747
-1.077305
-0.541242
0.681864
-0.543358
1.087185
0.772827
0.168102
1.989038
-0.587367
-1.352321
0.031324
-0.131926
1.344837
0.187248
0.903175
-0.556257
-0.729921
0.874373
-0.169571
-1.311489
0.617019
-0.596178
0.380698
-0.999916
0.642629
-0.221123
-1.549696
-1.163399
0.188803
-0.134919
2.889580
-1.593928
-1.614584
1.010289
-0.610291
0.115725
0.092990
1.189367
0.517652
0.101247
1.537320
-1.003284
-0.468123
1.288915
0.221627
0.150649
-1.630703
0.674318
1.701371
-0.365542
0.028354
-0.563735
0.655142
-1.666650
1.221720
0.418133
-1.473098
0.032467
-0.242699
1.961676
-0.100730
0.137373
0.902362
-0.686987
-1.114762
1.170799
-0.853441
0.495525
-0.573216
-0.614953
-1.787203
-0.260126
-0.289295
-0.807398
-1.281301
0.682140
-1.070827
0.230167
1.102137
-1.147355
0.207632
-0.200057
1.183647
-0.074702
-0.098895
0.363312
2.159145
-0.491737
0.249928
0.303586
0.264492
-0.393922
0.760148
2.194699
-1.055519
0.573480
-1.025155
-0.791048
-0.253266
-0.982986
0.211658
-0.742718
-0.341459
-1.725625
1.267610
-0.065422
-1.299187
-0.504827
-1.357021
-0.505328
1.058603
0.819238
-1.095024
-0.314838
0.491352
0.231764
0.250357
0.086227
-1.558521
0.940757
-1.079942
-0.265970
-0.303407
-0.160328
-0.693335
1.621634
0.068830
-1.175468
1.821986
-0.607369
-1.239691
0.587398
1.620703
1.361857
1.670717
-0.538972
-0.415945
0.691450
-0.354177
-0.672494
-0.382688
0.697992
-1.058810
-1.296130
0.225072
0.420544
-1.547378
-0.196398
0.370199
0.771390
0.323923
0.430986
0.449183
-0.478184
1.239885
1.303314
0.347309
0.680322
0.461822
1.430768
-0.782501
-0.573660
0.783894
1.328936
0.424897
-1.315329
0.179500
-0.805528
-0.275053
0.172608
-0.564723
0.455668
1.366042
0.529529
-1.046892
0.363347
-0.500648
-0.351280
-0.688800
1.224830
-2.353041
1.595071
-0.239551
0.150655
-0.773195
-0.652537
0.033015
-0.135601
0.598753
-0.597650
0.570225
1.403125
-0.711983
0.497092
0.727606
0.100377
0.674937
-0.093886
0.279143
0.814132
-0.411605
0.457913
0.573602
-1.222286
1.646723
-0.141587
0.549479
-0.847797
-1.081297
0.609389
-0.082131
-0.363149
-0.603249
1.823553
0.410850
0.166846
-0.082058
-0.052690
0.499108
1.952775
0.504393
-0.349061
-1.585153
0.650709
-0.133696
-0.220392
-0.456157
-1.914747
-0.298850
-0.507866
0.772132
-0.044988
0.501808
-0.290157
-1.600898
-0.379370
-0.571031
2.024127
1.825116
1.823553
1.821986
1.243608
2.233447
-0.947614
0.476599
0.577315
0.404465
0.495632
2.227023
-0.676196
0.426934
0.137132
0.215619
0.412971
0.597124
1.815444
-1.314858
-0.597994
0.089657
0.375094
-0.369577
-0.040772
-0.248433
-0.383937
-0.199474
0.180164
1.828239
-0.874278
-0.156299
-0.641016
-0.305722
0.106777
0.954644
-0.734909
0.330250
0.407904
0.652514
0.882381
-0.490702
-0.005490
1.374121
-0.778356
-0.134527
0.168433
-0.154399
-0.183839
0.683684
-0.419028
-0.120491
0.024302
0.740061
1.825116
-0.325335
0.164372
0.778831
-0.790891
2.026777
-0.182697
-0.339395
-1.234638
-0.329057
1.776079
0.725632
-0.458267
-0.667609
-0.611204
-0.692293
0.555866
-0.727224
-0.533262
-0.665754
-0.193028
-0.217247
0.451283
-0.395379
-0.561911
-0.673566
-0.597902
-1.154129
-0.173245
0.191796
-1.853189
1.608674
-0.144895
-0.604548
-0.536433
0.756267
-0.134568
0.753327
0.166209
-0.743172
-0.452464
-0.770535
-0.476865
-1.990132
1.181665
-0.139451
-1.779920
2.204801
1.006155
-0.202837
-0.315060
-0.278517
-0.581191
-0.437081
-0.778703
-0.044641
-0.304822
-0.879605
2.065757
-0.161017
-0.301298
-2.433737
-0.189668
0.520339
1.466259
1.767959
1.820427
2.026669
0.999838
0.789320
0.337192
-0.529504
-0.691664
-0.616534
-0.978622
0.243048
-0.556285
-1.814025
0.791096
-1.757178
-0.292269
-0.105621
-1.324448
1.929613
-0.351986
-0.518511
1.826674
-0.320121
0.869222
-0.166543
-1.423009
2.006571
2.210481
1.826674
1.821986
0.602395
-0.544795
0.665203
-0.055050
0.748639
-0.796377
0.114539
-0.047825
0.148151
0.391520
-2.220295
0.089657
0.562393
0.430604
0.630147
-1.578524
0.221302
0.336101
-0.440618
0.097802
-0.442451
0.657126
0.383404
1.036483
-0.858645
0.827797
0.444603
0.256388
-0.514625
0.186762
-1.627938
0.252412
0.126561
-1.036522
0.313090
0.980927
-1.165492
-0.974336
-0.020317
0.412140
0.246159
0.479564
0.475371
-0.268349
0.256531
0.996635
1.071919
-2.787686
1.821986
-0.955819
-0.915959
2.169996
0.426890
-0.206848
-0.829213
0.908766
0.792305
-0.763017
-0.047882
-0.241640
0.437516
-0.197183
0.346279
1.821986
-0.466165
1.069369
0.357490
-0.548172
1.726251
-1.052762
-0.781812
1.039564
-1.397273
0.538113
0.468579
0.373569
2.563023
0.990010
-0.657301
0.285651
-1.681147
0.745165
-0.169774
-0.595020
-0.754429
-1.404554
0.177315
-0.557649
-0.560539
0.271842
-1.541052
-0.675444
-2.303307
0.243791
-0.092749
-1.190779
0.185061
-0.681861
1.287667
-0.685850
0.417496
1.828239
-0.633475
-0.377664
-0.302359
-1.276869
-0.062711
0.554385
-0.283772
-0.105367
-1.258227
0.135958
-0.259764
0.505649
-0.204790
-0.586963
0.362023
2.181601
0.120893
0.526683
1.277438
1.254344
0.794558
1.632400
0.969303
0.152685
0.722348
0.394239
-0.154578
-0.647187
2.254265
0.555261
1.090746
-0.813177
-1.305351
0.265207
-0.277930
-0.914480
-1.044160
-0.040095
0.051985
0.706011
-0.643290
-0.704016
0.081387
0.646789
-0.672591
-0.097608
0.384937
2.206694
0.781890
0.505343
-0.545870
0.733816
0.238298
0.835232
-1.661555
0.806515
-1.030355
0.878625
0.209416
-1.089719
-0.967300
2.493678
1.993501
-0.958864
0.263410
1.823553
1.467549
-0.066978
0.384190
2.375020
0.099214
0.242901
0.043427
0.504858
0.725189
-0.440411
-0.512379
-1.331650
-0.168875
0.633127
-0.626383
2.371130
-0.335402
0.355395
0.194018
-0.338919
2.101780
0.731032
1.407707
-0.280591
-0.728625
0.025593
1.820427
-0.249696
0.318929
0.689856
-0.701843
0.353689
0.640387
-0.050294
-0.815398
-0.113648
-0.250244
-1.244760
-1.161269
1.206722
-1.972081
-0.809878
0.049972
-1.581294
0.418019
1.035995
0.446245
-0.035791
-0.251622
0.472836
-0.378788
1.352817
0.190219
0.381323
-1.819907
-0.384351
0.117383
0.390981
-0.811950
-0.646923
-0.224781
2.165415
-0.152000
-0.498465
-1.548320
0.515963
-0.499283
0.121126
-1.672177
0.192498
0.800482
-0.641692
0.291885
-0.565189
1.813278
0.955507
-0.382696
0.909962
-0.626021
1.343840
0.573865
-0.706749
0.404785
0.374396
-0.019939
1.092691
0.085117
0.147069
-2.019835
0.857994
0.129185
0.399536
0.341166
1.823553
0.187560
0.185525
1.532869
0.975840
1.030668
0.941975
3.036396
0.480482
-0.926801
-0.466204
2.062211
-0.406715
0.801822
-1.304370
0.510331
-0.172129
0.798348
-1.598248
0.646397
-0.018659
0.342773
-0.161382
-0.694837
-2.252482
-0.167396
-0.558891
1.825116
1.340418
0.126255
2.103475
-0.252161
1.043939
0.457189
0.875858
2.099828
1.596451
-0.275615
0.782100
0.332943
0.164875
1.912295
0.933860
1.042460
-0.854225
-0.106304
0.486730
1.821986
-0.149756
-1.566992
0.852697
-0.036471
-0.523668
0.083794
1.251251
0.258438
0.945358
-0.473780
-1.666354
0.413609
-0.300305
0.702106
-0.190500
-0.903091
-0.243558
-0.178853
-2.581702
-0.675198
0.718340
-0.109342
-1.351071
-0.700453
0.523133
-0.130678
-0.489369
-1.517231
0.688902
-0.380582
0.256478
-0.610012
-1.671672
-0.257385
0.593923
-0.027990
0.439148
0.123054
-1.943872
-1.123036
-0.019875
0.974249
-0.344665
0.088800
0.211399
0.508792
0.130248
-0.556826
-0.591174
-2.997302
-0.106850
-0.179848
-0.688161
-0.829103
0.035680
0.079726
-0.016379
-0.437097
-0.230255
1.338861
1.346471
0.719475
-0.268659
1.342293
0.057918
0.409916
-0.018082
0.091748
0.839616
0.787981
0.697480
0.215881
0.484393
0.854171
1.820427
1.823553
0.884068
-0.509866
-0.995708
-1.624845
0.843631
-0.271235
-0.358806
-1.433070
2.093668
0.656705
-0.544689
0.030699
0.105795
1.875579
0.274826
-1.103304
0.094409
-0.606232
1.031613
0.767663
1.028334
-0.688182
-0.781527
-0.735184
-0.249456
1.577939
-0.058557
0.813924
0.393196
1.085142
0.644849
0.335668
0.004782
1.154561
0.412992
0.927322
-0.155802
0.151399
0.692580
0.139860
0.251992
-0.765425
-0.086279
-1.252725
0.244144
-0.704316
-0.461339
-0.984529
-0.628160
-0.231806
-0.470724
-1.099224
0.323447
0.818458
0.187340
1.815738
-0.786408
-0.376487
1.570340
-0.590561
1.589385
-0.071696
-0.349329
-0.017983
-0.743517
-0.348816
-0.296866
-0.899111
-0.226925
1.918908
1.790725
0.737262
-0.082789
-1.140678
0.101056
4.388098
0.672149
0.537314
1.275903
-0.642236
-0.719457
0.107032
-0.577735
-0.756260
-1.022419
-0.304906
-0.604578
-0.401237
0.000341
0.563886
-1.060439
-0.487611
-0.988978
0.110801
0.513032
-0.707629
-0.008517
0.655682
0.277273
0.933431
0.725435
0.893970
-0.006298
-0.107329
0.688356
2.050292
0.040893
0.500358
-0.491349
-0.399713
0.055264
0.180578
0.245204
0.119296
0.663843
0.954614
-0.302209
-0.645682
-0.837552
-0.679148
1.049684
0.060686
-1.102858
-0.440323
0.002811
-0.834307
1.820427
-0.671171
0.157912
-0.824876
-0.892741
1.142134
-0.570935
-0.312525
-0.818872
2.681567
-0.899799
-0.299284
0.112257
0.780307
-0.371334
1.391733
0.448511
0.194950
-0.984564
0.722185
-0.261319
0.899746
-1.132152
-0.476040
0.417815
0.639633
0.846778
0.289010
-0.661717
0.159698
-0.803221
-0.003444
-0.556982
-1.042318
0.741184
-0.652736
1.054332
0.220301
0.630540
0.429119
1.135522
-1.254735
0.725457
-0.178651
-0.668674
1.970814
-0.059864
1.896543
0.026641
-0.119010
-1.138009
0.574521
0.542126
0.234989
-0.418782
0.958445
-0.368346
0.788676
-0.773176
-0.255093
3.505120
-0.152297
-0.097396
-0.066488
-1.443341
-0.583583
0.548798
1.130475
-0.335148
0.338678
0.100001
0.676778
-0.850573
1.062238
-0.868596
-0.306404
-0.942338
0.377594
-1.073216
-1.774265
0.265348
-0.391123
0.613712
-0.776977
-1.300893
0.134976
0.220749
0.325309
1.051450
1.298750
-0.806642
0.936740
-0.376222
-0.350487
-0.064369
1.146932
-1.278014
0.795715
0.618747
0.982642
0.981773
1.042130
1.179138
0.052958
-0.007240
0.241750
0.652782
-0.272567
-1.580935
1.579425
1.068980
0.282799
-0.416838
-0.527273
0.111329
0.082229
-0.705577
1.164063
0.413433
-0.318851
0.490700
-0.633872
-0.237018
1.035045
0.091056
1.095752
-1.323775
-0.487289
0.090050
-0.461742
0.177699
-1.631277
-1.104444
-1.586942
-0.758417
0.009266
2.228350
-0.397340
-0.102642
0.593066
0.144336
0.006610
-1.043977
0.733451
0.101135
0.851222
-0.807978
1.821986
-0.670346
0.379151
-0.231324
0.172611
-1.600005
-0.531174
-0.118996
0.406583
0.432511
0.625786
1.070540
1.268215
0.377554
1.694435
0.509853
0.429324
-0.170687
-1.552864
-0.714706
1.049268
-1.776072
-0.221581
0.224137
-1.639372
0.254463
-1.101343
0.907531
1.042569
0.055113
2.537723
1.835548
-0.398240
-0.025821
-1.269753
-0.339707
-0.574624
1.461008
1.430896
-0.117707
0.568155
-1.442586
-0.888163
0.019532
-0.369869
-0.656988
-0.549469
-1.033211
-1.029622
-0.261808
-0.250265
-0.945668
-0.763240
-1.569009
0.224901
-0.053642
-0.631328
0.742458
0.627323
-1.309005
-0.021135
0.085306
0.098557
0.736725
-0.184791
0.693806
1.372238
-0.769019
-0.066958
-1.029260
-0.269543
-1.232562
-0.087098
-1.252154
0.188521
-0.008031
0.179479
1.779498
0.077022
0.344469
1.638741
0.652891
0.323183
1.431090
0.409979
1.012141
-0.492184
-0.556673
1.187822
1.196236
0.412899
0.270588
0.547590
0.344261
-1.311036
-0.387006
0.242446
-1.051084
0.939417
-0.126610
0.046583
-0.434151
-0.094781
-1.459803
-0.449213
-0.440114
-0.844659
0.877639
0.297344
-1.764374
-0.337707
-0.903725
0.802335
1.388346
0.758381
0.397164
0.352561
1.273751
0.103883
-0.594116
0.629356
1.159831
0.176833
0.193823
0.356183
-1.004692
1.965093
2.127100
0.443985
-1.620063
-0.059276
0.345619
-1.160452
-1.158754
0.878408
0.087055
0.351697
-0.565901
0.837610
-0.286279
2.054010
1.664386
-0.328408
-1.179630
-0.092246
-0.208230
0.765927
-0.622601
0.983526
-0.478541
1.445727
0.132605
0.636225
-0.162491
2.035548
1.825116
0.012973
-0.025906
-1.046381
-0.272559
0.990733
-0.337573
0.994020
-0.443774
2.065407
-2.274623
-1.136698
0.693173
1.072067
0.585631
-0.278757
-0.915868
-0.228132
0.946813
1.540244
0.162160
-0.188188
0.144034
-0.914567
-1.395487
-0.016478
0.647457
1.857601
-0.910319
-0.672043
1.496658
-0.998648
0.374297
1.703373
-0.846109
1.012760
-0.276149
0.071749
-0.234533
-0.221695
-0.376116
0.745071
0.138974
0.252927
0.516148
-1.485031
-0.136929
1.464633
-1.575980
-0.739608
-0.183718
-0.261228
1.061569
0.625167
2.168383
0.879669
-0.129130
-0.841011
-1.590713
-0.705900
0.432399
0.596393
-0.727948
-1.454486
0.278072
0.127078
-1.349607
0.966039
-0.598196
-0.325262
-1.982554
-0.300481
-0.152550
0.434975
-1.704007
-0.107813
-0.141812
0.009974
1.419325
1.115484
0.053735
0.553798
0.683370
-1.167591
-0.300561
0.644183
-0.563571
1.282998
1.821986
1.017919
0.587633
1.611309
0.131996
-0.774609
-0.922991
-2.163824
-0.188356
0.954738
0.527983
-0.937449
-1.181424
0.245911
0.399854
0.806699
-1.089871
2.242635
-2.056944
-0.826993
0.790628
0.985106
-0.150582
1.226718
0.824946
0.346239
0.751702
-0.372517
-0.537417
0.198238
-1.271659
0.153191
0.929553
-0.250640
0.080213
-2.442718
0.876573
1.207080
0.225668
-1.095324
1.465670
-0.152996
-0.360198
-0.788915
-0.446369
-0.458185
-0.346745
0.321760
0.033454
0.092873
0.041896
-0.456186
1.947689
-1.244372
-0.314133
0.236242
-1.287821
0.823429
-0.571319
0.564518
-1.963912
0.806994
2.196987
2.524820
1.487107
-0.497681
-0.457581
0.123651
-0.326271
0.743096
-0.390308
0.130431
1.086659
0.650712
0.926237
0.062065
-0.299229
0.192634
-0.504758
-1.172163
1.738358
0.889758
-0.484923
-0.309895
0.124149
-0.712790
-0.787225
0.274633
-0.163818
-0.052413
1.365269
0.545519
0.956600
-0.695342
0.016966
-0.293120
-0.696291
1.060336
0.702701
-1.774586
-0.278615
0.958509
0.771038
0.203615
-0.138983
0.661754
-0.314336
0.284134
0.765111
-0.467772
-0.308729
-0.537624
-0.701053
-0.380893
-0.428384
-1.627470
0.254980
-0.845868
-0.227584
0.219047
-0.578689
-0.105898
0.440215
1.643118
-2.128625
-0.939419
-0.769271
-0.197374
0.157951
0.097670
0.424710
1.883024
-0.543062
1.469157
0.188861
0.031987
0.460665
1.087645
0.594616
-0.135646
1.109994
0.511219
-0.161047
-0.267634
-1.189674
0.531128
-0.072914
-0.075785
-0.291476
0.355212
1.177021
0.404749
-0.069163
0.661014
1.510156
-0.025532
3.169075
0.366336
-0.461429
1.689392
-0.669744
-1.167692
-0.263001
1.039318
1.536074
-0.819233
-0.462522
0.112252
1.274864
0.272017
0.027331
1.724579
0.591539
-0.119177
-0.608112
-0.244198
-0.009411
1.102078
1.837659
-0.514219
0.502835
0.274023
0.955944
-0.969685
-0.352142
-0.670114
-0.809639
0.125020
-0.775827
0.724141
0.505936
0.695652
0.272488
-0.000623
1.676672
-0.441885
0.898998
-0.091297
1.356928
0.910594
0.100459
0.075710
1.515054
-0.204289
-1.043443
0.216613
0.480863
-0.083087
0.165683
0.729116
0.500028
0.236631
1.823553
0.546088
0.523439
0.430239
-0.687849
-0.326529
-1.046474
0.551462
-0.356941
-1.241593
0.511629
0.330676
-1.309704
-0.084866
0.894344
-0.728561
0.709917
0.179105
-0.670368
0.428907
0.969973
-1.032086
1.843425
-0.640710
1.236038
0.428861
0.270120
0.022070
0.165206
1.487407
1.175164
-0.344564
-0.482933
-0.330581
0.704942
-0.953544
-0.447751
1.062200
0.204364
0.422926
-0.094334
-0.888202
-0.256667
0.571828
1.327153
-0.506740
0.008179
0.356000
0.252009
-0.952007
0.658019
0.200323
-0.064762
-0.022395
-0.674519
1.709849
-1.435956
1.562316
-1.508306
1.259467
0.106680
-1.203012
2.164761
0.075387
0.645366
-0.073837
0.211024
0.548359
-0.031948
1.031941
-0.329963
-0.378663
1.175657
-1.185455
0.398692
-0.339250
-2.107264
-2.679288
-1.830858
-0.493300
0.349632
0.041097
0.407799
-0.029076
1.013451
0.338084
1.285996
0.218115
1.817301
0.972035
0.140544
-0.019111
-0.532787
1.564761
-0.407699
-0.559938
0.720437
0.877403
-0.405345
0.523039
0.065730
-0.788388
0.099728
1.823553
-0.754683
-0.719512
0.188102
0.988587
0.892353
-0.402942
0.704635
-0.966362
-0.334798
1.206900
-0.215902
-0.053559
-0.118169
-2.090511
-0.249427
-0.806478
0.750465
0.446715
-0.652947
1.013423
0.702803
0.126895
1.227663
-1.270145
-0.145359
0.101615
1.424538
-0.369083
-0.000960
-0.444738
0.995431
0.597740
-0.272196
0.032874
-0.303391
-0.333115
1.231650
1.873235
0.328251
1.452717
-0.100997
-0.229070
0.193192
-0.277249
0.941401
-0.332375
0.310721
0.324705
1.839598
-0.424348
-1.282888
0.779662
1.772525
0.687548
-0.752201
1.165103
-0.612129
1.049746
-2.516740
-1.424641
2.077069
1.457614
-0.850301
1.626218
0.524377
0.702517
-0.117563
-0.303034
-0.767905
4.427639
-0.616129
0.324858
1.634204
0.571594
1.313399
-1.777376
-0.036553
-0.318538
-0.105779
-0.589150
-0.005453
-0.624322
-0.089995
-0.390483
0.232407
0.436844
0.318524
0.720949
-0.125330
-1.164115
0.193923
0.090130
-0.474457
-1.145390
-0.323324
-0.554986
0.495659
1.016178
-0.162819
-0.209509
-0.305002
-0.468572
2.709990
0.931927
0.238294
-0.173033
-0.176129
1.093722
3.390477
0.005753
-0.157118
0.041961
-1.450814
-0.190334
0.651212
0.036290
-0.152436
-1.097368
0.775790
0.506391
-0.375804
1.400438
1.792077
0.785851
0.112346
-0.714098
-1.782273
1.208744
0.056707
-0.065047
0.820266
-1.018016
0.648407
-0.166250
-0.208203
0.336097
1.277573
0.165261
0.068015
-0.085984
-0.707852
1.891830
-0.204514
-0.460020
0.149379
0.213851
0.009731
0.757731
-0.172430
1.945902
-0.984655
-0.468481
-0.772304
0.221313
0.157243
0.196401
0.932847
0.501813
0.493329
-0.528096
-0.568328
-0.401615
0.469405
-0.741403
0.070043
-1.390151
-0.750757
-1.292645
-0.268541
1.059485
0.309501
0.729682
0.364611
1.371273
-0.943547
1.384347
-1.047306
1.726041
0.879723
-0.092855
0.634643
-0.042830
-1.171336
0.133260
1.464890
-0.375803
1.475497
-0.313988
1.210068
0.280493
1.388153
-0.232547
0.368944
-0.804173
-0.932261
-1.552151
0.906449
0.466579
0.427281
1.262199
0.044378
-0.085718
0.887695
-0.717165
-0.627729
0.395303
-0.963326
0.180653
-0.053979
-1.154004
1.509916
-0.867632
-0.086526
0.572375
0.893063
1.333162
-0.510913
-1.352235
-0.801263
-1.862651
-0.417290
0.184150
1.224623
1.136111
0.513959
0.508765
0.809636
-0.337451
1.803011
0.025465
1.208328
0.159816
0.600582
-0.762508
0.009094
0.077470
-0.641743
0.871478
1.800111
-0.602669
-0.285131
-0.843365
-1.461582
-0.674105
-0.293068
-0.029090
-1.116220
-1.066293
1.301906
0.869776
-1.125950
-0.004612
-0.410913
1.066820
-0.427641
-0.256038
-0.879060
-0.868876
-0.268054
2.126153
-0.942592
-0.172666
0.920091
-0.191491
0.962032
1.073880
0.388207
-0.708314
-0.218846
0.301806
0.341735
0.900947
0.807316
0.225813
-0.019834
0.481708
1.137189
-0.072874
-0.445574
0.109595
-0.747722
-0.033717
-0.674976
-1.064508
1.060876
-0.254984
-0.201930
0.180414
0.688767
-0.598891
-0.727326
-1.250859
-0.080639
-0.204918
-0.858616
-1.384666
-0.909419
-0.370643
-1.158304
1.693089
1.365163
1.839804
-0.294456
0.166075
-1.028917
0.564763
-0.662716
1.030676
-1.136583
0.766155
0.059471
0.140650
-0.027603
0.954423
0.777851
0.653090
0.150908
-1.555751
0.223605
1.085417
-0.369383
-0.544802
0.914563
0.080841
0.658763
-0.482844
0.623317
0.828666
1.126036
1.227780
-1.097439
0.442706
-0.319024
1.609231
-0.823797
-0.048003
-0.165858
-0.699376
-1.345178
1.815355
0.355028
-0.222051
2.583897
0.979596
-0.930306
0.105776
-0.549187
-0.337185
-0.337483
-0.189599
-0.721143
1.154835
0.411173
-2.079564
-1.208336
-0.628086
-0.701816
2.576237
-0.096975
-0.174327
-0.004024
0.066662
0.329526
0.194732
1.826674
1.012797
-1.251840
-1.082876
-1.145911
0.819388
0.445579
-0.158102
-0.216001
-0.820180
-0.831493
-1.430168
-1.128801
-0.164421
-0.262787
-0.430570
1.314730
0.307129
-1.362167
0.452006
0.493008
0.435947
1.261777
0.914737
0.702088
0.459601
-0.631411
2.568789
0.370558
-0.985496
-0.196692
-0.305205
1.614412
0.949394
-0.608364
0.150590
0.078066
1.018347
1.220669
-1.035326
-1.292849
0.430786
-0.385587
2.735233
1.953041
1.237475
0.462878
1.072771
-0.783246
-1.622864
-0.193634
-0.588922
-0.796025
1.679415
0.267257
0.401393
1.924769
-0.647379
-0.644478
1.991971
-0.926543
0.667850
1.509664
1.136862
-1.166533
1.161382
-1.727708
-0.829157
1.821986
-0.692683
-0.461556
0.412681
1.133868
0.154214
0.178648
0.159658
-0.848732
-1.191974
1.511660
0.350902
1.818862
-0.168611
0.142085
-0.389633
-0.364551
0.059928
-0.316006
-0.289489
-0.963821
0.909742
-0.011693
0.559909
0.359987
1.825116
-0.171152
-1.246608
0.665337
0.074202
-1.119214
0.365700
-0.008074
-0.526653
1.745420
1.313587
1.499420
0.137195
-0.266583
-0.067219
0.539506
0.221894
1.825116
2.695461
0.535609
-0.103542
0.465471
0.186638
0.489772
-0.173796
0.895499
-0.642097
0.250879
-0.309809
-0.682348
-0.572593
0.167058
0.070039
0.192569
0.079209
0.413467
1.706443
1.108142
0.323412
1.022296
0.231494
0.116874
0.807043
1.647266
0.486989
-0.758991
-0.565137
-0.608850
-0.730542
-1.126634
0.627425
0.414790
0.276384
-0.460277
0.018923
0.424628
-1.010125
-0.042165
-0.472726
0.184971
0.026603
1.815738
0.996397
0.882271
-0.683486
0.310164
-0.169006
-0.258775
-0.096164
1.591393
1.778471
-0.513846
0.096441
0.262623
-0.690250
0.696103
-1.835942
0.226307
-0.147387
1.279196
-0.144143
-0.569689
-0.562389
0.092376
0.847566
1.412951
0.263438
0.204735
0.103109
-2.040069
0.273570
-0.059958
-0.055578
-0.653535
-0.711114
1.764680
-0.522441
1.567275
-0.323000
-0.370715
0.357895
-0.015071
-0.683755
0.646772
1.012961
0.682862
-1.238181
0.206932
0.484760
1.825116
0.937760
-0.941442
0.692446
1.433911
2.434263
0.322748
-0.430859
0.040403
-0.448674
-0.882159
-0.441551
1.381231
0.774785
0.056951
-0.559974
-0.829499
-0.241361
0.888811
-0.974385
0.220443
0.085746
-0.603871
0.324713
0.751510
-0.257831
1.041701
-0.060339
0.442607
-0.659809
1.800553
-0.531459
1.243255
0.621079
-0.074997
0.376675
-0.690148
0.247411
-0.014201
2.456199
0.657315
0.490975
-0.015850
1.559772
0.258095
0.094444
0.002049
-0.252162
-0.285755
-0.117139
0.749886
-0.270651
2.901278
-0.242745
-0.666183
-0.836215
0.242140
-1.392460
1.710894
0.714546
-0.268917
0.344412
0.772855
0.900433
-1.107266
0.059945
1.244330
-0.742861
-0.042745
-0.932744
-0.139129
0.844852
-0.619803
0.385300
1.820427
0.030469
-0.987824
0.670092
0.465779
0.378522
-0.370057
-0.120970
0.031699
-0.410628
-1.115904
-0.345487
-0.236981
-0.093899
-0.426825
-1.502135
0.468954
-1.197337
-1.171511
-0.581630
0.247180
2.055479
1.868280
0.499656
0.872751
-0.486321
0.683825
-0.711047
1.049301
-1.629452
-0.199474
0.432852
0.467686
0.576699
0.664443
1.826674
1.820427
-0.340884
0.505038
0.884424
0.944531
1.460517
0.056314
-0.777382
-0.110186
-0.341094
0.362373
1.144251
-0.429721
-0.304010
1.348088
-0.654071
0.003241
1.414329
-0.206115
-0.283882
0.635520
1.270343
-1.103661
-0.237660
-0.167595
0.088555
0.273570
1.554413
0.426134
0.043896
0.437709
-0.993165
-1.057827
0.479326
-0.956267
1.284026
0.062775
-0.329522
0.268306
0.318460
0.120342
0.356278
0.724559
-0.348145
0.446015
0.490360
-0.899608
0.390877
2.045730
-2.064054
1.948946
0.762631
-0.584273
0.151587
1.401722
2.744959
0.708423
-0.459427
-0.104240
-0.783395
0.491173
0.190355
0.117065
0.566380
2.262843
-0.752889
0.469349
-0.248568
-1.329653
1.010405
1.530285
1.483302
-0.350966
-0.463120
-0.813865
-1.518825
0.560698
-0.198326
1.052627
0.677540
-0.515869
-1.460576
-1.023388
-0.406084
-2.514313
-0.171107
0.551760
0.404562
0.313845
0.244712
-1.242554
-0.853955
1.353147
-0.336420
-1.086907
-0.953204
-0.613659
0.698959
-1.786306
0.237518
-0.657561
-0.498634
-1.356072
-0.521073
0.156015
2.031399
1.522501
1.092740
1.823553
0.141534
-0.731845
-0.149490
0.428190
-0.251685
1.062424
-0.665089
0.331186
-2.941570
1.015988
-0.153577
-0.295791
1.821986
-0.878290
-1.191609
0.669381
0.736832
0.954736
0.242599
-0.050123
-0.191376
-1.058000
1.896569
-0.666211
-0.095996
-0.617957
0.204184
-0.038325
1.330926
0.007095
0.877623
-0.090765
-0.746232
-0.359118
0.183687
0.008993
-0.211402
1.826674
1.219502
-1.151124
1.821986
-0.787037
-0.532612
-0.584684
1.240883
-0.125243
1.064792
-0.790029
-0.831427
-0.382172
-0.408809
-0.258825
-0.389999
1.037103
0.223690
0.291630
0.251514
-0.611796
1.083804
0.160320
-0.693732
0.167002
0.210584
0.616154
0.209439
-0.671495
1.821986
0.807790
1.605505
0.118594
-1.512912
0.145142
-1.042405
0.382034
-0.833378
-0.427895
1.661668
0.801982
-2.421999
-0.352755
-0.611004
-0.114847
-1.061748
-0.187984
-0.323491
-0.155648
0.018898
0.066189
1.316149
-0.002722
-0.408001
0.708507
-0.633663
-0.471333
-0.174277
-0.556208
1.707384
-0.113215
-2.041278
-0.557682
-0.194306
-0.178704
-0.240026
0.069944
0.189341
2.512990
0.178163
0.651818
-1.193853
0.038793
0.359288
0.960947
-0.741011
0.650545
0.030954
-0.429010
1.980433
-0.640562
2.057571
-0.348409
-0.734479
1.152430
-0.694165
1.082139
0.171544
-0.120796
0.668856
0.342415
1.821986
0.927236
-1.398388
1.076295
0.844267
0.145387
-0.164540
-0.375925
0.109753
-1.995909
0.696547
-0.128268
-0.648153
0.372998
0.558378
1.244628
-2.279301
0.439151
1.360014
1.013328
1.355732
-2.125637
0.108762
-0.603805
0.784649
0.742849
-1.003428
0.809151
-1.342875
0.095419
1.148011
0.365794
1.727744
0.933442
1.303031
0.816816
0.194986
-0.256978
0.334056
-0.108587
-0.415363
-0.159444
-0.083640
-0.169816
0.740195
-1.336516
0.201044
0.308150
-0.507611
0.463205
0.282112
1.256465
-0.710898
-0.515096
0.009582
0.018769
-0.176995
-0.792498
0.061422
0.259831
0.076987
-0.854381
0.495162
-0.140899
-0.241383
0.695719
0.997683
0.134785
1.884222
1.389425
-0.003493
-0.337862
-0.025900
0.973496
-1.729355
1.277797
0.758530
-0.224243
1.115080
0.134444
0.475784
0.572557
0.130248
-0.664954
-1.607980
0.191552
-0.938893
1.205943
-0.392393
1.525701
1.681355
0.804746
0.543642
0.329618
1.820427
0.697491
0.205137
0.702447
-1.756951
0.195849
-0.547017
0.378557
1.644252
-0.393423
-0.187170
0.777027
0.657136
1.262573
0.076973
0.319260
-1.855064
2.203257
-0.335036
4.076645
-1.592928
-1.250182
0.366624
-0.226457
-0.018108
0.441337
1.823553
0.628388
0.926631
-1.422623
-0.431349
-0.929880
1.042915
0.606900
0.089318
-0.281666
0.567826
1.647860
0.522876
0.128418
0.102681
1.254803
0.353657
0.491609
0.416867
-0.269818
-0.560225
0.049759
0.949732
0.921756
-0.645523
-0.541997
-0.316326
-0.571064
0.191832
-1.054386
-0.364651
0.522251
1.286686
0.086452
-0.190309
-0.317646
0.274158
-1.217403
0.529213
0.618722
-0.655480
0.412815
-0.999007
-0.456456
-1.037492
0.201458
0.646171
1.326748
2.245036
0.037896
-0.308045
-0.468585
-0.477468
0.625892
-1.788630
-0.785291
-0.755277
-0.449188
0.232309
0.907804
-0.281408
0.112755
2.700826
0.676163
-0.658603
1.818862
0.471359
-0.470449
-0.063271
0.697694
0.470572
-0.258994
-0.247573
0.390462
-0.555721
1.006220
-1.272206
0.661491
0.177848
-0.575642
-0.856138
0.129955
-0.773740
0.597536
-0.730885
1.108301
0.378233
0.554367
-0.512759
-0.550558
-0.413880
-0.330584
-0.861900
-0.984999
-0.534881
-0.130175
-0.856261
0.700757
2.361557
1.389999
-1.287638
1.070491
0.274035
1.542971
-0.539364
-1.355877
0.881337
-0.110111
-0.899322
-0.066951
-0.673017
0.064975
0.057835
1.125516
-0.097039
0.018232
1.968911
1.573877
-3.315732
1.821986
-0.003234
1.232254
1.820427
1.667148
-0.089494
0.790911
-0.297553
0.418777
-0.766041
-0.129307
0.109749
1.179375
-0.216981
1.882142
-0.388765
0.176233
0.107245
0.473303
-0.234584
1.132278
-0.138568
0.064775
-0.440651
-0.653160
-0.743410
-0.193383
-0.816131
-0.457963
-1.016022
0.074973
-0.616557
-0.159190
-0.431173
0.079530
-1.335603
-0.444404
0.107478
0.184732
-0.039609
0.550017
-0.518548
-0.443113
0.589983
-0.286804
1.806564
1.650730
-0.643916
-0.518856
0.915751
-1.108497
-0.881392
-1.247121
1.498359
-0.271735
0.089410
-0.165100
-0.327794
0.737857
-0.446807
2.412219
-0.104148
0.117071
-0.726636
0.344451
1.657619
0.580459
0.701357
-0.144066
1.394445
0.268950
1.724421
-0.714096
-1.503722
-0.308716
0.586268
-0.486602
-0.452754
-0.714215
0.216001
0.603496
1.128814
0.013045
1.265770
-0.852456
-0.791517
-1.019114
-0.420920
0.944762
-0.396494
1.155139
-0.225444
0.005667
0.592842
-0.066447
-0.307369
0.260832
-0.207923
1.800049
1.001635
-0.587281
0.945570
-0.121125
0.405390
0.518381
-1.295393
-1.508884
0.715859
0.170102
0.761047
0.245368
0.464905
0.609751
1.303304
-0.741881
1.029033
-0.098899
0.394348
0.061923
0.239492
0.315164
0.209450
0.433550
-0.253402
-1.034052
1.765029
0.244495
0.441812
0.193055
0.458216
1.012866
0.559360
-0.253590
0.110208
-0.537216
0.559112
-0.742505
0.038850
2.051800
0.589812
-0.809728
-1.086802
-0.899909
1.346773
0.778598
-2.194817
0.130918
-0.339578
-2.139106
0.939430
0.477889
-0.737203
0.611858
-1.053025
-0.060655
1.821986
-0.136457
1.237954
1.761451
0.307429
0.598858
-0.974254
0.237622
0.340369
0.282010
0.310037
-0.006322
0.390122
0.294060
-1.301278
-0.416556
0.264615
-0.656834
0.197638
1.142323
1.199328
0.703336
1.246169
1.175177
0.948074
-1.719671
0.788950
-1.478427
-0.222917
0.885381
0.925049
-3.677761
-0.114672
0.341991
-1.319546
0.266472
-0.564407
0.796156
-0.246559
0.256305
1.093694
-0.042895
-0.293655
0.050812
-0.721365
1.581141
0.439773
-0.303404
1.083195
-0.107128
0.297109
-1.260563
1.264784
2.162892
1.825116
0.442730
1.820427
0.814753
-0.067381
0.946939
2.025152
-2.805681
-0.585477
-0.281367
1.059427
-0.889792
-0.086471
-0.174773
0.870979
-0.748257
-0.447994
0.428124
-1.125948
-0.134193
0.273568
2.086228
-1.384687
1.823553
0.189312
1.133708
1.133766
-0.932745
1.237507
0.191565
1.197938
0.590890
-0.950368
1.224145
1.116052
0.034347
3.045637
0.461516
0.902429
1.049672
0.577903
-0.468145
-0.118975
-0.657580
1.163612
0.750079
0.060460
-0.756583
-0.611913
0.460087
0.116593
0.117781
-0.380002
-0.126723
-0.521490
1.003066
0.885989
0.790150
-0.022509
-0.330446
0.744494
0.412564
-0.361299
0.819533
0.180431
1.609740
-0.811668
-0.575560
1.547998
0.591351
1.267999
1.314047
0.190915
0.524448
0.115133
0.649744
-0.202663
-1.167719
0.371571
1.888094
1.932694
1.061166
-0.757401
0.592196
0.021784
2.208585
-0.171828
1.351329
-0.594895
1.119221
1.170801
-1.597936
-0.437937
0.159714
-0.422224
-0.585193
0.140995
-0.066991
0.287355
1.322117
0.212839
1.103577
-2.009693
0.515614
0.890884
-0.244982
-0.508924
1.073443
0.988585
-0.860037
0.178751
0.301832
-0.230599
-0.406209
0.823635
-0.252653
0.195227
0.984635
2.062761
-1.589504
0.866897
0.599757
-0.085160
-1.007874
1.230686
-0.695441
-0.697455
-1.650009
0.294152
-1.194093
-0.350693
1.030541
0.318305
-1.092460
-0.819787
0.467246
-0.532385
0.467928
-1.645592
0.690067
0.368678
0.325023
-0.418506
-0.399354
-0.656166
-0.328100
-0.641506
0.042935
-0.540945
0.368481
1.528574
-0.845992
0.766303
0.070561
-0.988917
0.531533
0.058228
1.410716
-1.581336
-1.102918
0.202936
0.468454
-0.711397
-0.701976
0.185482
1.331598
-0.507021
0.032233
-0.640625
-0.147988
2.287921
2.788993
0.767374
0.628209
-0.062210
-2.120481
-1.288961
1.140583
0.150702
-0.640311
-1.063669
0.075420
1.402612
0.545384
-0.656033
-0.965966
0.865749
0.324314
0.475536
-0.238613
-1.236720
-0.731084
0.773143
-1.012105
1.507444
-0.121829
-1.108670
0.762603
-0.552431
1.165289
-1.021162
0.549242
0.670590
-0.894958
0.424103
0.593385
-2.603895
-0.740523
-0.839426
-0.542969
-0.007747
-1.289886
-1.102025
-0.711504
-0.185907
1.386975
0.560907
-1.051170
-0.752980
-0.087405
-2.692737
0.165185
-0.398854
0.826800
-0.062762
0.789135
-1.157344
-0.579978
0.196558
1.224145
0.812561
1.106895
-0.286243
-0.840387
-1.176405
-2.053417
-0.543504
1.118482
-0.362935
0.983085
1.249772
0.952795
1.821986
-0.463598
-0.832696
0.791780
-0.876661
-0.795800
-0.801347
1.318593
1.141307
-0.069907
-0.471778
-0.838223
0.685346
0.570780
1.653479
-0.144784
-0.525262
1.495546
-0.353548
1.009549
-0.560233
0.797991
0.362508
0.519640
0.636237
0.008052
-0.098164
0.811407
1.794476
-0.905081
0.210111
1.567108
0.507203
0.060135
-0.171448
-0.664606
0.678983
0.412449
0.850808
-0.117073
-0.148908
-0.976343
-0.720132
1.124372
1.798392
0.509380
1.015937
-0.709820
0.587578
-0.613874
2.503987
-0.273824
0.952771
1.675330
-0.072868
1.439425
-0.258962
0.468780
-0.688918
1.197119
0.559765
-0.523596
2.172600
0.333685
-0.996219
-0.303510
-0.672515
-0.181668
0.455985
0.398914
2.062158
-0.331677
-0.090393
0.671062
-0.951569
-1.290473
-0.633315
0.563041
0.542374
1.275554
-0.155994
0.094091
-0.623443
0.742304
-0.347372
-0.798196
0.858913
0.288543
0.219188
-0.039303
2.711411
0.327968
-0.667893
1.033922
0.015980
-0.185306
0.825511
0.328374
0.111390
-2.452724
-0.041520
0.125194
-0.193606
0.858077
1.414023
0.748129
1.237071
0.021381
1.294490
0.205812
-0.350974
-0.227566
-1.542473
0.296861
-0.517631
-0.682610
0.502378
1.044860
-1.035312
2.322819
-0.002347
0.551074
0.017486
0.694779
1.087565
-1.456892
0.457729
-0.044913
-0.188116
-1.414034
0.939182
0.953304
0.282776
0.749508
-0.020130
-0.119265
-0.873610
1.318741
0.319792
-0.437615
-0.732925
-1.046093
-0.019222
0.341062
0.619777
-0.098552
-0.946476
0.828024
-0.477562
0.379071
1.006314
-1.786957
1.049591
0.304333
-1.116454
-1.321019
1.278454
-0.346386
-1.998302
0.706106
-0.569770
-0.586946
-0.985403
-0.847082
1.179971
0.058305
-0.616242
-0.231189
0.613300
1.341580
-0.447162
0.800556
-0.878202
0.131501
-0.788280
0.612702
-0.298630
-0.204157
-0.103683
0.298983
-1.442606
0.618082
-0.542997
0.280662
0.644467
0.379912
-0.386236
0.841899
0.173463
-0.379734
-0.952216
0.843653
-1.532569
-0.192769
0.120687
0.116819
-1.849599
0.648582
-0.044064
1.141099
1.821986
1.455124
0.531324
0.510041
0.635242
-1.136984
-0.311515
2.451891
0.605232
-1.142325
0.647448
-0.742747
1.192883
1.096396
1.007172
-0.894574
-0.900321
1.164112
-1.219618
0.942804
0.659415
0.692642
-0.635126
0.634350
0.400899
-0.407695
0.895821
-0.070396
0.913698
-1.530446
0.479059
-0.243528
0.410977
0.520604
-0.195679
0.155841
-0.242720
0.602090
0.884897
-1.157261
-0.817180
-0.169419
-0.276787
-0.109621
-0.681956
0.762398
-0.904440
0.387170
-1.023900
-0.687087
0.795041
0.489775
0.731808
-0.067704
-0.368043
-0.819149
-1.820849
-2.174193
-0.747233
-0.363026
0.400049
-0.308880
-0.354911
0.250599
1.654224
0.191703
0.685533
0.247453
1.034452
0.978154
-0.066227
0.669799
1.116360
0.140475
0.325908
-1.036406
1.695562
0.321176
0.800868
-0.195457
1.826674
1.642938
0.716646
0.559605
2.017537
-0.109775
2.077631
0.568925
0.422508
0.481265
-1.445497
-0.125596
0.435030
-0.054141
-0.701069
-0.287673
-0.582984
-1.413360
1.557892
1.081203
-0.243335
0.069016
-1.017599
-0.638846
-0.376057
0.766648
-1.388539
0.387317
0.559782
1.410400
0.423025
1.363465
1.338541
0.750344
-0.050872
1.535502
-0.750629
-1.120695
1.405876
2.649174
0.888988
0.554372
0.087089
1.769152
0.387181
-0.719009
0.846654
0.638382
-0.011217
-0.031128
-1.342094
-0.361359
0.553650
2.037524
2.031891
0.836594
0.773559
0.653782
2.061203
-0.067409
-0.285713
0.480329
1.011237
-1.690623
0.900641
1.541863
-1.024811
-0.939784
0.937222
0.415433
0.314723
1.295405
-0.462555
-0.808996
0.599024
-0.477058
-0.018278
0.012030
1.141730
-0.748174
-0.255779
0.233141
-0.125839
0.335218
-0.093050
-0.681844
-0.701752
1.395799
0.390773
-1.124947
0.095313
0.075874
0.684280
0.503963
0.661094
0.515398
-0.632262
-0.317691
0.515938
2.019499
-0.374529
-1.173719
1.046003
-0.276873
0.425759
0.706939
-0.665036
-0.836592
-0.152583
0.002213
-0.332621
-0.833828
2.076431
-0.756877
-0.140649
-0.286766
-0.311069
0.074491
0.423142
-0.631493
-1.164867
-0.260123
-0.016524
1.360641
0.400672
-0.585092
-0.241485
-0.530676
-0.039255
0.380747
-2.253336
0.497715
-0.378741
0.358595
-2.225334
0.171256
0.046712
-0.612644
0.004352
0.843898
0.617895
-0.028593
-0.338603
-1.268336
-0.279274
0.311513
-0.640842
0.527727
0.662209
0.368908
1.536792
-1.040389
-0.822215
-0.024439
-0.973710
0.861300
-0.843162
0.368066
-0.222814
-0.121764
-0.334743
-0.013478
-0.891273
-0.286522
-0.949070
0.459588
1.826674
0.455629
1.466221
-1.020633
-0.937791
0.263632
-0.270603
0.151622
-0.419298
-0.435996
-0.648619
0.635144
0.780372
-0.056282
-0.912804
-0.720923
1.644717
0.514608
-0.711848
1.857816
0.830986
0.387271
-0.144760
-0.311208
-1.269325
0.744310
0.902346
0.380058
0.263585
-1.144847
-0.524360
0.711805
0.189148
-0.853700
0.838368
-0.045048
-0.425621
-0.182240
0.623865
1.942642
0.296115
0.452554
-0.581010
0.699131
-0.086303
0.678314
1.045614
-0.344384
0.814454
-0.703905
0.383017
0.778545
-0.033522
-0.359822
0.284320
-0.726847
0.133184
0.812201
-0.761486
0.114112
0.475964
0.587013
0.609918
-0.241284
1.958640
0.501520
-1.003523
-0.787833
0.266085
0.136412
-0.857566
1.820427
0.076387
-0.095887
0.126111
-1.224215
1.230103
0.333250
-1.338862
1.315855
-1.618326
1.082481
-0.589417
-1.313964
1.760975
0.210054
-1.237456
0.306843
-0.678203
0.473421
0.983345
0.587020
1.194977
-0.897514
0.999823
-0.814827
-0.615758
0.038289
0.076570
-0.802255
0.096429
-1.493384
1.361927
0.786716
-1.626314
0.156678
-0.425534
-0.184317
1.823553
-1.371903
-0.526119
-0.473557
1.727310
-0.036757
0.748675
3.393892
-0.341447
2.273839
0.283086
0.844766
-1.078089
0.092499
0.124512
-0.414377
-0.700974
-1.043807
-0.784432
-0.243935
0.463585
-0.169384
0.689007
0.665897
-0.719697
0.241850
-0.909101
0.638854
-0.272584
0.735945
0.668837
0.086917
0.065309
0.707907
1.821986
0.691863
0.647937
0.326039
-0.264103
-0.730326
-0.763286
-0.780290
0.226551
-1.801070
1.182323
0.420993
0.173690
0.530787
0.175853
0.440333
-0.000257
-0.924752
-0.177650
-0.083507
-0.186578
-0.564400
-0.702354
2.049263
-0.514489
0.423230
-0.317989
-0.487795
0.012436
-0.462870
1.729474
1.083421
0.039072
0.178603
0.977551
-0.139637
0.507091
0.107038
0.822572
1.386411
2.131578
-0.100441
0.768961
1.821986
-0.413807
0.342310
0.645087
0.549888
0.031155
0.704347
-0.792468
-0.421073
0.521558
0.403845
0.796465
0.129521
-0.213039
-0.473537
0.534641
1.988652
0.255385
2.201653
0.850348
1.378902
0.415549
0.543050
0.497787
0.334233
1.654045
-1.177827
0.627830
-0.338777
-0.300557
-0.508983
2.416508
0.106761
0.855686
-1.702867
-0.061555
0.213881
1.021774
0.214017
-0.490149
0.285706
-0.089310
0.781480
-0.212612
-0.569550
-1.290247
-0.676742
-0.162427
0.096309
0.061210
0.161557
-1.139107
-0.003776
0.359063
-1.064568
0.574188
0.962641
0.254697
1.246825
0.469592
-0.609172
0.017794
0.237065
0.353914
-0.035007
0.874731
1.205691
1.407369
-1.305441
-0.373529
1.787830
0.488069
0.573176
-0.658551
-0.710352
-0.708395
0.099896
-2.569840
0.307230
0.995362
1.058267
0.437524
-0.042163
-0.699223
0.281666
-0.086700
1.215043
0.317648
0.458961
0.744252
1.117878
0.573807
1.518650
0.688862
-1.297909
0.384587
0.374706
0.431799
0.259581
0.268602
-0.655867
-0.268066
-0.465938
-0.770692
-0.666945
0.050777
-1.095893
1.054463
-0.719847
0.445555
-0.622963
-0.046300
0.327191
-0.638511
-0.445044
0.054711
0.214878
0.433450
0.330119
-0.012487
-0.510999
2.715624
0.016019
0.647926
0.514809
-0.100226
1.033869
0.092002
-0.219237
1.196101
1.823553
0.056676
0.543825
-0.170762
-0.274181
1.711479
0.933548
-0.515150
-0.571068
-0.228453
-0.840676
-0.690081
1.504025
0.559617
0.344411
1.624015
-0.210144
0.532673
-0.594431
-0.180537
-0.769667
-0.988244
-0.724587
-0.310029
0.235572
0.594994
1.463808
-1.574418
-0.041712
-0.242859
0.422538
-0.078922
-0.371122
-0.770382
0.360867
-0.784559
0.266469
-1.256596
0.259196
0.874860
0.252050
1.396034
-0.394609
1.441724
-0.270868
-0.768736
1.064707
-0.042793
0.253642
-0.310987
-0.839439
-1.006378
-0.479424
0.008712
0.700642
-0.391490
0.754558
-0.349812
-0.297316
1.502334
0.184081
0.818546
0.497640
-0.814084
0.728432
-0.403104
-0.677497
0.515567
-0.151512
0.295194
0.489794
0.903916
-0.071936
-0.545534
-0.572524
1.947917
0.237935
-0.808682
-0.799882
0.458569
1.823553
1.465055
1.820427
-1.214193
0.551522
-0.361135
-0.372514
2.601341
1.406640
2.578689
1.781467
-1.245555
0.374296
0.284674
0.976188
0.430618
0.486945
0.182630
-0.511797
-0.989488
0.351465
1.043500
-0.067794
1.146104
0.179277
-1.295734
-0.146896
0.179659
-0.099814
0.168364
-1.113830
0.164577
0.876214
0.581765
0.086501
-0.376678
0.811796
0.455997
0.628401
0.800821
-1.082587
-0.373976
0.442875
0.370148
-0.900799
1.851296
-0.055000
1.200342
0.227302
-0.621275
-0.291389
1.008157
0.178402
0.124297
0.330061
-1.783250
-0.672955
-0.770272
1.822823
-0.581514
0.769891
0.047036
0.350837
1.823553
1.127300
-0.656105
1.535769
-0.033185
-0.285272
-0.581846
1.307490
0.664503
-0.789423
0.646820
0.783604
1.082644
1.307410
0.570037
-0.386966
-0.709696
-0.235830
-0.924781
0.197357
-0.615876
0.303960
1.204206
-0.144924
-0.114970
-1.048068
0.252806
-0.232142
-0.638744
-0.270260
0.725979
0.541838
0.269205
-0.326185
0.727536
-1.537450
1.199093
0.303525
-0.040398
-0.570073
-0.586333
-1.835883
1.060347
0.320015
1.513637
-0.327156
0.362872
-1.120014
1.039772
-0.660062
0.718319
1.489211
-1.686939
-0.995395
-0.978573
0.535868
-0.230818
-0.728775
0.384589
-0.704368
0.718925
-0.982714
0.084619
-0.235589
-0.842386
0.507858
-0.013704
1.947800
0.337473
0.119843
0.534387
-0.311428
0.453980
-0.078374
0.325343
-0.095041
-0.516726
-0.531222
1.348140
0.793831
-0.882180
-1.555115
0.325270
-0.505676
0.200291
-0.042918
-0.202858
0.758016
1.226447
0.181888
0.448034
0.138176
0.266031
1.215048
-0.675261
-0.827814
0.060575
-0.423933
1.077389
-0.168083
0.469617
2.485991
-0.162295
-0.762605
0.631962
0.227988
1.357245
0.655412
-0.466178
0.975111
0.244960
0.435221
-0.077559
-0.344755
-0.251047
0.316899
-0.839141
-1.419161
-0.472137
-0.112661
-0.238375
-0.943002
0.445288
-0.767082
1.052743
-0.927973
0.450153
-0.164222
-0.243602
-1.145866
1.225536
-0.259816
0.648341
0.985033
0.905920
-0.290084
-0.184619
1.820427
0.419841
-0.009711
0.619840
-0.674897
0.380010
1.388334
-1.151529
-0.959973
0.685489
-0.080178
-0.428185
-2.619472
1.399312
0.578342
1.356245
-0.537717
0.139954
0.224280
0.220199
1.389814
-0.403821
0.080253
0.803680
-0.462168
-0.418328
0.059802
0.534277
1.716658
0.476986
0.544435
0.636751
0.403828
-1.262239
0.828697
-1.305709
-0.277307
-1.958663
0.308383
-1.622661
-0.302454
1.056591
-0.068654
0.896972
0.442547
-1.177021
-1.352350
-0.653243
0.567227
0.064920
0.720890
1.509330
-0.695459
0.782373
1.393430
0.573770
-0.398198
-1.593210
-0.442286
0.380728
-0.307486
-0.867968
-1.800798
-0.782011
0.223600
0.461032
0.717736
1.048249
-1.177673
-1.533118
1.484903
-1.031837
-0.452700
1.105996
-0.383429
-0.076023
-2.969876
-0.813775
1.674596
-2.364945
-1.969998
1.009556
-0.633514
1.818862
1.029294
-0.094057
0.525167
0.994531
-0.228249
0.768516
-0.177300
-1.804178
-1.407706
-0.675325
-0.540648
-0.071306
1.154156
-0.458189
0.638573
0.771772
-0.405482
0.763358
1.092449
0.766659
-0.316517
0.654757
0.331718
1.137718
-0.196352
-1.003542
0.285936
0.206392
1.324095
-0.768416
0.852345
-0.147611
-0.559482
-0.354743
-0.402975
0.681712
0.328505
0.524704
-0.990029
0.042675
-0.351289
-0.573589
-0.632470
0.197284
-0.378790
-0.718986
0.178087
-0.278803
-0.019170
-0.806771
-0.102801
-1.132151
-0.076034
0.438659
0.993322
-0.118037
-0.458894
-0.591962
0.723546
2.311085
1.021431
0.367893
0.900227
0.153587
-0.822713
0.829921
0.061475
0.444496
0.579138
-0.550293
1.659720
0.043700
-0.200198
0.104838
-1.030393
-1.398161
0.509696
0.631010
-0.410887
-0.495790
1.114324
0.962275
-1.264682
-0.776272
0.833044
1.004835
1.105809
0.030039
-2.023839
0.457279
1.302710
2.208585
-0.229633
-0.515369
-0.162794
0.826170
-0.978159
-2.753224
-0.144122
-0.851222
2.204963
0.839917
-0.133872
0.819327
0.513502
0.035361
-0.136588
-0.504424
-0.465515
1.820427
-0.581298
0.251139
-0.924937
0.311128
-0.921299
0.601990
0.273861
-0.014378
-0.562351
-0.143778
-0.145261
-0.009694
0.380556
-0.132832
-0.495179
1.047960
0.779425
-0.436734
0.842323
1.814637
1.823553
0.726617
0.587693
-1.803138
-0.224396
-0.041805
-0.000731
0.208468
-1.192786
1.825116
1.154910
1.188246
0.180221
-0.560291
0.849922
0.191272
-0.049707
0.540321
0.261798
-1.750158
0.596943
0.166642
-1.550052
0.227740
-0.666333
-0.161317
-1.305511
-0.527316
0.421874
0.055024
-0.862953
-1.088810
-0.951681
0.742328
-1.247558
1.823553
-0.143307
-0.115352
-0.774441
1.263406
-0.932452
0.411313
-0.810073
-1.776208
-0.976554
-0.633402
0.118929
-0.273880
0.266056
0.496228
0.406559
-0.212746
-0.368956
-0.272544
0.000055
0.842706
0.612830
-0.892502
-0.183217
0.229716
-0.088650
1.268189
-1.006425
-0.354267
-0.177311
0.448606
-0.060618
1.458389
1.244991
0.114564
1.176975
1.054405
0.152702
0.235351
0.236176
-0.815314
0.137986
1.221683
-0.007902
0.182944
-1.205423
0.505683
-1.257663
1.014936
0.425759
0.143899
-0.742091
-0.505603
0.012034
0.677720
-1.835646
0.802690
0.328894
0.712426
1.301072
-0.425475
0.215016
0.601299
0.612712
0.227170
0.520419
0.018355
1.825116
-1.444692
2.303878
0.458290
-1.167171
0.781088
-0.485430
0.583077
0.463651
-0.366678
0.519625
0.594387
-0.645342
0.729330
-0.445975
-0.026072
0.833787
0.235706
-2.236784
2.629416
0.429010
1.354270
-0.225068
-1.594592
0.488630
1.517512
-0.107643
0.015766
0.836667
0.380015
1.379299
0.765288
1.268345
0.265992
1.226469
1.024284
-0.723160
-1.197339
-0.106810
-0.331978
2.054986
-0.366433
-1.476592
-0.660074
1.073129
0.608719
-1.901703
-0.301219
-0.417631
-0.885955
0.098352
0.070811
1.226105
0.062184
1.063073
-0.386741
0.350300
0.585833
0.206420
-1.535811
-0.751005
0.019035
0.348605
0.151894
0.292669
0.913182
-0.812707
0.542729
0.429065
-1.469432
0.117743
-1.049411
-0.763142
-0.339571
0.359721
-0.803615
-1.390569
-0.590988
-0.202765
-1.395748
-0.176123
0.734616
2.127864
-1.618001
-0.779060
0.445071
2.170379
-0.039395
-1.347904
0.266665
0.044447
0.850811
0.097889
-1.015200
-0.314471
-1.250082
-0.560717
-0.286557
-0.667030
-0.088387
0.881564
0.513653
0.492397
-0.613256
-1.013464
-0.150538
-0.574277
-0.833277
-0.284687
0.812747
0.579412
2.073366
-1.243055
-1.496940
0.819276
-0.159593
1.614357
-2.123632
-0.240605
-2.352519
0.823119
-0.237344
0.732571
-1.393636
0.025435
0.837491
0.539074
-0.632596
-0.536568
-0.017544
0.448019
0.450545
0.411747
-1.831890
-1.033550
0.102797
-1.131348
0.449731
0.270231
-0.353760
-0.602919
-0.323851
0.335171
2.046785
-0.566423
0.110208
1.128581
1.818862
-0.453203
1.821986
1.069482
1.703100
1.450086
0.162396
0.660280
0.435485
0.438038
-0.487403
0.613471
-0.566327
0.962291
-0.913384
-0.310346
0.214527
0.460581
-0.214401
-0.894274
0.265079
-0.233229
0.699663
0.172016
1.024567
1.055026
-0.134987
-0.286999
1.372642
0.663759
1.419097
-0.714844
-0.227972
-0.427991
-0.691847
-0.255082
0.291474
0.432379
0.156205
-0.124456
0.391104
-0.599968
-0.123755
0.074795
0.156597
-1.538414
0.328850
0.013150
0.722816
-0.045166
-0.164553
-0.254777
0.012762
0.306678
2.212378
0.597555
-0.409692
0.382725
1.030545
0.992259
0.306194
-0.024304
0.763234
0.123838
-0.391157
-0.803983
0.132182
1.039799
-0.042385
0.461331
0.192383
-0.153501
1.241438
1.873101
-0.142714
1.825116
0.376214
1.126077
-1.056038
-0.514568
0.570592
0.147771
-0.132526
1.823553
-0.495076
0.108770
0.496913
0.369228
0.762257
-0.724903
-0.236144
1.428204
1.120734
1.158236
0.931914
1.665827
-0.779202
-0.796903
-1.283492
-1.149654
1.283091
1.351767
-0.459035
0.248879
0.590416
1.714720
0.713677
0.576603
0.428428
0.594107
0.751027
-0.100334
0.368683
0.879343
-2.431630
0.722493
1.314749
-0.115280
-0.004279
1.162807
-1.387431
0.772597
1.144441
0.821878
-0.564097
-1.011079
-0.746404
0.647725
-0.875132
-0.152998
0.880910
1.045215
0.906396
0.995627
-0.017994
-0.454050
0.331691
1.590411
0.592706
-0.144435
-0.160611
1.037460
-0.566911
0.293087
1.082188
-0.875736
-0.461662
0.605555
-1.731005
1.100373
0.198064
1.324237
-0.743260
-1.518141
-1.748482
-0.934739
0.794745
1.440439
0.160287
1.155684
0.198750
1.493799
-0.259447
-0.488707
0.825371
-0.009622
-0.869527
-0.678087
-1.860304
-1.699465
0.057999
-1.201647
0.911543
-0.880744
0.547685
-1.030541
0.013652
0.059678
0.908226
-2.107426
0.507349
-0.523555
-0.761003
1.394997
0.861298
-0.935828
1.081519
-0.350011
0.085698
0.487623
0.499208
1.009060
0.552263
-0.844594
1.610727
0.302554
-1.036694
1.421998
-0.145569
1.233395
-0.610420
1.695140
0.201886
-0.341767
-0.236714
1.729959
2.376750
0.826222
0.567641
-0.132287
-1.462885
0.391256
-0.314441
0.372436
-0.694836
-0.810385
0.755192
0.994637
-2.466806
-0.897836
-0.620932
1.151944
0.436753
-1.840436
-1.095013
0.580584
0.266517
0.545321
-1.646776
-0.285354
-0.075646
-0.638305
0.005920
-1.602539
-0.597921
-0.525043
0.988593
0.407211
-0.330411
-2.104791
-0.200874
-0.934584
-0.319597
0.548180
0.168974
0.355226
0.620069
0.170468
-0.025886
0.572266
0.193031
-0.061599
0.238323
-1.578028
-1.679175
0.244164
-0.401458
0.839676
-0.052924
0.536708
1.211323
0.562741
0.222524
-0.243940
0.848546
-2.658027
1.754425
-2.017993
-1.297182
0.265979
0.085687
-0.067283
1.045233
0.975765
0.081328
0.950468
0.645087
1.670756
-1.301968
1.010065
-0.725542
-0.380384
-0.465868
0.649482
-0.068320
0.283293
-0.127145
-1.122889
-0.950593
1.145160
-0.934368
0.954940
-0.958676
1.965178
1.579347
0.300513
1.021319
0.885801
0.429898
1.405139
0.611369
-1.459962
0.196396
-0.525804
-0.040422
-0.370845
-0.989924
-0.361274
0.585269
1.281462
0.715705
-0.544372
-0.692772
-0.245286
1.374239
0.803706
-0.019004
1.289266
-0.731805
-0.384864
0.388309
-1.475238
-0.051776
-0.879567
0.044850
-1.744537
0.472864
-0.985272
0.418462
1.203765
-0.185148
0.213157
-0.543136
0.396169
-0.491520
0.741241
0.492778
-0.357709
0.726014
1.248618
-0.850285
1.408030
-0.406115
1.558069
1.761353
-0.573041
-0.690874
1.818862
0.224386
0.567568
-0.461984
0.364847
1.087318
-0.513948
0.389535
0.923705
0.199821
-0.383625
0.583225
-0.066623
-0.257620
0.643366
0.892347
0.233360
0.160639
0.899588
0.671253
1.497939
-0.186443
0.311014
1.905955
-1.101819
0.347081
1.486289
0.802448
0.613072
-1.028794
0.260112
0.253376
1.573683
1.033911
0.936310
0.084613
-0.897852
0.580636
0.342442
1.826674
2.132929
-1.319766
1.825116
1.723545
1.007190
2.129756
0.041721
0.421869
-0.673106
-0.234249
-0.135885
-1.432602
-1.044489
0.089247
0.740368
0.493420
-1.067973
0.158140
0.141682
1.116600
-0.443491
1.009870
-0.043642
-0.993244
2.041168
0.140672
-0.246297
-0.885247
-0.487574
-0.782057
0.580084
-0.455127
0.465997
-0.190742
-0.174823
2.049578
1.328109
-0.219241
-0.232396
0.499299
0.769149
0.522876
0.503752
-0.299133
0.023702
0.715529
-0.610833
-0.205476
0.573591
-0.089876
-0.254549
-0.500721
1.141984
1.208669
0.772354
-0.067713
0.115781
-0.591629
2.514017
-0.729282
-1.452332
0.773829
0.451472
0.308213
-0.003946
-0.087139
1.334417
-1.532610
-0.931719
0.749653
0.344618
0.076564
1.023922
1.295516
-0.543265
0.387561
0.962360
0.968791
0.318128
1.454537
-0.605031
0.461486
1.358350
0.871886
0.235726
0.058639
-0.292411
-0.147377
-0.304298
0.109509
0.894140
-1.458202
0.569463
-1.804874
0.106203
0.434185
1.257830
-0.836304
-0.552076
-0.197673
0.375847
0.611541
-0.304443
0.150478
0.757018
-2.571839
1.039487
0.304199
-0.458509
-0.274581
0.268826
0.767149
1.219599
-0.056980
1.310136
0.481117
-1.545836
0.919207
-0.116182
0.121725
-0.939473
0.192584
1.471736
-0.222196
-0.581533
0.150520
0.670437
1.820427
2.426136
-0.397808
0.240201
-0.463192
-0.739148
-0.164011
0.611322
0.002131
-0.916405
0.539813
0.031492
-0.402843
0.675852
-2.433689
-0.309650
1.186397
-0.924698
0.462317
-0.001104
0.040291
0.916777
-0.062146
-0.481900
0.146131
0.683639
0.851929
1.164163
0.200114
0.154938
-2.533609
-0.359043
-0.201272
0.792857
0.916111
0.359689
-0.359122
-0.426284
-0.686877
-0.671164
-2.083020
-0.257254
1.094883
-0.003484
-0.028235
-0.571705
0.404553
0.574487
-1.193648
-0.442245
0.016679
-0.096505
0.173645
-0.873556
-0.046987
-1.142556
0.525425
-0.577794
-0.424405
-0.703827
-0.077870
0.190228
0.182122
1.027194
0.014126
1.371673
-0.949749
-0.091831
-0.558157
-0.899181
-0.611276
0.946756
0.667877
-0.247205
-0.813881
-0.047777
-0.486453
2.576163
1.181937
0.707829
-0.553887
1.427320
1.823553
0.524477
1.032622
0.060841
0.236206
0.381317
0.048506
-0.730390
1.953254
0.488294
0.665717
-0.538941
0.088058
-0.515596
-0.651975
0.920925
-0.440259
-0.493370
-1.302332
0.986890
-0.421928
0.530378
0.611796
-1.188807
-0.111100
1.464879
-1.180463
-0.570459
0.463875
-0.077836
-0.098829
0.935179
0.390941
1.221967
0.435595
2.168427
-0.621728
0.382297
-2.933664
0.313996
-2.080585
-0.658820
0.079559
-0.500812
-0.257422
0.320553
-0.679702
-0.763716
0.203403
-0.371358
-0.616845
0.923874
0.430420
0.353858
-1.636240
1.288810
0.357211
0.017099
-0.246175
-0.077213
0.682917
0.812196
-0.208520
1.328403
0.892127
0.333333
0.716978
0.006940
-0.109898
0.176481
0.742635
-1.034914
-0.138465
0.219709
-1.495003
0.341873
0.187627
-2.248329
-0.946536
-1.182429
0.326146
-1.312432
1.014832
0.375444
0.894998
1.709071
0.969742
-0.531570
1.718241
0.973036
0.012423
0.259688
-0.647152
-0.837698
-1.935675
-1.309545
-0.780822
0.224518
0.312469
-0.081028
0.513078
0.117157
-0.020615
1.197053
0.159817
-0.457748
-0.293840
1.373134
-1.814331
-1.639139
-0.259567
0.276235
1.233064
0.618521
1.676860
-0.834046
-0.037845
-0.049660
0.440918
0.371625
0.798754
-0.505256
-0.208258
1.825116
0.655060
0.306133
-0.181217
0.142339
-0.262725
-0.368606
2.029878
-0.403251
-1.022436
0.296766
-0.393865
0.276922
-0.120155
0.294563
-1.259853
-0.448719
-0.226820
0.267845
0.381275
-0.337168
0.616686
0.526590
1.389399
0.804603
-0.162435
0.631380
-0.064023
-1.192131
0.273806
-1.219024
0.259921
-0.697971
-1.264105
0.518515
1.620209
1.080067
0.383745
0.566308
-1.014804
0.208800
-2.098262
0.827858
-1.255839
1.032087
1.048444
0.906404
0.847240
1.774831
1.823553
2.794517
-0.004413
-0.085082
1.295121
0.555971
0.803667
2.729476
1.816460
1.174405
0.599597
0.302433
-0.310140
-0.907290
-0.605926
1.610233
-1.356876
0.876824
0.275721
0.358118
0.829267
-0.042052
0.775845
0.832944
-0.735544
-1.571589
-0.145838
0.601172
-0.595367
2.225685
0.028483
2.083249
-0.902427
0.017775
-0.599866
-0.592871
-0.519999
-0.611516
-0.534588
0.635219
-0.226611
-0.315752
-1.936699
0.213466
0.444040
-0.011791
-0.412463
-0.905867
0.131866
1.054041
-0.577508
0.045572
0.001280
0.207427
0.994956
1.424572
1.128988
1.180711
0.520145
0.269428
0.759810
0.878835
1.401815
0.836879
-0.732402
-1.354080
-0.267155
0.042631
0.678597
-1.468753
-0.067581
0.558389
2.193570
1.891214
0.095899
0.437089
0.359799
1.586648
0.180464
-0.143491
0.799367
-0.631271
0.333639
-0.798258
-0.351465
0.576654
1.411783
-0.665286
0.944194
0.308358
0.874183
1.006148
0.868896
-0.284442
-1.304800
-0.464687
-0.964331
0.742732
0.358926
-0.299252
-1.982898
-0.105047
-1.289460
-0.282474
-1.370791
-0.122393
0.782283
0.713159
0.362117
-0.787963
-0.123590
-0.861108
1.144876
0.171469
-0.296193
0.991566
0.559170
1.926687
0.973863
-0.543695
-0.054577
0.004545
0.354968
1.821986
-0.273863
0.322266
1.815738
0.878725
-0.439330
1.305412
-0.644158
1.382891
0.690195
0.730565
-0.539753
-0.339946
-0.595208
0.494179
0.322093
-0.048012
-0.539614
0.194842
-1.188350
-1.079778
0.876199
1.176214
0.847972
0.249529
0.670021
0.420744
-1.294705
0.115746
0.028764
0.244150
1.112218
-0.024204
0.017151
0.509565
0.203519
1.003822
-0.471044
-1.298951
0.301610
0.640051
1.821986
-0.840627
-0.965091
-0.881857
-0.143740
-1.792406
-0.932742
-0.731705
0.163064
-1.423364
0.182011
-0.122964
0.888708
-3.146810
-1.788451
-0.381910
0.721653
-0.381312
0.157773
0.486095
1.315456
-0.638859
0.151652
2.117430
-1.298664
1.738559
0.091294
0.141246
-0.573290
0.206574
-0.686653
-0.622465
1.820427
0.261370
-2.818220
-0.771558
-0.759768
-0.555511
0.638043
0.072848
0.654489
-0.196119
-1.089612
0.293001
0.856510
0.099645
-0.905310
1.744231
0.720191
1.191014
0.214842
0.581287
0.316294
0.454206
-0.389947
0.206346
0.534433
-1.053944
2.090847
1.621729
1.389725
0.484293
-0.150748
0.455163
0.258765
-0.294169
-0.827178
1.213935
0.327466
0.447607
-0.368335
-0.100854
-0.077700
-0.133422
-1.074454
-0.105161
-0.647101
-0.059087
-2.986174
1.821986
-0.387127
0.783605
-0.721887
-1.293931
0.728922
-0.254296
0.802496
0.103412
0.598222
0.798398
0.104990
-1.250128
1.267295
0.585821
-0.145524
-0.300846
-0.021135
1.169002
-0.535500
-0.433766
-1.575702
1.327360
0.410332
-0.896133
-0.421410
0.766052
1.151404
1.945295
-0.327622
-0.870713
0.970119
0.060640
-0.374181
1.462624
-0.779604
-0.930671
1.182912
1.805327
-0.662651
-0.716592
-0.678244
0.681780
-0.045083
-0.047582
0.473051
-1.676488
0.827757
-1.008642
0.786409
-0.228559
0.628977
-0.417644
-1.370255
-0.341540
-0.487981
0.008091
0.697262
-0.470529
-0.455957
0.248639
0.678609
0.505478
1.018478
0.426756
-0.774685
-0.254212
0.710539
1.101922
1.385505
-0.386330
0.655686
0.640686
-0.208523
-0.532070
-0.829722
-0.164958
1.485320
0.993915
0.888001
-0.730198
-0.219461
1.048539
0.379220
0.088185
-0.214203
3.219828
0.518495
0.807204
1.101202
-0.959112
0.910676
-0.241857
0.337689
0.628644
-0.334555
0.383137
1.109752
-0.977010
-1.059484
0.742201
-0.478935
1.399953
1.355016
-0.559645
0.375202
-0.404668
-0.412475
-0.514386
-0.950591
-0.853556
-0.739982
0.463702
-0.137391
1.055418
0.858329
1.143732
1.882643
-0.135005
-0.248672
-0.838685
0.525783
0.763704
0.302252
-0.744985
-0.362006
0.224937
0.142153
-0.789234
0.468208
-0.431367
-1.093954
1.992223
1.282799
2.291556
0.400900
0.399398
-1.873841
-0.967305
-0.031604
-0.408143
0.503185
0.378159
0.669205
-0.256621
0.675456
1.063599
0.964915
0.346947
-0.862303
-0.225676
2.124195
-0.547388
0.367964
-0.239282
-0.282533
-0.132462
-1.337348
-1.257743
-1.596361
0.938665
-1.258871
1.733749
-0.968265
1.090887
-1.851829
0.661723
0.475950
-1.413372
1.624482
-0.314513
0.419659
0.577159
-0.603817
1.627043
0.893635
-1.136927
-1.007663
-4.031843
-0.983570
0.160226
-1.389246
0.150398
-1.052363
-1.105804
1.627506
-1.031410
-0.426416
1.167932
0.009499
2.075591
2.035866
1.006920
0.912523
0.884439
-0.134133
-0.830861
0.043459
-0.099198
0.352121
-0.637921
0.061826
-0.161185
-0.713494
-0.730920
-0.340494
-0.639456
-1.142970
-0.627284
0.707413
-0.628819
0.402719
0.079047
0.397865
-0.299737
0.428901
0.361369
0.224349
0.195502
-0.415411
-1.080680
-0.606116
1.178697
-1.631130
0.313788
-0.977924
0.015674
-0.497583
2.479537
1.179294
0.802777
1.542979
0.727044
-0.221967
0.436800
-0.035691
0.862742
-0.005133
0.113983
-0.173489
-1.138861
0.165226
-0.038860
1.029604
0.053968
-0.108649
1.378279
-0.186886
1.476343
-1.307914
-0.236410
1.558010
1.918266
-1.741270
-0.361092
-1.392237
0.539857
-0.641652
-0.283468
0.667192
0.138352
-0.497955
0.603953
-0.644503
-0.256188
-0.261778
-0.721363
0.379766
0.790308
-0.074446
0.815766
0.597843
0.187897
-0.390424
0.438095
2.038143
1.777696
-1.219435
-0.915567
0.498671
0.544345
1.103436
0.271926
1.122092
1.649829
0.286985
1.600689
-0.789780
0.112717
-0.444487
0.633290
0.845146
0.007012
0.283828
1.160805
0.085690
0.534469
1.181870
0.668738
-0.246023
-1.392744
0.625687
-0.252609
1.558965
0.130323
-0.831264
0.063320
0.731971
-0.170147
1.534415
0.679570
0.330978
0.397360
0.372436
-0.472416
0.446945
-0.313949
0.736413
-1.140497
-0.735563
0.149910
1.037141
-0.397887
-0.425642
-0.936873
2.170379
1.137915
0.810321
-2.000418
0.978630
0.550205
-0.887059
0.001227
0.152080
-0.255601
1.315054
0.909871
0.440017
0.024677
0.355382
0.088691
0.460412
1.818862
0.476327
0.251001
0.428616
-0.647412
0.225521
-0.920099
-0.406594
0.677871
0.135822
-0.609337
1.997509
-0.312406
0.418606
0.379422
0.355989
0.897723
-0.840964
0.793310
0.310606
-0.838798
0.548398
-1.616992
-0.727990
0.534286
0.350009
0.170000
0.525195
2.600099
-0.430732
-0.467336
0.813610
0.713685
2.146036
0.701697
-0.801639
0.027800
0.009318
-1.575483
0.316618
-0.007507
0.025168
0.473202
2.202905
-0.174105
0.535331
-0.000644
-0.789200
0.612521
-0.045149
0.033261
0.404744
-0.270418
0.292602
0.087060
0.161336
0.643725
0.644110
-0.312155
0.970190
-1.554962
0.431519
0.857865
0.625433
0.083642
-0.218386
1.793029
0.091855
1.123496
-0.590951
1.490053
0.582125
-0.761338
-0.576224
0.710604
-0.069625
0.320959
-0.229105
0.230795
1.888006
0.463060
0.123067
0.057690
0.632849
-0.122219
0.606393
0.158072
-0.791103
-0.985382
0.325523
-1.010996
-0.417213
0.279491
0.523577
-0.192552
-0.253430
0.651623
0.679145
0.650878
0.573871
1.609030
1.713151
0.081060
0.014227
0.787780
2.372693
0.417281
-0.119256
0.630180
1.172562
-0.332292
0.839018
-0.005497
0.144489
-0.014765
0.343392
1.091916
-0.200123
-0.883155
-0.079274
0.583532
-0.572346
0.719481
1.925876
-0.719358
-0.348293
-0.929026
0.475218
-0.783585
-0.181692
-0.959906
1.433220
-1.337996
0.572598
0.448713
-0.740434
0.277673
0.042606
0.326461
-0.849576
1.359350
0.680998
0.492486
0.408315
0.716060
0.094668
-0.732991
0.633677
-0.832586
-1.335864
0.275792
-0.437735
-0.453939
-1.105959
1.040170
-0.442333
0.557703
1.421916
0.259511
-0.615677
-2.504647
-0.818282
-0.655218
-1.946178
1.803015
0.054873
1.301523
0.484156
0.782338
0.120618
-0.143875
-1.367767
-0.530790
0.083011
0.073974
1.454837
1.123103
0.279322
-1.661686
1.296723
-0.226943
1.580385
0.252695
0.783687
0.315611
-1.341632
-0.792564
-0.294185
-0.396516
1.765589
0.873103
-1.030951
-1.010603
0.720137
0.201674
1.085661
1.309101
0.168667
1.525498
1.153669
-0.639761
-0.890508
1.043984
-1.643969
-0.318022
-0.797641
0.397511
-0.041325
0.358087
-0.302496
0.690231
-0.686743
1.665385
-0.234160
-0.619490
1.307148
1.143868
-0.644371
0.917000
-0.939639
0.216744
-0.599062
-0.036708
-0.975832
-0.861832
-1.339945
1.778059
-0.687312
-0.459957
-0.784338
-0.368821
-1.067945
1.472363
0.331461
0.198129
-0.598578
-1.970077
0.304672
0.564224
0.673445
0.325220
-1.027200
-0.353778
0.345508
-0.209816
2.159967
-0.012024
0.329144
0.173334
-0.433390
0.879612
-0.971877
-0.695896
0.766814
1.148882
0.200453
0.479995
0.188692
0.035437
-0.311378
-0.496813
0.273511
0.149840
-0.391029
0.951119
0.169146
-0.781549
-1.015152
-0.198560
0.379193
-0.172475
-0.161262
1.130242
0.772507
-0.162849
0.177325
1.140001
-0.740258
-0.454578
-0.693397
0.018792
-0.597786
-0.391644
0.793528
-0.303351
-0.303750
0.319487
0.146945
-0.422158
0.333347
-0.481353
-0.604931
-0.663804
0.377626
0.058084
0.666488
-0.528147
0.149628
1.293077
1.928050
0.452794
-0.555963
0.009742
0.090349
-2.132942
0.135813
0.184485
1.459200
-0.868802
-0.132654
1.906089
-0.993000
1.053456
-2.447035
1.096193
0.270142
1.528813
0.564411
-0.945375
0.585752
1.828239
-0.254130
0.863264
-0.246753
-0.703184
-0.315277
-0.604805
0.960051
-0.067167
1.498190
-0.337954
-0.687792
0.640336
-0.072073
1.332918
0.055233
-0.149427
-0.984053
0.183801
-0.478743
-0.715958
-1.147950
-0.805694
-0.268855
-0.354467
-0.114198
1.207825
1.031553
0.888929
-0.082320
0.566303
0.504703
-0.035159
0.385612
0.401529
0.522665
0.630601
-0.640788
1.751122
0.592842
0.812809
0.140543
-0.409373
1.957186
2.697427
-1.231957
0.259842
0.308118
-0.018856
1.300596
0.066098
-0.229867
0.486885
1.445193
0.767423
-0.169257
-0.433849
-1.015249
-0.799258
-0.854096
0.660377
0.362538
1.118449
0.813332
1.609233
0.629565
0.453743
2.123565
0.254930
0.206190
0.711580
0.833974
1.610170
1.414480
-0.149612
-1.595356
-1.119038
-0.730026
0.262235
0.540943
0.662076
0.353748
-0.186511
-1.929512
-1.531733
0.169651
-0.461862
-0.818299
0.356654
1.228489
0.217192
-0.057823
0.637203
0.453242
0.566853
-0.394163
0.373849
1.367590
-0.637969
-0.551158
-0.563237
1.375506
0.594541
-0.433791
1.219751
-0.933866
0.865738
0.641808
1.487785
0.468035
-0.541771
-0.854218
0.614663
-1.503316
-0.227766
0.277521
0.937429
-0.411738
-0.973662
-0.598452
0.390805
0.922529
0.875247
1.720959
1.216230
0.786140
-0.686099
1.342568
-0.451344
-0.399948
-1.348644
0.355189
-0.394873
1.429211
0.623906
0.073409
-0.440997
-0.319105
0.118337
0.778635
0.822320
-1.252952
1.818862
-0.221528
-0.533273
-0.243100
-0.589889
0.187013
-0.848716
-0.322083
0.000798
-1.669399
0.530826
-0.101702
-0.382264
-0.068311
0.527767
1.094098
0.109845
0.315649
1.483469
1.017927
0.646717
0.689070
-1.866449
0.501588
-0.391484
1.219836
-0.874999
-0.991097
1.119007
0.312089
1.510887
1.735095
-1.033617
-1.378042
-0.061044
1.776857
1.099647
-0.418535
-0.095397
1.998802
1.418559
0.724198
0.346367
1.689167
-1.066483
1.821986
1.076887
-0.725101
0.234611
-1.274049
0.070343
1.004840
-0.769981
0.162510
1.170348
-0.054304
0.598167
-0.204612
-0.056833
-0.089799
0.781330
0.719309
-1.716670
1.303450
0.922660
0.347288
0.443351
0.985717
1.253597
1.139480
3.716004
0.091637
-0.535026
0.600329
0.381001
1.053840
0.203753
0.272778
0.287276
0.901802
1.997435
1.036909
0.971450
-1.120141
-0.357491
1.127174
-0.322343
0.493196
-0.961996
1.078603
0.394192
0.761602
0.019608
1.547362
-0.504980
-0.842310
-1.323543
-0.298812
-0.782535
4.062228
1.618027
0.717502
-1.368845
-0.694026
0.083498
0.375530
0.513016
0.541468
0.939245
0.818354
-1.395371
0.137811
-0.076073
0.318980
-0.307511
-1.614573
0.033022
-0.141313
0.142966
0.659482
-0.635289
1.074544
0.280112
-0.124268
0.710697
1.280903
1.491608
1.188750
0.914833
0.683324
-0.873907
-0.566221
-0.234854
-0.968790
0.265149
-0.237233
-0.659114
1.406921
0.580916
-1.167829
-0.966551
0.480135
0.326923
-0.822035
-0.500719
0.101303
0.325122
0.613216
0.123467
-0.119658
0.787640
0.918221
-0.734540
-0.732915
1.613330
1.328565
-0.995165
-1.010381
0.959977
0.596343
0.947524
-0.560054
-0.535728
0.541384
0.821764
1.643463
0.585561
0.310540
-0.156071
0.920577
-0.530963
1.137748
-0.236362
0.744302
-1.559829
-0.184220
0.823910
-0.394749
1.017692
-0.971485
-1.326375
0.513335
-0.789528
-1.245541
0.468555
0.202946
-0.640559
0.518941
-1.232248
0.790143
0.728244
-0.209467
-0.474038
-1.295299
1.376367
0.713293
0.801486
-1.051538
0.107439
-1.501997
-0.443518
0.986744
-1.003780
0.228850
0.484311
-0.400483
-0.228692
-0.544349
0.459981
-0.256710
2.727864
-0.201333
-0.630379
0.186624
1.842551
-0.866055
-0.236355
-1.041113
0.264627
1.146528
-0.496449
-0.760681
-0.794081
-0.877180
0.340275
0.024922
1.418625
0.397043
1.431072
-0.406569
-0.109202
-0.431916
-0.176321
0.534590
1.150121
0.796827
0.905900
-0.398310
0.984924
0.983908
0.257448
2.375587
-1.259557
1.942503
-0.696203
1.458757
-0.421164
1.132520
0.838429
0.407895
-0.390024
-1.210954
-0.205811
0.320048
-2.151494
0.163235
-0.148841
0.181325
-0.030606
-0.301653
-0.577119
-0.155422
-0.817923
1.884629
1.249715
-0.967728
-1.036554
0.075562
0.142092
-0.049727
-1.447341
0.054027
-2.113858
0.028191
0.884224
0.809640
0.526968
-0.504558
-0.258182
1.021575
0.875810
0.823978
0.536957
1.529783
-0.055363
0.579584
-0.774680
-0.737519
2.023274
0.303650
-0.182730
1.061567
-0.720450
0.139518
-0.823140
-0.285015
0.532094
0.375658
1.772704
-0.145389
1.042545
-0.844148
-0.317288
0.825993
1.434683
0.911343
2.339341
0.367469
0.079208
-0.427801
0.880287
-0.059234
0.327460
0.802893
-0.670401
-1.398421
1.191020
1.213360
0.662342
-1.353746
-0.333912
1.205674
-0.953811
1.649055
-1.426911
-0.697060
1.882840
0.544870
0.042942
1.925877
-1.059637
-0.162235
1.012734
-1.528395
0.190549
-0.384316
2.444124
1.820427
1.823553
2.675566
2.590812
0.543550
-0.634393
0.846864
0.421258
-1.218848
0.545244
-0.760117
0.819661
0.241667
0.519357
0.178408
-0.592441
-1.083368
-0.789488
1.495109
-0.735249
-3.228617
-0.724484
-0.572841
0.439824
-0.145443
0.388499
-0.399771
-0.813978
0.427228
3.075788
0.413071
0.843882
-0.029048
1.109170
-0.673056
1.335648
0.084210
0.096877
0.044420
-1.019429
0.068227
0.998012
-1.357342
1.188270
0.336712
-0.521686
-0.400025
0.167970
-0.962166
0.050856
-0.655581
0.461757
-0.040833
1.278776
1.404220
0.568461
-0.125626
-1.619565
-0.783360
0.172423
-0.303263
-0.912211
-0.887508
-0.375992
2.447739
-0.229209
-1.108769
-1.629366
-0.156897
1.027821
1.820427
-0.094809
0.509747
-0.432393
0.014870
-1.011864
-1.823039
0.084766
-0.283142
-1.349265
0.726775
-0.180933
1.180775
-0.428685
-1.400793
-0.805312
0.481655
1.530710
-0.938604
1.106760
-0.282354
-0.807275
-0.871320
0.069328
0.153128
0.180840
-0.205067
-1.285653
0.244961
-0.039361
0.012269
2.172739
-0.162314
-0.130769
1.820427
1.523338
-0.029688
-0.020965
0.745044
0.527411
3.017926
0.109948
-0.534114
0.034472
0.941344
0.030914
0.785850
1.407582
1.147166
1.028876
-0.823924
0.913708
0.449948
0.581165
1.109938
2.172559
2.585369
1.459120
1.778942
-0.626865
0.787245
0.528459
0.159770
1.258441
0.409362
0.605356
-0.612667
-0.470133
0.427998
0.320717
0.012581
0.444037
-0.806702
0.345248
1.569561
0.280615
-2.241796
0.690831
0.216158
0.871124
-1.305725
-0.345066
-0.167206
1.088853
-0.089424
0.864482
0.635628
0.292595
-0.341107
-1.025905
-0.018198
-1.299204
0.015426
-0.314448
0.958198
-2.326156
3.184230
-0.051757
0.587742
-0.110758
-0.324195
1.573250
1.361527
-1.298330
0.040105
0.646471
1.407290
1.086686
1.147645
0.884230
0.537807
1.162116
1.006516
0.903116
-0.256413
0.336924
0.741032
-1.034920
1.511372
-0.647285
0.178521
0.465432
-0.072252
1.535933
-0.351984
1.884067
-0.619117
1.137515
-1.020776
0.277504
0.906414
-2.032230
1.735954
0.819340
0.405826
-0.075097
0.285698
-0.647941
0.139448
0.668349
0.398942
1.304234
0.685354
-0.376232
0.127986
-0.849451
1.826674
1.241011
0.502891
-1.123463
-0.467200
1.727310
-0.597825
1.606510
0.658472
-0.447614
-0.742063
-0.106051
-1.041926
0.461335
0.339441
-2.640013
0.507447
-0.220254
0.265706
1.118788
0.106087
0.394608
-0.376229
-1.086676
0.095471
-0.212801
0.231789
-0.737959
0.695256
-0.143826
1.270316
-0.735006
-0.857118
-0.438929
-0.117853
1.051349
1.278459
0.300345
-0.575713
-0.552322
1.823553
0.089841
-0.409382
-0.716089
-1.237262
-0.269648
-0.222150
-0.866278
0.261396
-0.559944
-0.183169
1.330520
2.328718
0.474347
0.204339
0.611529
-0.868666
-0.192196
0.290993
-1.273919
-0.064337
-0.645804
0.352037
0.113424
1.820427
-0.163263
0.138839
-1.116997
-0.225976
-0.502912
-0.869458
0.285906
0.508758
0.575702
0.224389
0.572363
0.277506
-1.958352
0.201070
0.040723
2.354173
-1.468564
0.208371
1.628667
1.013314
2.050446
-0.604240
-0.667547
-0.149031
-0.719262
1.646557
1.860497
1.313601
-0.733105
0.022349
0.269726
0.342530
-0.442518
-0.388565
0.552479
-0.936091
-0.329972
1.823553
-1.101189
-0.643513
0.409832
0.513564
-0.237400
-1.607096
0.379233
0.970350
-0.666485
-0.078714
0.367221
1.592996
-1.606444
1.505873
0.714532
-0.604221
-0.706815
0.896268
0.761099
-0.876498
-0.584664
-1.683108
-1.575588
0.517204
0.149345
1.231786
0.069288
-0.210876
-0.321398
-0.231783
-0.062505
-0.157010
-0.822026
0.142673
0.915218
-1.367803
2.161624
0.418592
-0.227573
0.570198
-2.145674
0.883043
0.697530
-0.284470
-0.474638
1.303345
-0.568706
0.017649
0.647631
0.291668
-0.929668
0.615050
0.373538
-1.224407
0.160509
1.092764
-0.062319
1.943183
0.848940
0.176168
0.102347
0.040344
2.536540
0.023541
0.968134
-0.342076
-1.119067
2.109829
1.705371
-0.531175
-0.683303
-0.170455
-0.164350
1.791227
0.555980
-2.718477
-1.067536
-1.190478
-0.104746
-0.439777
-0.404838
0.227147
1.014130
0.682854
0.367457
0.786554
-0.278340
-0.370408
0.378307
-0.173323
1.625670
0.078832
1.059792
0.569158
-0.275056
0.902806
-0.024588
-0.341961
1.821986
-0.654249
-0.258795
1.793863
0.896111
-0.085384
-2.056764
-0.167885
0.655187
0.609423
0.733349
-0.792761
-0.227133
-0.352785
-0.473791
0.913772
-0.228442
0.538229
0.140604
0.381196
-0.518440
0.889576
-0.286877
-1.968363
1.038221
-1.525695
0.192085
-0.313105
-1.384197
-0.479468
0.167523
0.042270
0.780446
-0.764352
0.351096
0.349486
-0.628763
-1.121830
-1.191037
-0.120945
0.517841
0.864844
0.182325
-0.484274
1.031306
-0.333563
-0.300745
0.439923
1.000403
0.272954
1.545428
0.507428
0.173801
0.421647
-2.417641
-0.221329
-1.676487
-0.864809
0.438934
-0.686873
0.606470
0.476187
-0.663724
0.521361
-0.234156
-0.516025
-0.383723
0.851382
-0.624707
-1.491220
0.429899
0.390571
0.188391
-1.008304
-0.413726
2.101480
-1.577174
1.400333
-0.353673
1.875834
0.534315
-0.432878
-0.327423
-0.454808
-0.932667
0.047899
1.113098
-1.044482
1.041065
0.296229
-0.058986
-0.444753
-0.494676
-0.320802
2.120073
-0.352673
-0.631914
-1.060112
0.438221
0.554866
-1.566138
-0.643831
-0.336228
0.830606
-0.391956
0.533129
-1.513301
1.821986
0.464917
0.770734
-0.259432
1.135140
-0.707901
-0.448266
0.931719
0.227276
-0.815968
2.665782
-0.372287
0.424104
-1.577021
1.014127
1.116114
-0.319934
-1.627626
1.260551
1.820427
-0.976950
1.825116
0.424796
-0.079868
1.359022
1.831479
3.295426
0.904357
0.591094
0.365079
1.545449
-0.196332
-1.227480
-0.272440
-1.295875
-0.714014
-0.355927
1.010355
-1.252974
-0.081341
1.353941
-0.741093
-0.940336
-1.147000
-0.075933
-0.428849
-0.970182
-1.352525
1.095680
0.078273
0.202287
-0.297874
0.166380
-0.578191
-0.451508
1.823553
0.384947
-1.583637
0.400589
-0.403432
-0.608080
1.005930
0.917926
-0.139382
0.257363
-0.040142
0.751582
-0.130661
0.985219
0.510925
0.271103
-0.054048
0.034658
-0.294233
0.562922
1.568896
0.620339
2.564163
1.479769
3.291047
0.855723
0.151907
1.067321
1.825116
-0.569224
0.633889
-0.172719
-0.104858
0.656723
-0.226943
-1.319701
1.461753
0.333902
0.362468
-0.088365
1.160226
-1.582218
1.100997
1.276793
-0.577501
-0.033055
-0.869534
-0.087629
2.424329
-1.972061
0.657408
-0.160589
0.623888
-1.082626
-0.337763
-1.840146
0.550422
1.022186
-0.360460
0.500242
0.380176
-0.337668
0.512574
-0.198881
0.252146
-0.190596
2.042437
-0.496580
0.911929
-1.151332
0.293092
0.446130
-0.273045
0.923858
-0.112077
1.698995
-0.510217
-1.208330
-0.844563
-0.387968
2.167505
-0.129039
-0.501953
0.921870
0.112978
1.471243
1.246632
-0.333392
-1.636438
0.543291
-0.141889
0.534737
-0.327651
-0.393273
1.532901
0.855119
0.403084
0.293479
2.253456
0.161409
0.714145
1.716106
-1.616188
0.904927
-1.146284
-0.373031
0.784948
-0.185980
-0.183343
1.479158
0.017046
0.765764
-1.489461
0.979935
-0.456521
0.724396
-0.042683
0.201646
-1.251909
0.125266
1.356560
-0.454270
-0.163388
0.153571
-1.469949
0.118802
1.821986
1.334903
-0.134582
1.010742
-1.041436
1.087365
-0.228705
0.547189
-0.392149
0.022501
0.818452
-0.678208
-0.142221
0.974043
1.150766
0.267257
-0.318927
-0.393231
0.991494
0.730205
-0.175638
-0.505274
1.047736
1.823553
0.459707
-0.739468
1.561880
0.628853
-0.248746
0.898282
0.286720
-1.159980
0.853853
-0.924595
1.595057
-0.961692
-1.680307
0.072712
-1.906233
1.590421
-0.285157
0.202408
0.872047
-0.586809
0.213902
0.467274
-0.109112
-0.083373
-1.226797
0.765092
2.738722
0.224995
-0.689038
-0.174269
0.584727
-0.243193
-0.672540
1.517638
0.368676
-0.099334
1.671814
-1.595762
-0.019615
0.011250
-0.047354
0.416246
0.731002
0.159535
0.144356
-0.712494
-0.027270
1.159301
0.281138
-0.006105
-0.319188
-0.521783
-1.143749
-0.299443
-0.032457
-0.131150
-0.584766
-1.602580
-0.817649
0.795053
0.192385
-0.950714
0.029216
0.417083
-0.137828
0.761485
1.900389
1.599785
2.178090
-0.150772
0.445123
0.257841
-0.961129
0.554803
-0.520511
-0.820372
-0.235529
-1.212314
0.264446
-2.239741
0.990147
0.600703
-0.007656
2.661511
0.549896
1.411044
0.594790
-0.847050
1.016213
1.281905
-0.131491
0.406904
-0.853917
-0.830639
0.271869
-0.248725
0.086164
-0.472708
-0.908637
0.822667
0.844478
-0.351163
0.102972
-0.222811
1.998528
0.665070
0.950218
0.104501
-0.692463
0.970004
0.370825
0.487023
-1.286137
0.486426
-2.165946
-0.571200
0.904769
0.289218
0.034378
-0.230457
0.279765
1.857630
-0.107273
-0.602291
-0.570770
-0.003335
-0.134915
1.211348
0.497359
1.245374
1.818862
-1.373620
0.373693
-0.995072
1.619663
0.043259
-0.015974
1.232144
0.932622
0.248821
-1.105092
0.435430
0.360324
-1.467575
-0.091358
0.779205
0.261215
1.398069
-0.000366
0.709611
-0.424438
0.449053
-0.602696
1.143230
-1.280345
-0.461131
0.254108
1.149153
1.329623
-0.075261
-0.995494
0.351529
0.146369
0.413828
-0.134748
-1.608905
0.727505
0.035839
-0.855974
1.919575
0.777672
-0.003972
1.821986
0.519839
0.515185
0.215074
1.100700
0.225988
-1.061756
1.017288
-0.477043
0.864583
-0.951546
0.059199
1.071993
2.257124
0.805857
0.500867
-0.232344
-1.212676
-0.175164
1.515846
0.289592
0.584209
-0.286058
0.468052
-0.371791
-1.423398
-2.101531
-0.594695
-0.944274
-0.085846
0.382443
-0.678150
0.719378
-1.248244
1.025010
0.011809
0.088058
0.387282
0.208975
0.889213
0.409176
0.536061
1.439115
-0.919687
1.351216
-0.285778
-0.818664
-0.924039
0.426430
1.065126
0.846092
1.543286
-1.476096
-0.249936
-0.432931
0.057739
0.016038
-0.019919
-1.359040
-1.623598
-0.257764
1.110080
-0.385005
-2.401656
-0.454381
-0.623671
0.391882
1.322622
-0.714052
0.080106
-1.730340
-0.029377
1.140548
0.779178
-1.116998
0.739428
1.388204
-0.557043
0.466428
0.976466
0.894735
0.496639
-1.068484
2.152271
0.473555
0.118226
1.153233
0.768139
0.179001
-0.267626
-2.760261
-0.695694
0.143334
-0.559655
0.886871
-0.129404
0.012515
1.248091
-0.813318
-0.171140
1.091754
-0.447453
1.200254
0.031185
-1.020221
-1.122949
-0.693976
-0.725879
-0.421305
0.223172
0.063722
-0.533438
-0.992367
-0.243562
-0.030734
-1.152069
-0.187268
0.397249
-0.201278
-0.487813
-0.138896
0.781659
-0.405573
1.210478
-0.147628
-0.910970
-0.270870
-0.439242
-0.280316
0.485369
-0.361978
0.919346
0.758353
0.705494
-0.608583
0.157814
0.247087
-0.799970
-0.016116
-0.844094
0.857002
1.474647
-0.493575
0.939359
1.816460
2.206694
-0.476440
-0.403756
-0.387705
0.772564
-1.494936
-0.095371
-1.905427
1.458369
-0.463978
1.837991
0.332558
-0.084595
1.160406
0.323980
1.639279
-0.706884
-0.283416
0.282814
1.053003
0.168371
-0.770683
0.507404
-1.286271
-0.484607
1.439962
-1.522926
0.150160
-0.157376
-0.958405
0.148687
1.813278
1.113318
-0.326065
0.327451
-1.116091
-0.836554
-0.730375
0.550413
1.401745
1.202155
-0.162038
-2.163006
0.390283
0.163329
0.003687
0.392740
0.230636
0.469176
0.282414
0.282498
-1.079987
-1.333116
0.619816
-0.933859
-0.394262
0.628127
-0.306703
0.829712
0.740991
1.372099
-1.658711
-0.103939
-0.472397
0.240782
0.688830
-0.321360
1.498534
1.813278
-1.929882
1.612235
0.537453
-0.162156
1.476743
0.156703
-1.163012
0.960848
-1.637352
0.543233
-1.208304
1.925155
-0.104151
0.019378
0.183571
0.426381
-0.389091
-0.727260
0.030242
0.572610
1.297033
-0.175559
-0.223418
1.099362
1.191536
-0.288182
-0.998377
-1.493921
1.592701
-0.601085
0.352212
-0.054699
-1.168050
1.330728
0.825681
1.698360
-0.630101
1.160290
-1.398773
1.452995
-0.287494
0.692906
-2.155250
0.261023
1.112608
-1.270884
-1.865907
-1.203593
1.041589
1.046510
-0.308356
0.305971
1.033670
0.391039
1.456359
-2.473001
-1.236819
0.799087
-0.039292
2.671029
2.217429
3.181432
1.082662
1.252906
0.974337
1.228521
0.501996
1.606106
0.098905
2.411350
-0.301994
0.927574
-1.546579
-0.639571
-1.378173
-0.295618
-0.088956
0.393284
-1.179770
1.040100
-1.106882
-0.434040
-0.054309
-0.915621
-0.420295
0.365662
-0.084399
0.093758
0.570405
0.687384
-0.479760
0.920952
-0.080109
-1.884840
-0.080426
0.957968
-1.840633
-0.157412
0.011476
0.127379
-0.182583
-0.445942
-0.227419
1.846493
0.260768
0.025178
0.854195
0.550522
1.309794
2.101370
-0.418817
0.628939
2.637012
0.994973
1.217075
1.977820
1.834380
0.406100
1.434992
1.952926
-0.237697
1.929991
0.364043
0.081949
-0.613748
0.053154
0.373573
0.689220
1.957795
-0.239051
-0.382457
-0.180571
0.741674
-1.958321
-0.802494
-0.816516
-0.581064
0.253438
0.398211
-0.997769
-0.676020
1.199616
0.487608
-0.596978
-0.260112
-0.272483
1.705967
1.821986
0.863780
0.337942
-0.515512
-0.105051
-0.201423
-0.342641
0.791984
1.063665
0.797440
0.165613
-0.411338
-0.805552
-1.358546
-0.778703
0.817360
0.161529
-0.043686
0.559614
-0.339681
-0.065185
0.561368
-0.386248
-2.226561
-0.829767
2.022784
0.452708
-0.330631
-0.639940
-0.341228
-0.367397
-0.180702
0.235330
-1.570089
0.233116
0.381184
1.825116
0.687550
0.657984
-0.046604
-1.088881
-0.792961
1.866364
0.628914
0.868256
-0.163321
0.613568
-0.543326
1.104417
0.156460
-1.028674
-0.354316
-0.151832
-0.215300
-0.362266
-2.269474
0.405560
-1.262389
-1.580160
-1.182401
-0.076113
-1.023133
0.335090
-0.389789
-0.267127
-2.370779
1.226975
0.046562
0.957554
0.024834
-0.805276
-1.410560
-0.693569
0.000377
0.208325
1.302642
-0.486758
-0.049035
3.360915
2.166635
-1.521366
0.034523
0.236295
-0.000473
-0.749989
0.280507
1.719075
1.933564
0.591009
1.098438
0.482811
1.249557
1.334244
1.358410
0.800323
0.198698
1.734200
-0.214760
0.100057
-0.762753
-0.796365
1.641579
0.752702
0.114187
-2.149832
-0.295788
0.483038
-0.254742
0.434957
-1.310090
0.887436
0.291228
0.735846
0.437038
0.788239
-0.446398
1.176888
1.018683
0.240535
-0.997375
1.063710
-0.796065
-2.429395
-0.269389
1.567836
-1.210854
-1.242969
-0.325188
-0.495279
1.363574
-0.342472
-0.235460
-0.475192
0.152243
0.287999
-0.602999
0.951823
-0.807270
-1.836549
0.323827
-0.323226
0.116096
0.172967
-1.182306
0.186912
1.380626
0.269553
1.637240
0.161473
0.239909
1.120561
-0.599958
-0.656809
0.787982
-0.033251
1.328386
-0.196641
-0.142097
-0.159693
-0.586962
1.575598
2.336048
-0.617500
-0.456526
-1.749990
0.274212
0.240120
0.181265
-0.538053
0.802708
-0.906718
-0.462563
0.540208
-0.497745
1.005643
1.510775
-0.375385
1.559088
-0.679888
-0.210085
-1.116917
-1.478688
0.137531
-1.469146
-0.508003
-1.052179
-0.098815
-1.417859
1.058038
-0.539288
-0.266802
0.302705
-0.760607
0.926154
0.316051
-0.624491
1.042748
0.731470
2.019638
0.032268
0.663084
1.825116
0.701555
-0.101843
-0.382304
0.209750
1.299816
1.029108
-1.387994
0.480363
0.572212
-0.475316
-0.149473
-0.821699
0.169833
-0.284180
-0.346405
0.170495
-1.054249
0.037805
-2.159811
-0.156058
-0.832599
0.250916
-0.666629
-0.248153
-0.400070
0.661855
0.267742
-0.013648
-0.558909
-2.079794
0.212460
-0.268936
-0.573299
0.743870
0.351625
2.093788
0.368181
-1.308606
0.448660
-1.057807
-0.525519
0.328328
-1.611676
-0.687853
-0.358163
-0.990436
0.767491
-0.082899
-0.854814
-0.524992
0.245571
0.120553
1.820427
-0.083430
0.964805
-1.054483
-0.947761
0.561262
-0.325599
2.347552
-1.369555
0.070565
1.820427
1.687787
-0.368245
2.499256
0.145753
1.812594
0.336565
-0.766195
-2.228561
0.250647
0.183630
0.212591
0.550919
0.335160
0.052157
1.825116
-1.572958
0.108516
0.002948
0.280099
-0.081378
-0.119738
1.783708
-0.192954
0.314888
0.071025
0.198873
-0.817463
-2.093208
0.775305
-0.562729
0.473537
1.856748
1.667554
-0.227269
0.504854
-0.667258
0.703321
-0.702053
1.639567
-1.614171
-0.115066
-0.041429
0.290754
-0.395496
-0.867606
-0.263342
0.009631
-0.224476
-1.578342
-1.064931
-0.214880
0.192507
-0.233298
0.782961
1.058731
-1.194037
0.464028
0.062963
0.701770
0.146969
-1.137549
0.317465
-0.754813
0.638466
-0.675821
-0.293489
0.232025
-0.249909
-0.297297
-0.103623
-0.205260
0.710867
0.270984
-1.431454
-0.386697
-0.806905
0.764896
0.300086
2.892626
0.475395
-0.129643
0.122041
-0.629987
0.441872
-0.170462
-1.037606
-1.653963
-1.215796
-0.484292
-0.791911
-0.052075
-1.187540
0.135457
0.007820
-1.595552
1.174849
-2.798560
-0.893868
0.036118
-0.740272
0.012235
0.479044
0.546395
0.893519
0.231394
-0.438346
0.332403
-0.241899
-0.353915
0.133471
-1.509634
-0.208482
1.651965
-1.411229
0.258193
0.953260
-0.069203
-0.011785
-0.182821
0.808017
-1.041162
-0.349803
0.697359
-0.094923
-0.467753
-0.186832
-1.241758
-2.360730
0.214395
0.560689
0.676618
-0.780865
-1.334682
-0.697578
-1.924034
-0.119580
-0.733567
0.949754
1.823553
0.901499
0.308910
0.658359
0.014662
-0.973449
0.075248
-0.345820
1.083439
-0.160494
0.563706
1.121144
1.089909
0.539426
0.269309
0.475550
0.197728
-0.528357
-0.708173
-0.495075
0.890079
0.700648
-0.290732
-0.131627
-0.411056
-0.837459
-0.181444
0.427295
-0.614987
0.958344
-1.287248
0.253289
-0.369798
0.772453
1.823553
-0.459484
0.505521
0.704833
-0.546808
-0.056208
1.035791
0.452928
0.226454
0.450591
-0.521188
0.461556
-0.335278
0.452227
-2.086889
-0.485863
0.824142
-0.418970
-0.886983
0.484545
0.732367
-1.450788
-2.264416
0.015005
0.690291
0.076502
-0.474201
-0.420664
0.684932
0.154408
-1.337692
-0.085548
1.053298
-0.610118
-1.260069
2.073003
0.025665
0.190979
0.902007
-2.131162
0.271856
0.679013
0.239137
-1.118701
0.046301
2.004826
1.232965
-0.625320
0.068849
-0.020011
-0.738509
0.511805
-0.899048
0.631804
0.181188
-0.838685
0.602308
-0.549009
0.986856
0.195511
-1.648379
-1.793066
-0.091713
-0.956598
-0.738027
2.342183
0.553440
-0.309839
0.644902
1.381110
0.030761
2.200867
-0.722271
-1.125710
0.713149
0.391121
-0.489259
0.147995
0.462781
-0.603457
0.163339
0.674288
-0.237576
-0.578956
0.454608
0.965837
-0.910091
-0.206863
-0.362328
0.463251
-2.701257
0.310141
0.095029
1.706672
0.418998
0.705032
-0.479916
-1.033715
0.050208
0.285642
-0.891642
-0.090654
-0.555862
0.694844
-0.938982
0.093250
-0.618800
1.131928
-0.021499
0.332345
-1.684775
0.544563
-2.077180
-0.111023
0.566948
-0.199174
0.845351
0.373869
0.237061
-1.016588
-0.348291
-1.588539
2.204801
0.445859
1.823553
-0.651973
-1.260701
0.448475
-0.863831
1.825116
1.821986
1.885121
0.128518
1.372809
2.372510
0.378131
0.499571
0.873318
1.319676
1.540529
-0.567593
1.689276
0.390821
0.195132
0.119100
-0.676096
1.449907
-0.205307
-0.878987
0.537503
-0.204383
-0.208128
1.120861
-2.655864
0.038465
-0.176667
-1.207998
-0.512437
1.041025
1.596047
0.310920
0.759535
1.500824
2.107135
-0.636131
-0.940877
-0.516218
-0.009134
2.707753
0.250166
0.236662
-0.559237
1.048960
-0.276151
1.032809
0.436563
-0.198134
0.339405
-0.570066
0.971464
-1.288197
0.428341
-0.706279
-0.013669
-1.565906
1.748007
0.746240
0.949699
0.627810
0.431299
0.625857
0.110878
0.452432
0.453716
-0.935921
0.518804
-1.611707
0.057967
-0.304746
-0.222902
-1.920646
-1.332366
1.486454
-0.108048
-1.845879
1.232625
-1.071054
0.554187
-0.772150
2.088284
2.174494
-0.040034
1.084624
-0.734353
0.312470
-0.137624
0.097750
-0.446431
-1.195157
1.823553
0.509499
-1.166843
0.766378
1.579142
-1.392789
-0.538418
0.434199
1.418966
1.823553
-0.013425
1.055824
-0.289886
-0.950868
-0.407591
-0.534166
1.300345
0.702986
0.479057
0.276732
1.081496
-1.056854
-0.783982
0.136551
1.690745
0.851604
0.979699
0.110873
-1.754735
1.082963
-0.163823
0.661802
1.364584
0.443474
0.278856
-0.032494
-1.697261
4.032953
-1.211046
-1.750491
-0.206750
-1.515431
0.237344
-0.804907
0.884925
0.918146
0.426935
1.389264
-1.563497
-0.218764
-0.089611
-0.640112
1.735248
0.635462
0.315394
0.522271
2.646513
0.242182
0.978301
-0.172389
1.825116
0.108700
-1.123732
-0.368853
0.316730
0.015480
-0.157794
-2.157701
0.186929
0.120891
-1.116752
-0.679509
0.513996
0.231314
0.658398
0.413045
0.145626
0.555123
-0.198453
-0.054463
0.430077
0.289842
-0.092919
1.161860
-1.904038
-1.012300
0.550088
0.603744
1.812971
0.142911
0.056185
0.143231
1.103669
0.962717
0.388780
0.753860
-0.967859
-1.414629
-0.347667
-0.136301
0.609082
0.944444
-0.125841
0.402619
0.764904
1.078111
-0.390268
-0.813744
1.151044
1.548921
-0.174134
-0.753356
0.536793
1.823553
0.123362
0.936563
0.904617
0.224277
1.836878
-0.616154
-0.985247
-0.753584
-1.021662
-0.210754
-0.215955
-0.273012
-0.042905
1.692358
-0.747340
-0.553211
0.261204
-0.639090
0.554463
1.000083
0.702845
-0.017341
1.099111
0.533573
0.852078
1.804081
-1.155919
0.568874
-0.746940
1.545632
1.713072
0.037751
2.249019
-1.242705
0.540625
0.201095
-0.701606
1.944141
1.137725
0.913402
-0.271447
-0.897986
0.468550
-2.473179
-0.031387
-1.439103
0.997965
0.795512
0.845532
-0.472991
1.140734
0.229765
0.461264
-0.225905
0.524607
1.402578
1.814699
1.003963
1.662363
0.919310
0.467290
-0.196938
0.351236
-0.319497
-0.832981
-1.044240
0.612711
-0.275717
-1.409976
-0.183593
0.683940
0.209188
1.397386
0.561947
-1.396670
0.122115
0.058328
-0.583186
2.146036
-0.350843
-1.005866
-0.758788
-1.140132
-0.235546
1.975348
-1.991646
0.137844
0.461668
0.721207
-1.106589
-0.770034
1.288480
0.094892
0.900220
-0.097829
0.146494
0.480519
-1.234836
1.374770
0.924480
0.733844
1.264626
-0.094403
0.003933
-0.098304
2.135514
1.071789
-0.152470
0.725654
2.897505
0.587434
-2.005279
0.606453
1.109239
-0.358611
-1.103399
1.545332
0.213689
-0.530118
1.988637
1.370568
0.384004
-0.101262
1.224036
-0.402197
2.054986
-1.865559
1.823553
-0.672115
1.228069
0.363723
0.621147
0.556430
1.032815
-0.309753
1.968502
1.098094
-0.063598
-1.096588
0.983705
1.806543
-0.209718
-1.049664
1.275165
-0.084858
0.802752
0.795941
-0.416682
-1.490043
1.320006
0.146982
-0.017672
-0.551023
-0.746107
-2.260488
0.811307
-0.179106
0.220788
0.728370
0.896931
0.498672
1.852403
-0.539612
-1.141663
-0.047572
-0.685613
-0.588614
-1.420384
1.307722
0.825825
-0.722157
0.231420
-0.591843
-1.316765
-0.206508
-1.349534
0.926039
0.031211
0.490334
-0.346146
-1.973516
-1.714920
0.760024
-1.150003
-0.626359
0.945947
-0.355603
0.330637
-0.483814
0.416686
0.940692
-0.132812
-0.210618
2.265128
0.363029
2.259657
-0.375478
1.296217
-1.442119
1.429027
-0.877248
1.018833
-0.726241
-0.390974
-0.795939
1.956734
0.714920
1.818862
1.795923
-0.530546
-0.288518
-0.095221
0.234529
-0.956077
-0.150809
0.306489
1.240618
0.178869
-0.174988
1.823553
-0.948132
0.817134
0.517800
1.108627
0.108963
-1.081422
-1.877501
-1.212155
-1.677590
-2.303525
1.310533
-0.066238
0.014684
-0.035886
1.825116
0.905442
0.057240
-0.950100
-0.528679
-0.003315
-0.327454
0.588494
-0.075511
-0.572527
0.159345
-1.213506
1.378149
0.971870
-0.869411
-1.800038
0.527733
0.026591
-0.248220
-0.054055
0.264208
0.363499
0.425215
-1.541121
-1.188804
-0.601224
-0.638223
0.423772
0.818075
-0.381997
-0.573299
-1.574090
-0.722789
2.398848
0.777373
0.615595
0.881079
-0.332202
0.019313
-0.078166
1.672198
-0.239538
0.502992
0.254869
-0.177104
1.243486
-0.726644
0.696175
-0.038101
-0.451825
0.852664
-0.201359
0.001699
-0.789961
0.303265
0.577168
0.386826
0.996194
1.152535
-1.062310
-0.357615
-0.012108
-0.701763
-0.816873
1.263119
0.141269
-0.713795
0.317326
-0.462180
-0.907656
1.392776
1.718323
0.929302
-0.219158
-1.771697
0.670641
-1.217485
-0.586655
-0.388250
-0.883879
0.852034
-0.570667
0.850461
-0.178670
-2.439362
2.063268
0.261760
0.403617
-0.925947
0.866921
-0.531722
-1.603486
0.664369
-0.087784
-0.105636
0.628361
1.571203
0.977807
-0.474476
-1.273713
-0.092813
-0.655006
0.866404
-1.274042
-1.108464
-0.496126
0.736378
0.230887
0.022173
0.872829
-0.275987
0.645347
0.693735
-0.612290
0.995922
-2.219615
-0.605225
-0.371209
-1.620311
0.607169
0.680071
1.128681
-0.640884
0.537524
0.215943
0.164815
0.866192
-1.184000
-0.897109
0.228388
0.448210
-0.220696
1.242416
-0.887729
1.363151
-0.562343
1.267345
0.076412
-0.136590
-1.349524
-0.840947
-1.000571
0.495903
0.387410
-0.491194
-0.728005
1.001106
0.543450
0.713883
-1.003780
-0.731932
1.257287
1.559717
0.033995
0.808748
-0.646710
-0.683465
-0.722826
-1.305114
0.174131
-0.371605
-1.646220
-0.270706
-0.204105
-0.528882
-1.098070
-0.066131
-0.081227
1.844944
0.664361
0.773771
0.199196
0.115145
0.217967
0.254163
0.345632
-1.297202
1.359758
-0.595193
0.199718
-0.693996
-0.289477
-0.277588
-0.072447
0.720651
-0.057530
0.613905
-0.145537
0.299784
1.287931
0.828686
1.359550
-1.272481
-1.650298
0.104432
1.312239
-1.979948
-0.508587
-1.102270
1.362713
0.464370
0.241511
-0.715639
-0.387503
0.884358
0.306798
0.221792
2.710634
0.210788
0.730695
1.337346
2.578793
0.202829
1.382949
0.352669
-0.128658
-0.654504
0.403678
1.062328
1.191531
1.242465
0.081662
-0.149606
-0.213417
0.393300
-1.533916
0.378817
-0.169115
-0.268925
0.740632
-0.253993
2.717356
-0.035615
0.844133
0.410399
1.289983
-0.550268
2.092281
-1.156066
0.037810
1.203292
-0.384848
-0.666932
1.474803
-0.077940
0.289591
-0.149294
1.818000
1.825757
-1.117246
-0.811990
-2.561628
0.392402
-0.239421
-0.200623
0.245968
-0.488208
0.330420
0.775377
-0.579112
1.104640
1.166490
-0.123856
0.175099
-0.926252
-0.328488
2.778578
1.750347
0.049341
1.825116
-0.625716
0.801145
-0.571751
-0.843519
1.191155
-0.085186
2.208585
-1.625319
0.966582
0.202482
-0.513273
-0.722590
1.820427
-0.726777
1.821986
1.820427
1.828239
0.486041
0.592619
0.617064
0.751934
1.849156
1.976645
0.981946
0.098023
2.781287
0.496729
1.909533
0.428481
0.990707
2.347381
0.624376
2.626432
-0.158003
-2.152731
-2.698954
-0.129698
1.439416
-0.140494
0.976780
-0.979485
-0.343075
-0.693284
-0.455781
0.212601
0.664161
0.138399
-1.009172
0.181331
-0.323389
-0.154080
0.064744
-0.757896
-0.685590
-0.780371
-0.003813
-0.774485
-0.177274
0.051068
-0.648665
-0.454679
0.314877
0.436124
0.554493
0.783601
1.224857
-0.298354
0.885770
0.684844
0.253824
-0.707673
-0.256114
0.211217
-0.993257
-0.105599
0.324232
1.355254
-1.026231
2.148906
1.009303
-0.774848
0.590310
1.009849
0.127718
2.272666
-1.425670
-0.063475
-0.997289
0.406667
-0.155629
-0.475510
0.457165
0.245015
-0.119353
-0.280290
-1.440925
0.202287
0.793249
-0.674266
0.519703
1.069699
-0.392530
-0.183478
-1.197253
-1.448089
1.131532
-1.967408
-0.044675
2.123430
0.749190
0.607721
0.153002
0.152512
0.774366
-1.884987
-0.155518
-1.756237
-1.222267
-0.833220
0.004983
0.323027
0.573208
0.021718
0.901437
1.439379
0.141603
-0.956343
0.442152
0.291342
1.151602
0.109998
1.031487
0.310421
0.550822
1.210156
-0.800893
-0.342998
-0.184090
-0.374779
1.443045
1.508718
-0.810730
0.100707
-2.679173
0.279191
-0.194872
-0.577769
0.351237
-0.156824
-0.526485
-0.869898
-0.243586
1.299494
1.932019
-2.167019
1.250211
0.096971
0.461710
0.730011
-0.823298
0.862465
0.328736
1.522845
-0.992776
-0.446038
0.795737
-0.980098
0.334195
1.816119
1.573058
-1.757254
1.019899
0.524027
-0.255422
1.030727
1.602821
-0.198842
0.173358
-1.122541
-0.811766
2.604037
-2.106746
0.992638
-1.013994
0.938422
-0.759661
-0.399842
0.995434
0.177031
0.835970
-1.921890
0.362616
-0.797481
-0.891515
1.356002
1.061897
0.494430
0.150714
-1.929726
0.867281
0.411587
1.990502
-2.389861
1.226071
-1.704874
-1.547268
-1.408114
0.391449
-0.225672
-0.088533
-0.936257
0.697264
-0.603468
-0.553464
-0.951064
0.592253
-2.200571
-0.243863
0.466234
2.162889
0.328033
-1.192152
0.217067
-0.720584
1.039159
-2.270023
1.225284
-1.043901
0.457922
0.969809
-0.493592
-0.233019
0.033199
0.462128
-0.078416
-0.304242
0.413648
-1.017720
-0.221054
-0.163975
-0.032734
-3.513510
-0.023091
-2.055399
2.351283
0.068931
-0.229390
-0.396988
-0.036440
-0.598007
0.382028
0.711367
-0.209844
1.397102
0.322381
0.695304
-0.616970
-0.116816
-0.617673
-0.005134
0.787703
0.128456
-1.257681
-2.659513
-0.133180
0.189132
-0.523441
-0.132354
-0.572428
1.966603
0.585368
1.536672
-1.742569
0.582304
0.254320
0.608565
-0.175434
-0.677137
1.049360
0.879858
0.356478
-2.424324
1.541838
1.760164
0.801984
-0.478731
-0.320979
1.106875
0.265465
1.109687
0.711549
-0.313050
1.011921
-0.308299
0.481770
-2.016646
0.149005
0.125542
-1.357591
0.000626
0.319152
-0.182661
0.467666
-1.056969
-0.842414
0.327512
1.844299
-1.673381
2.072647
-0.030248
1.195521
0.407511
-0.957711
-1.007842
-0.920786
0.188465
-1.682175
-0.146929
-0.378428
-0.042911
1.800553
1.736966
-0.171079
0.224232
-0.562769
-1.052363
-1.783603
0.212769
-1.002941
0.139065
1.273976
0.379582
-1.225807
1.006794
-0.488849
-0.299648
0.356903
-0.309619
-0.247704
1.862090
-0.081948
-1.065749
-0.290538
0.650533
-0.901404
0.111164
0.071666
0.809098
-0.369018
1.531771
0.576270
-1.859378
0.453041
0.223336
0.828930
-1.535775
0.683008
-1.431311
0.693459
0.082092
-0.140420
0.492751
0.553850
-1.415604
0.801248
0.306270
0.997957
-1.034884
1.354999
-0.865957
1.646721
1.180012
0.896245
-0.705721
-0.403070
-0.915771
0.455337
1.445132
-0.922339
1.420007
0.289461
0.104594
1.107896
-0.905377
-1.015577
1.365840
0.619025
0.858533
-0.247065
-0.970791
-0.804041
0.007660
0.181586
-1.267638
-2.623252
1.136206
-1.089161
-0.915044
1.557864
-0.508834
1.022069
-0.595040
0.514734
-0.478305
-0.156690
-0.355465
0.632716
-0.643032
1.821986
1.207066
1.895085
1.049416
0.398978
1.820427
-0.499097
-0.935343
-2.045386
-1.353858
1.594240
-0.024846
-0.641531
0.673361
0.146762
-0.253442
1.018967
0.817972
0.285611
-0.422475
-0.618501
0.352674
0.437905
-0.221419
0.356394
-0.301945
-2.424061
-1.991268
0.274814
0.675142
0.867938
0.723309
1.909088
0.056046
-0.092162
-0.542859
0.060861
-1.925633
0.377995
-0.620532
0.769299
-2.874177
-0.632160
0.929283
-1.043841
-0.222164
-0.260041
0.712045
-0.406623
0.881863
-0.606521
-0.653308
-1.756675
-1.097540
-0.726261
1.362251
0.433210
0.353249
0.118247
0.435910
0.511297
0.109680
0.373752
-0.999383
-0.040770
1.183189
0.681775
0.799876
0.567618
0.611344
0.280237
-0.682410
-0.169262
-1.219114
1.359429
-0.526839
0.487572
0.730428
2.166752
-0.968085
-2.454071
-0.800366
-0.172710
0.870170
-0.192132
-0.713740
0.321689
1.089782
-0.556647
-0.366027
1.919441
0.111351
-1.296131
0.590446
0.166392
-0.565562
-0.692080
2.452444
-0.449303
1.633998
-0.901976
-1.201687
-0.624158
-0.901523
-0.098253
-1.751064
0.287907
0.703060
3.044464
-1.679340
-0.130182
0.784255
0.398584
3.311053
-0.178671
-1.135955
-0.396214
1.978828
1.263386
0.107040
-1.233505
-0.219258
-0.928002
-0.567006
-0.717820
-0.684285
-0.516347
0.784226
-0.583887
-1.106429
1.761820
-0.192611
-1.635651
1.423212
0.711835
0.118117
0.114045
-0.541121
-0.946865
-2.076489
-1.954065
-0.149992
-2.081881
1.823553
-0.469831
-1.086287
-0.255929
-0.413083
-0.054949
0.578277
-0.265860
0.372157
0.294868
0.460490
-0.308623
-0.142843
0.940670
-0.219712
-0.890934
-0.259470
-0.272232
-0.110408
-1.697203
0.404032
-0.206415
-0.540061
0.759136
-1.752179
-0.994588
-0.534331
0.333294
0.272019
-0.161070
0.238161
0.045877
0.374778
0.071933
0.138568
-0.330087
1.078025
-1.305211
-0.129843
0.077230
-0.071594
-0.566147
-0.081496
-0.345329
0.645020
1.823553
0.394691
-1.425501
-0.696646
0.365470
1.460163
1.308581
-0.872815
-1.469813
0.964194
-1.729985
-1.923463
-2.206795
0.810318
1.088586
0.904000
-0.909416
-1.191303
0.875711
0.281189
0.973991
-0.889602
-0.761070
1.200148
0.779647
-0.527814
0.802177
-1.283280
-0.221413
-0.615867
-0.236136
-0.016585
0.361007
0.511049
0.556350
1.838733
-1.283355
0.220304
0.951403
0.816467
-0.953288
0.285444
-1.180628
1.218678
-0.749176
-0.467416
0.721078
2.004106
0.215736
-0.475996
0.108754
-0.175645
-0.484694
0.992082
-1.678863
0.773982
-0.298083
-1.165413
-0.396316
-1.770090
0.623815
-0.323863
-0.166143
-0.453586
0.463269
0.224111
-0.946999
-1.264053
-0.682777
-1.384920
-0.623693
0.044043
0.917370
0.331223
-0.329968
0.468512
-2.248257
0.255982
-1.424092
0.579208
0.620901
1.009645
-2.022125
0.996045
-0.114594
0.977167
-0.692626
1.342618
-0.857734
0.242768
-0.503388
0.295244
0.980765
1.275509
-0.027833
-1.334636
0.839778
-0.408128
0.967322
-0.074806
-0.590672
2.189774
-0.155318
1.493447
-1.110491
-0.959269
1.529331
-2.155562
-0.581070
1.410646
0.520232
-0.722113
0.809441
0.392660
-1.598320
-0.114712
1.405015
0.224792
0.619382
-0.405484
0.058019
-0.167273
0.423467
0.256485
-0.887093
0.606248
-1.314827
0.681366
-0.686913
1.582865
0.249406
-1.203902
0.531373
-1.263660
-0.783561
0.416810
0.253685
-1.483608
-0.677460
0.891120
0.443074
0.233731
-0.546105
1.202335
0.509719
-1.044731
0.438583
1.103943
-0.411977
1.205763
1.586661
-1.188753
-0.309766
-2.228371
0.691611
-1.240786
-1.023179
0.650732
1.025143
-0.386695
0.005831
-0.989791
-0.567426
0.235710
-1.205793
1.071448
1.954911
0.362977
0.078739
-1.305191
-0.816337
0.296497
-1.128605
0.045159
-0.660452
0.346250
0.851541
-1.651794
1.028379
0.383226
1.494911
0.235896
0.120312
0.013761
-1.267741
2.354213
0.346675
1.633713
-0.754499
-1.157657
-0.360590
0.932580
1.626952
-0.613855
-0.247000
0.812117
0.763246
0.677600
0.469631
0.052124
-0.305692
0.140714
-0.138193
0.026821
0.063162
-0.488555
-1.010655
0.153653
-0.543858
0.173287
-1.200993
0.131626
-0.629189
-0.930165
1.986846
0.223944
-0.746275
0.602086
-0.748507
0.046623
0.209248
-1.795738
1.064671
0.924844
0.623181
-0.430705
-0.507804
-0.231467
1.820427
1.820427
1.437998
0.420421
-0.333554
0.295403
2.392592
1.745619
0.728082
-0.111634
0.742553
-0.058731
-0.129684
-0.129210
-0.185277
-0.219296
0.166699
-1.809904
-0.332286
0.917468
-0.492297
-1.914878
0.114584
0.448306
0.180254
1.952509
0.514835
-0.212934
-1.078184
-0.258132
0.173597
-0.751525
1.130452
0.698868
-0.371596
2.005119
-0.087243
0.010919
0.061521
-0.240631
-1.238654
-0.515090
-0.077893
-0.522916
0.750803
-0.186508
-1.115898
2.121622
-0.772995
0.286738
1.820427
2.133921
1.805651
-0.067953
1.097622
0.064885
0.193268
-0.288713
0.181184
-0.140470
1.683672
1.301494
-0.395986
-1.008449
0.759090
-1.260900
-0.980504
-0.739825
-1.066395
-0.067810
-0.937144
-0.131999
-0.102914
0.551524
0.139157
-0.031369
-0.473879
1.826674
1.825116
0.490681
0.872370
1.262579
-1.216502
0.212486
0.108322
2.020333
-0.202295
-0.175377
1.671748
-0.779915
0.886661
0.877402
1.333959
0.787174
-0.680860
-1.144309
-0.415717
-0.812155
-0.253829
-0.669972
0.240966
0.274915
-1.416475
-0.021372
0.076564
0.999872
0.646281
0.514091
-0.870738
-1.214346
0.233073
1.076856
0.665056
0.483625
0.342949
0.742221
-0.832313
0.724542
-1.124658
0.671142
-0.968243
0.376533
0.439848
0.800636
-0.582722
-0.226873
1.295843
-0.629142
0.815174
-0.829208
-0.178798
0.652178
-0.279742
-0.530039
-1.202110
1.829984
0.197609
0.779492
0.366388
-2.415215
-3.536951
-0.907511
-1.675473
0.366632
-0.023518
-1.256080
0.318544
-0.935090
1.836416
-0.763939
0.586282
-1.302871
1.221753
0.256997
-1.338799
-0.101630
-0.500225
0.392250
-0.872774
-0.050812
-0.914102
-1.222586
-1.382739
0.256142
-0.557330
0.491540
1.914485
-3.327543
-0.946724
0.790037
0.136709
1.102868
-0.826288
0.362893
-1.359621
-4.301785
0.346114
-0.156423
-0.699161
-0.083830
0.307060
-0.653474
1.386291
-1.528020
-2.563372
1.066705
0.469412
-0.023494
-0.731557
0.186173
-0.067896
0.209633
-1.938905
-1.936049
0.713971
-0.179858
0.631847
0.217479
1.393317
-0.290715
-0.381604
-1.629241
0.730548
-0.016154
-0.025415
0.446483
0.414209
0.102107
-0.568914
-0.506652
-0.456112
-1.938223
-0.511066
0.968873
1.890076
-0.176786
0.721104
-0.405884
0.716050
0.276301
0.472744
1.941443
0.380826
-0.548483
0.402510
0.111416
0.095924
-0.890035
0.854484
-0.277532
-0.763284
-0.732316
-0.930602
0.844628
-0.742232
-0.308229
1.096432
-0.426791
-0.863623
-0.828511
-1.049256
0.116578
0.250803
-0.080830
0.631479
0.719789
-0.551261
0.174947
0.060992
1.386929
0.394017
-0.190896
-0.002569
-0.801601
-1.693967
-0.310399
0.440748
-0.039354
-0.315202
1.477721
0.498579
-0.241009
-0.537599
1.268554
0.800747
-1.494125
1.166196
-0.108952
-1.490252
0.583073
0.559246
0.853300
0.012754
0.814275
-0.845042
-1.315655
0.174454
-0.707578
2.165643
-0.129671
0.102199
-0.400227
-0.531589
0.948108
-1.935414
-0.529656
-0.773139
-0.400479
-0.578176
-0.687119
0.870384
-0.802828
-0.769305
1.661754
0.301714
-0.798478
0.384768
0.071774
-1.137375
-1.525104
-0.049091
-1.434116
1.535930
-0.837295
-0.878386
0.144416
-1.847960
-0.482787
-0.809403
-0.611854
0.150271
0.159176
2.000297
1.049012
-0.426296
-1.656557
-0.250257
-1.397606
-0.237107
0.845198
0.557027
-1.305716
0.836229
-1.092117
-0.144038
-0.497775
-0.854595
-0.273308
0.221366
-0.304870
1.823553
0.409118
-0.561613
1.269672
0.048257
0.513629
0.043875
0.215384
0.431548
-0.345373
-0.537151
-1.098531
0.549654
0.453875
1.203433
-0.968582
-1.208099
-1.155567
1.533941
0.932767
0.961871
0.220396
2.208585
-1.245305
-1.038604
0.288683
1.840053
-0.787070
-0.411323
0.573691
0.951645
0.139256
0.052407
1.114197
1.257662
2.150723
2.711502
0.782906
-0.265404
0.430870
1.291337
1.052458
-2.928177
1.090870
0.465806
-1.034750
-0.046359
-1.369668
0.768738
0.087366
-0.330796
-0.813204
-0.582611
-1.225138
0.523492
-0.558142
-0.027975
0.842954
-0.736812
-0.683415
0.282311
-0.150423
-0.182308
-0.985959
1.863867
-0.498983
-0.330938
1.009728
0.176492
-0.313854
-0.909968
0.016933
0.139356
0.317087
1.901543
0.301718
1.912106
-1.152609
1.310778
-0.235172
1.375556
-1.466057
1.261386
-1.011069
1.166547
-0.034749
1.659555
-0.273124
-0.394714
-0.220411
0.236872
0.297722
0.539982
-1.218050
-1.763599
-0.232875
-0.255392
-0.203703
0.101628
0.639728
0.046582
-0.086610
-0.260666
0.664688
0.469011
1.412981
0.511378
0.278884
0.613961
-0.670955
0.649713
-0.406233
1.560413
1.258716
-0.570698
-0.298097
0.503370
-0.518063
-1.450770
-0.979302
-0.990252
-0.374422
-0.953448
0.094585
-0.388030
0.405200
-0.812904
-1.439926
-0.142833
-0.151525
1.326360
2.142316
0.001981
0.548077
-0.081985
-1.375283
-1.051816
0.317221
-1.163930
-0.080180
0.350909
-1.281386
-0.730144
-0.145006
-0.027993
-0.093400
1.052758
-0.454943
0.519835
1.126140
1.742971
0.695707
0.300181
0.189842
1.140886
0.032317
0.594411
-0.337995
0.069883
-0.530291
-0.317070
0.232928
0.085032
-0.657127
-1.726797
-0.341689
1.561945
2.284150
0.502100
1.888179
0.909015
-1.030841
0.899569
0.935476
-1.421848
0.122637
-0.125974
-0.019487
-0.512347
0.011478
0.643735
0.669863
-1.119218
-0.395265
-0.164569
0.446640
-0.235198
-1.515506
1.069437
-2.015259
-1.097337
0.351896
0.783993
0.294018
0.761544
-0.178657
0.555090
0.808121
0.663894
-0.868765
-0.289106
-0.391707
0.502271
0.980266
-0.120211
-0.740105
-0.539008
1.119677
1.316989
0.688555
0.133528
1.487662
-0.748257
-1.918526
1.657758
0.553368
1.484045
-1.147008
-0.307119
0.194236
0.697448
-0.263629
-0.248821
0.961465
-1.600943
0.003338
0.758550
-0.653165
0.566347
-0.030699
-1.337145
0.691238
-0.368344
0.320757
-1.693325
-2.028920
-0.459710
0.983643
-0.262660
-1.437113
-0.592560
-0.226816
0.412830
0.475116
0.322142
1.668341
-1.605336
-0.992925
-0.006863
0.626623
-0.081755
0.553047
0.467561
0.571526
0.676585
-1.285077
-0.604580
-0.883133
-0.276988
2.464213
-0.357978
0.051120
-1.979943
0.447322
0.614425
0.388550
0.470346
-1.364702
-0.164788
0.493094
-1.319889
0.563773
-0.398579
0.685141
-1.128793
0.387889
0.212367
-0.967605
0.314625
1.831365
0.051750
0.828052
-0.813910
-0.160242
0.452224
1.769545
-0.862734
-2.191199
0.007428
-0.995369
0.290103
-0.666175
-0.594310
0.143936
1.817301
-1.831459
0.008161
0.343414
0.744697
0.464637
-1.704227
0.586213
-1.264446
-1.035709
-0.102007
0.798570
0.751393
-0.062938
-1.619537
-0.235738
1.006440
-1.101065
1.317604
-0.379035
-0.796653
1.679279
-0.503879
0.135348
-0.349038
0.227222
0.325720
0.550910
1.590998
0.200147
-1.672068
-1.638830
-0.697243
-0.626190
-1.826384
0.973065
-0.588804
0.810004
-1.146962
0.241608
0.020751
-1.221572
-1.633230
-0.304739
-0.680912
0.109116
0.603186
-1.568381
-0.374661
-0.836677
-0.053117
-0.605103
-1.190561
0.369166
0.453571
-0.318287
-1.974621
-0.756865
-0.014974
0.391660
-0.763875
0.130681
-0.067091
-0.482915
0.158008
1.430182
-1.953159
-0.966702
-0.480645
-0.393063
0.055631
-0.221781
-1.426709
0.309831
-0.192602
1.451542
0.705839
0.555027
-0.220997
0.722842
-0.073541
-0.921577
0.357227
0.767033
1.825116
-0.013507
-0.967178
-1.652103
0.685495
-0.902220
-0.316744
-0.074201
0.764596
0.555707
-0.052548
-1.099133
-0.730887
0.579846
0.321439
-0.290808
0.443004
-0.896331
-0.246801
-1.222272
0.038863
-0.245483
-1.690653
1.043453
-0.642020
-0.974579
-1.083344
-0.708728
0.377952
1.037898
0.361407
-1.739082
1.739299
-0.545848
-0.895508
1.184079
-0.138861
-0.917091
-0.814929
0.233902
0.922512
-0.082206
0.108906
0.626232
1.820427
1.790725
-0.502686
0.573623
1.874328
1.219087
1.127203
1.400990
-0.325358
-0.179337
-0.815888
0.465942
-0.023894
-0.384659
0.251267
0.273633
-1.053163
1.826985
0.747559
-0.289829
-1.089230
-0.009375
-0.521396
-0.489956
-0.580714
-0.586359
0.874177
1.133532
-0.505404
0.082723
0.491115
0.569709
0.135482
-0.344070
-0.205876
0.220212
0.255147
0.629827
0.463532
0.305486
-0.215912
0.227252
-0.091860
1.005123
-0.934048
1.701343
0.805795
0.964897
0.977435
0.944918
-0.345623
-0.336082
0.600777
-0.185996
1.480612
-0.941823
-0.068255
-0.440719
0.194180
-0.761828
-1.072524
2.071724
-1.582271
-0.113108
-0.186597
-1.377908
0.513106
0.646468
-0.784070
-0.617419
-1.801150
-0.064449
0.397283
1.882184
-0.096705
0.171167
-0.219693
0.071238
-0.981462
-1.320877
-1.008638
-0.815394
0.221442
0.301504
-1.311577
-2.685834
-0.875607
-0.339284
1.823553
-1.013851
1.136245
-0.324450
0.164671
0.733511
0.361615
-1.545974
0.627273
2.060406
0.878458
-0.056755
0.837864
0.456260
0.327494
2.371505
-1.366970
-1.297033
0.602450
0.297916
-0.547835
1.176034
-2.862565
1.574229
-0.240209
-0.003258
-1.297797
-0.138640
-3.140538
-0.262090
0.877569
0.089742
-0.296105
0.309109
1.764171
0.940437
0.404998
-0.727708
-0.004677
-0.666922
0.558037
0.719259
0.508797
-0.161593
0.302294
0.114099
-0.934171
1.097792
-1.779326
-0.107933
1.368496
0.012607
0.445888
-1.016103
-0.183377
0.601576
1.825116
0.260232
-0.611645
-1.217954
0.535320
0.348729
0.773879
0.317764
-0.147358
-1.134436
-0.466574
-1.381277
-0.118591
-1.279619
0.411633
-0.982559
-0.525557
2.138504
0.757591
-0.403966
0.335576
-0.198723
1.014032
1.823553
0.004557
0.303902
0.677952
1.241314
-1.136582
2.024323
-0.481829
0.382028
0.763018
-0.556545
0.169660
0.673488
1.428484
-0.090005
-0.350376
1.004153
-0.492895
-0.026527
-0.118464
0.225375
0.973251
-2.125348
-0.638352
-2.395608
0.274918
0.316556
-0.477543
-1.275815
0.232948
0.710323
1.377486
-2.008955
0.167018
-0.617774
-1.145462
1.821986
1.721026
0.055095
-0.265792
0.124510
-0.610519
-0.404543
1.825116
1.820427
1.754869
0.176737
0.117780
0.658155
0.344396
-1.782921
-0.124450
0.656585
0.329961
1.531533
0.407848
0.109915
0.158858
-0.723135
-0.112760
-0.297114
0.699843
-0.816661
-1.729687
1.347262
-1.486485
-1.651975
-0.005455
0.783409
-0.735002
0.438148
0.636344
0.196230
-1.207796
-0.410075
-0.261143
0.855516
-0.236078
1.468526
-0.880183
-0.190977
-0.139237
1.415081
-1.228213
0.038708
0.239925
-0.959644
0.576528
-1.193741
1.586971
-0.994680
-0.579867
0.364190
-1.694168
-1.804559
1.362329
-1.059467
-1.807984
0.145079
-1.211809
-0.955262
-1.327958
0.943246
-1.501216
-0.188723
-0.939312
0.645680
-0.828329
-0.684747
1.235215
-0.886624
-1.563195
-2.064255
0.671493
-0.174580
0.121345
1.055794
0.093694
0.158955
0.846322
0.450858
0.095187
-2.162220
-0.222854
0.311051
0.180320
0.023964
1.261833
-0.007901
0.041730
0.517387
0.047386
0.895050
0.074774
-1.355683
0.344577
-1.049181
-0.027594
-0.166395
-1.319018
1.638345
0.245119
-0.033402
1.077055
0.486103
0.520479
0.535869
-1.109883
0.489022
0.739845
-1.689137
-0.783128
0.131457
-0.304371
0.869894
0.055754
-0.662086
0.077358
-0.194415
-0.092132
0.580282
-0.129863
0.220442
-0.254284
-1.197786
-1.267482
-0.703036
0.582424
-0.495276
-2.774383
0.215242
1.052025
0.351736
-0.383895
1.417681
0.275829
-0.162890
0.065094
0.374853
0.890091
0.595034
0.343369
0.087684
0.533020
1.826674
1.053456
0.377556
-1.120543
-1.774402
-0.305474
-0.760081
1.028983
-0.215640
-0.154446
0.759974
-1.327438
-1.691317
0.109491
1.392011
0.360080
0.510998
-1.073607
-1.927227
0.527094
0.218204
0.970617
0.037356
-0.703120
-0.897493
0.476148
-0.357195
-0.196586
-1.328536
0.343437
-1.171433
0.817133
0.942294
-0.204880
-1.061959
-0.492431
0.080605
0.392956
-1.901938
-0.777099
-0.722991
1.508574
-0.061452
2.571851
0.642426
-0.064712
-0.310347
-0.179034
-0.894886
-0.172707
0.149155
0.156673
-1.109234
1.191254
1.079181
-0.621809
-1.231390
-2.731148
0.361575
-0.261073
-0.705197
1.360302
-0.105914
1.016640
-0.623340
0.645538
0.649236
-0.845462
-0.550480
1.638496
-0.558278
-1.547834
0.791668
-0.949499
1.125308
2.589264
-2.037152
0.558979
-0.710323
-0.443588
0.097867
-0.788030
-0.411008
4.029316
-1.056437
1.479377
-0.560736
0.295592
-0.623278
0.247729
1.232491
-0.033506
-1.761682
0.988534
-0.609823
-0.675567
0.763889
-0.416495
0.448337
3.238733
0.647637
-0.459571
-0.179348
-0.643673
1.548595
-0.201975
0.817047
0.086153
0.880613
0.274135
-0.412195
1.157317
-1.346931
0.331883
0.530904
0.756255
0.964968
0.775084
1.116290
0.373342
1.246320
-0.628737
1.169785
1.214461
0.266325
0.460855
2.319917
0.130518
-2.110108
-1.928143
-0.275815
-0.605434
0.748269
0.668403
1.146046
0.442413
0.314445
0.862639
-3.263502
-0.783878
0.167516
0.211606
-0.359104
0.895301
1.956487
-0.679276
0.579599
0.808676
-0.044018
0.141192
-0.978600
0.024736
0.290537
0.507957
0.040583
0.982471
-0.967722
0.064980
1.286549
0.601695
1.115039
0.950698
0.932293
0.696675
-0.536748
-0.799375
-0.552426
-0.788055
-0.305218
1.226259
1.256324
0.115451
0.276127
1.090884
-0.430868
-0.707457
0.296475
1.260688
1.059753
-0.051672
-0.864217
-1.816790
0.167249
-0.503211
-0.184881
-1.249705
-0.467740
-0.383826
-0.429500
-0.411301
-0.743736
-0.744129
-1.574301
0.983897
-0.004723
-0.942132
1.515725
-1.269102
-0.080602
0.464884
1.821986
0.141945
-0.064395
0.658678
-1.254650
0.496576
1.948220
0.003735
-0.089621
2.319514
1.774939
-2.262290
0.775748
-1.178627
-1.052576
0.600835
-0.304640
0.142730
1.109899
1.515726
0.643663
-0.213609
-1.890770
0.059938
1.285220
1.309787
0.681025
-1.516116
1.271385
0.540241
1.805327
1.462753
2.362713
0.613166
2.322132
0.214476
1.178417
-1.583963
-0.226223
-1.953348
0.819312
-1.306232
-1.325119
-1.339999
-0.232895
0.710983
-0.399327
-0.379737
-1.542347
-2.192744
-1.215906
-0.244156
-0.326156
1.854517
-0.857793
-0.773632
0.040896
1.270504
0.923029
0.034641
-2.123718
0.482880
-0.137354
-0.258214
-1.012108
-0.601287
-0.143094
-0.409570
1.087112
-0.652607
0.246097
-0.781918
0.483589
0.251744
-1.632161
1.219597
-2.457195
-2.709737
-1.125016
0.034940
-0.680107
-0.288551
1.100293
0.108964
-0.123055
-0.719229
0.509412
0.424310
0.913105
-1.245284
1.880281
1.061804
-0.173253
0.941684
-1.217596
1.033627
0.100787
-0.502003
0.079068
0.511334
1.789187
0.529919
1.458200
-0.193945
2.265365
-1.477184
0.569468
0.083044
-2.462097
-0.602930
-0.193599
-0.911790
0.748987
0.518535
-0.340214
0.490139
1.557890
1.241544
0.813339
0.715366
-1.411796
-0.411358
-1.140477
0.947969
0.069040
-1.341622
-1.147659
0.826127
-0.148645
0.600936
0.152188
0.095132
-0.440480
-0.770596
-0.455028
1.433682
-0.930718
0.742076
0.322377
0.046613
0.593189
-0.360215
-1.255309
-0.180285
1.711901
-0.079732
0.031289
-1.479462
-0.586568
-0.969496
-1.228411
1.302870
1.586715
0.448632
0.184548
-0.795570
0.518565
0.756523
0.192655
0.572911
-1.995482
-0.604630
2.031674
0.571718
-0.779768
1.850316
-0.093031
0.240996
-1.106475
0.826410
0.841495
0.752689
-1.399983
-0.805009
1.061212
-0.044107
1.069482
0.392097
1.983922
1.662796
0.237013
-1.924981
1.434409
-0.225209
0.687246
1.413410
-0.427511
-0.432283
0.226155
0.097057
-0.568204
-1.396181
0.493275
-0.445163
0.650933
-0.411969
-0.684986
0.221711
0.166892
-3.072206
0.285075
0.833734
1.065382
0.678211
-0.326544
-3.604080
-0.771489
-0.562285
0.569067
0.739868
0.093589
0.148242
-0.433440
-0.366024
-0.717748
-0.624585
-0.712357
-0.155851
-1.723807
0.253673
-0.066282
-0.385448
-0.422585
1.284989
-1.510327
-2.203442
-1.557870
-0.670050
1.287089
-1.953369
-0.125026
-0.216266
-0.326791
1.039552
-0.227638
0.222833
1.821986
0.707368
-0.629195
-0.688622
0.834618
-1.013523
-0.739549
-0.666374
1.258401
0.788887
0.584542
0.110009
-2.681883
-0.077533
-0.415435
-0.209282
-0.282174
-1.170760
0.549128
-0.425208
-0.108455
-0.417749
0.114480
-1.709501
0.840738
0.235500
0.826386
0.436275
-0.165278
0.384242
-0.358101
1.701100
0.403677
-1.188578
-2.009646
-0.267200
0.469727
1.877534
0.342577
-2.434896
-0.783678
0.362107
0.449602
0.532017
-0.097317
-0.168043
0.113832
-0.025671
0.380270
0.565597
-0.322383
0.783849
1.690333
1.836633
0.698813
-0.617331
-3.694817
2.194041
0.691612
0.247411
0.305656
1.101339
-0.218311
0.153644
-2.453230
2.170484
2.557618
-0.185804
-0.033259
-0.816720
-0.860496
-1.754174
2.212378
0.847039
-1.290222
0.133320
0.432658
1.663920
-0.732776
-0.500766
0.182918
0.599361
-0.058416
0.534495
0.643091
0.630835
-0.961177
-0.950690
-0.185821
0.824520
0.064695
0.598806
-1.069638
2.451908
-0.300042
0.002907
0.283519
0.182550
2.050981
0.166872
1.625656
-0.429979
-0.737349
-2.491422
-1.835201
-0.915822
-1.349582
0.272838
-0.479166
-0.290085
0.379312
0.411935
0.892991
1.123778
-0.459180
0.342454
1.195558
0.062541
1.197260
-0.642553
-0.225564
-0.202971
-1.094008
-0.582544
-0.090369
-0.294749
-0.207971
2.529896
0.198955
-0.286699
-1.383460
-1.425776
-0.785103
0.621212
-0.934000
-0.027702
-0.835756
-0.199597
0.480531
-1.191182
-0.336575
-0.280693
0.235610
0.313034
1.784563
-0.394883
2.620628
1.476314
-1.422686
-0.551352
-0.589456
0.794677
-1.279667
0.139860
-0.880858
0.811330
0.238008
-1.168115
0.795427
-0.164905
-0.522630
0.482503
-1.447260
-0.597864
-1.281032
-0.733800
0.852130
-0.234331
0.252554
-0.014565
-1.862822
-0.327257
-1.312013
1.195750
-0.315438
-1.568193
0.129390
-0.778358
-0.828649
0.606248
-0.093169
0.905322
-1.605348
-0.183207
-0.023242
0.287491
0.451260
1.005119
-1.318937
-0.120488
2.268880
-0.061324
0.474854
-0.119021
0.231553
0.714746
-0.291987
0.016102
-0.778007
-1.646947
-0.157401
-0.577509
0.247818
1.541813
0.445145
1.088016
-0.188517
1.185739
1.643575
0.418798
-1.841138
-1.494278
0.360313
1.429368
-0.096576
-0.836900
0.879606
-0.911062
0.593953
-0.799314
-0.346373
-0.315127
-0.213174
-0.958324
-0.115527
-0.819375
0.897634
-0.976600
-0.746770
-3.192541
0.882524
-0.186301
-1.295103
0.705881
2.121456
-0.463608
0.141357
-0.407992
-0.119045
-1.277254
-1.027832
-1.671191
-0.154043
-1.914122
1.562162
-0.240430
0.043912
0.396630
0.598642
0.388369
0.926207
-1.834881
1.486933
0.690578
0.032600
0.331929
-0.578122
1.123437
0.516634
-0.393923
-0.171781
-0.477481
0.814040
-1.191852
1.529940
-1.114941
0.822549
1.478007
0.931557
-1.233647
0.158697
1.487849
-1.101525
0.081301
1.164053
0.275198
-0.331045
-0.094338
0.639451
-1.306127
-0.261504
-0.969953
0.874573
-0.816164
-0.713743
-0.237891
0.257324
-1.595736
2.710581
1.193017
-0.544220
1.475535
1.200562
-0.624099
0.855567
2.312692
0.777270
-1.342129
0.436703
-1.646078
-1.067273
1.825116
-0.042549
0.339280
-0.526325
0.179892
-0.862327
-0.688149
-0.940178
0.098880
-0.514156
-0.716029
-1.301610
0.643669
0.700743
-0.212424
0.433726
0.420440
0.051894
-0.165324
0.527313
1.327636
0.814132
0.168790
0.263113
2.114200
0.138280
-0.388759
-0.356790
0.475279
1.757271
-0.157992
-2.996274
0.592605
-0.791471
0.843321
-0.161355
0.250920
-0.027627
0.970449
-1.257983
-1.069254
0.430085
2.185276
0.068220
-0.141385
-0.887364
1.143929
-1.653843
-0.774310
2.360914
1.100233
-2.202493
0.822351
-0.941613
-0.158836
-0.525995
1.137752
1.003626
1.725720
-0.558641
-0.798505
0.838358
0.072959
0.210465
-1.469810
-0.224614
0.533023
-0.797168
-1.253501
-1.289847
-1.065830
0.818812
-1.313359
0.618307
-1.258486
0.230239
-2.298950
-1.172901
0.198240
-0.144152
-0.328011
-1.133929
0.992535
0.861558
0.670220
1.643603
-1.080883
-0.743318
0.859486
0.682569
-0.701578
-0.249388
-1.456380
-0.470284
-2.255181
0.873267
0.003524
1.020926
0.646246
-1.378961
1.390289
1.681735
-0.266637
0.648532
0.365883
1.334942
1.272269
0.804661
1.167792
-1.825289
0.907444
-0.673488
0.262937
-0.345522
-0.216100
0.388726
1.276104
1.439372
1.018425
-0.302456
0.442459
0.092503
0.102955
1.076178
-0.485753
-0.010282
0.362056
-1.193969
-0.145497
0.785306
-0.773375
1.018732
-0.790693
-0.477048
-1.716660
0.200728
-0.192977
1.070905
0.437330
1.770995
1.083141
0.926296
1.152839
-0.327589
0.282778
1.458893
2.264347
0.179530
0.447631
-0.677172
1.967121
-0.309402
3.130683
-0.591901
0.827908
0.148676
-0.685012
0.929682
-0.694857
1.400491
-0.400208
1.654966
1.192151
0.219635
0.363873
-0.550132
1.376164
-1.167438
-0.652104
-0.406678
0.880184
1.155652
-3.480018
1.840051
2.013144
0.962179
-0.663878
2.475282
0.823593
-0.722121
-0.531883
-0.211692
-0.413262
-0.467331
0.471466
-0.495597
-0.947788
-0.426043
-0.016336
0.216611
0.431752
-0.490017
-0.734491
-0.967702
-0.830067
2.625410
2.071132
0.795831
1.196841
-0.993478
0.032364
-0.014385
-1.695547
-0.184726
1.096193
2.426455
-0.739510
1.881046
-1.823801
-1.032607
1.825116
-1.216187
1.109995
-0.177646
1.236825
0.341217
1.820427
1.821986
-0.660792
-1.021162
-0.898548
0.220683
0.692685
-0.049126
0.170272
0.233281
0.944522
0.833795
0.852690
0.539005
0.915660
0.248491
-1.529149
1.457010
1.245189
0.770310
-0.036571
-0.607770
-0.869786
-0.335905
0.600041
-0.509762
0.669789
-0.661506
0.717899
-0.521229
-0.859640
0.140849
-0.747260
1.745420
-1.533075
0.629369
0.269936
-0.370362
-1.396810
-0.752232
0.238698
-0.486076
-0.745665
0.431196
0.484843
-0.321040
-0.554399
1.470108
0.790365
-1.003275
-0.131711
1.947104
0.529972
-1.068405
-0.802972
0.843353
-1.132231
0.235511
-0.633091
0.959179
1.823553
1.818862
0.655566
-0.077807
0.061181
1.904127
-0.391182
1.229672
2.037336
1.020526
0.594258
0.270271
-0.066071
-0.376602
1.099853
2.219436
-0.156768
0.144013
0.967197
0.377468
-0.226795
0.331252
0.053047
-0.546194
0.603003
0.547291
0.247196
0.042319
0.447853
-1.251614
-0.813323
-0.180460
-0.855568
-1.419088
1.825116
-0.268305
0.606048
0.398606
0.038117
-1.961458
0.352038
0.793091
-0.228861
-1.897002
1.554681
-0.698617
0.964072
2.695584
1.122514
0.985298
-1.016574
-0.438033
0.354102
1.776778
1.546944
0.123488
-1.178173
-0.611736
0.357152
0.218585
-0.328872
0.321186
-0.817392
-0.354760
-0.231026
-1.209309
-0.051515
1.297050
-1.167576
0.775836
-1.235785
-0.067190
1.092987
-1.001369
0.315864
0.534756
0.806536
-0.722091
0.595388
-0.449207
-0.846237
-0.243946
1.383997
0.504743
1.107580
-1.071113
-1.536011
0.132944
0.325530
-1.612016
0.652184
-0.000145
0.708486
-0.709526
-0.244105
-0.086756
0.363978
0.046861
0.859746
0.409718
0.479448
-1.328956
-0.498199
0.117834
-1.290880
-0.959939
0.496588
-2.660230
0.982391
-1.462626
-0.546092
1.758141
-1.753306
-0.650786
-0.516244
-0.680733
1.018262
0.516955
-1.086107
0.794951
0.003013
-0.890936
-0.772241
-0.295711
0.437245
1.293337
1.662746
-0.373140
-0.173228
0.995561
-0.601784
-0.327907
-0.300750
-1.309313
-0.766638
1.443032
0.938500
0.137455
-1.726068
-0.323465
0.251414
1.456788
1.155330
-1.311501
-0.078038
-0.027220
-0.400363
-1.993204
1.295962
-1.396068
1.044242
0.371601
0.837535
0.411333
-2.767726
0.085504
-0.238067
-0.212325
0.483895
1.110432
-0.403660
0.333777
-0.293481
-0.996970
1.897226
-0.441493
0.106652
-2.263773
-0.233455
-0.450289
-0.080261
-1.789989
-1.101715
0.735034
-1.289570
0.426033
-0.485960
1.279554
0.983997
-0.808326
0.210544
-0.308852
0.661173
2.326407
0.382190
0.103302
0.641963
-0.968578
-1.526156
1.077336
-1.742982
-1.199085
1.820427
-0.630338
0.696168
-0.403427
-0.647929
1.516234
-1.097248
-0.566833
-0.825357
1.370036
-0.635105
-0.490408
0.584094
-1.436718
0.447014
0.411163
-0.397066
-0.192820
-0.792420
0.917459
-0.692903
-0.462836
-1.341723
0.478962
-0.858198
-1.681407
-0.164018
-0.194027
0.817708
-0.554777
-0.714781
-0.353029
-0.827678
0.092716
1.312314
3.865660
0.552848
-0.677564
-0.436917
-1.256100
-0.622294
-0.503464
-0.606653
0.048358
-0.033595
0.139769
-1.118263
0.615459
-1.426037
0.803806
0.390423
-1.109455
-0.398513
-0.503069
0.890713
0.433494
0.382168
-0.883662
-0.129444
-0.836080
0.118359
0.554422
-0.589715
-1.050518
-0.670893
-0.336318
-0.841961
-0.020624
-0.780978
0.423742
-1.008990
-1.124101
-0.401235
0.076633
1.451518
-0.188802
1.348399
-1.183146
1.574974
-0.352880
-0.312806
0.688205
-1.374690
0.840686
0.313430
-0.146310
0.764808
1.535740
-0.091746
0.773671
0.265324
-0.329010
0.873124
0.234727
0.538733
2.229602
-0.823142
0.152347
0.272458
-1.723274
-1.572928
0.876539
-0.602089
-1.874770
0.446452
0.463339
0.149239
-1.391881
-0.972464
0.828686
0.137219
-0.809801
0.263628
0.482329
0.687200
1.646083
0.549789
4.034450
-1.730022
-0.435166
-0.029657
2.996347
0.067595
0.718565
0.365806
-1.487343
-0.349903
-1.602430
-2.231532
-1.403000
0.205829
1.203810
0.716033
0.388190
-1.486846
-1.779086
-2.259029
0.501595
1.064671
0.231388
-0.003249
0.012940
0.531645
-0.892877
0.115602
0.606876
1.082384
0.416051
0.133102
-0.982494
-0.091574
-1.343042
-0.521562
-0.388053
1.215837
-1.701732
-0.996224
-0.359595
-0.385252
0.615854
0.525729
0.452914
-0.196940
-0.954412
-1.556480
-0.463074
-0.706750
-1.404307
-0.190702
0.951150
-1.370924
1.374696
-0.309645
0.107708
-0.068991
1.926808
-0.737484
0.743351
2.646884
0.136056
0.760494
1.823553
-0.630539
-0.565844
-0.833854
-0.493747
0.051730
-0.233912
0.019790
0.868117
2.077969
-0.599575
-0.267382
0.875619
0.253378
-0.593695
0.314448
0.909187
-0.945484
0.075343
1.251925
0.219142
2.434953
-0.494061
1.187027
-0.271155
-0.456942
-3.649901
-0.758050
-0.279290
1.123253
-2.249936
-1.598664
-1.090097
0.159778
1.538705
0.152178
-0.440791
1.807300
0.312799
0.886066
-1.100227
-1.445813
-0.626999
1.224890
-1.453594
0.349940
-0.820282
-1.389141
-1.508438
0.993194
-1.008152
-1.161012
0.956125
-0.310402
0.878883
-0.480522
-0.306523
0.019755
1.781477
0.802987
0.529064
-0.718003
-0.607717
-0.927004
0.987846
0.776857
-1.527652
-1.110664
0.327881
1.387862
-0.883875
-0.326740
-2.072623
0.134350
0.163701
1.066206
-0.173070
-0.335186
0.721990
0.528544
0.071815
-0.038615
0.065364
-3.563080
-1.229984
0.087454
0.901685
-0.261539
0.398012
-1.318709
-1.051818
-0.592670
-0.968779
-0.536546
-0.375981
-0.078381
1.256645
0.557229
-0.497701
0.186322
-0.731068
-0.188622
1.055444
-0.896717
-1.112998
-1.557382
-0.239784
-0.636225
-1.555684
-2.022638
-1.179435
-0.647121
0.196712
-0.859531
2.143121
0.575224
-0.487590
0.665290
0.125416
0.085598
0.745499
-0.277602
0.130912
1.411206
-1.281791
-0.779984
-0.087752
-0.208359
0.007297
0.187145
-1.457528
-0.663916
1.056201
-0.011972
0.589077
-1.663836
0.469668
-0.069815
0.906799
0.105084
-0.231030
0.461992
0.566948
-0.329739
1.223010
-0.002773
-0.724258
-0.669779
0.296269
-1.268514
-0.096301
-0.671619
2.237548
-0.516983
-0.924184
-1.732793
-0.844583
0.587669
-0.046882
-0.477870
-0.071951
0.258542
-0.836894
0.435609
-0.525992
-1.103841
-0.948970
0.486466
-2.284384
1.100414
0.979486
0.310275
-0.688156
0.119889
-3.139408
1.221439
-0.940400
0.515636
-0.103248
-0.371020
-1.535562
0.126030
0.134237
-1.415436
2.083374
-0.456385
0.779839
-0.861633
1.936848
0.487873
0.789461
1.480119
0.372223
-0.768070
0.229823
0.042659
0.665198
-0.051811
0.404917
-0.630790
-1.357105
-0.001240
0.861565
-0.781411
-1.374272
-0.837595
0.702536
0.181220
-1.374103
0.371740
-1.416859
-0.407315
0.815483
0.524218
2.170879
-0.745593
0.535133
-0.179436
-0.819117
0.728890
0.745342
-2.445189
0.129826
2.300407
-1.324444
-3.190762
-1.598932
0.892334
0.350894
0.079823
0.833618
-0.021775
0.441847
2.004000
-0.259523
0.822685
0.144186
1.054951
-0.413082
-0.935592
-2.845405
-3.690779
0.251428
0.219473
2.446425
-0.589056
-0.154801
0.252429
-1.569561
0.235667
-0.468592
-1.132014
0.858849
0.891783
0.087254
1.820427
-0.401127
0.700865
0.808422
0.380451
0.259212
0.762693
-3.151474
0.771912
0.767062
-1.452868
-0.304527
0.883521
-0.956354
-1.271087
-1.188768
-0.523648
-0.284046
0.015203
-0.733892
-0.036142
-1.758723
-0.403499
1.019206
-0.553203
-0.670399
0.997919
-0.959933
1.062925
-1.522354
0.667946
-0.357087
0.393176
0.746575
0.325972
1.208226
0.953626
-0.067340
0.684319
1.055422
-1.347585
-1.416157
-0.005227
-0.123440
-1.237614
0.811610
-0.709858
0.741383
1.123705
3.093339
1.821986
-0.104754
0.645196
0.510620
0.675453
0.411868
0.889116
-0.223389
-0.219753
0.825171
-0.287031
1.329756
1.458084
0.933506
-1.551291
0.330991
1.927192
0.126672
1.196876
-0.067558
0.210729
-0.242745
-0.791215
-0.870825
-2.030707
-0.051758
-0.883716
-0.463246
1.121372
-0.150189
-2.563064
-0.158410
-0.910956
-2.129018
1.616971
0.060842
1.644985
1.563648
-0.856078
0.644172
-1.338898
-0.419727
-2.070714
-0.205293
-0.986336
-0.853771
-0.473772
1.532084
0.586502
1.507479
1.230761
-0.821921
0.094447
0.877710
0.037433
0.818282
0.884922
-0.923406
1.351245
0.275998
-0.192198
-0.332881
0.576224
-0.116993
0.695284
-0.823460
-0.802656
0.823874
-2.436242
0.395796
0.009085
-0.424420
1.028354
0.286576
-1.580336
1.194110
-1.680588
-1.177828
0.212588
0.311173
0.177663
1.134190
0.541798
1.234875
-0.274441
0.468222
0.296968
0.397851
3.814933
-0.015770
0.426848
-0.919009
0.439830
0.507737
-0.234856
-0.326559
1.197261
-1.617358
-1.070100
0.551606
0.236292
-0.915181
-0.707573
-1.973758
-0.454373
1.776147
0.037559
-2.817455
-0.329082
0.008538
-0.082373
0.371982
-0.068389
0.805265
0.732618
0.519867
-0.474314
-0.973892
-0.562424
-0.898873
0.506299
-0.266667
-0.431310
1.968825
-0.053478
0.179904
-0.719690
-0.152484
1.215048
-0.524430
1.429641
1.149325
-0.562855
-1.866529
1.366269
-0.047807
-0.083091
0.697206
-1.868680
-0.186634
1.124463
0.516319
0.607192
-0.007816
1.042835
-0.282667
0.088176
2.483543
1.747516
-0.752405
0.369951
1.172560
-1.077395
0.386894
-0.394013
-0.298696
-1.045543
-0.601971
-0.755602
-1.528839
-0.704744
-0.585702
-1.050436
0.797350
-0.002375
-1.030430
0.280207
-0.082481
0.074813
0.491769
1.021515
-1.335550
-0.618888
0.277646
-1.163680
0.819938
0.210629
0.186116
-0.405593
-0.553352
2.154735
0.980195
-0.180334
-0.664218
-0.067868
0.002756
1.061900
1.014169
-0.860853
-0.193924
-0.580634
0.407852
0.284768
-1.115583
-1.462764
0.949592
0.662786
-0.602090
-1.850073
-0.072989
-0.328522
-2.730065
1.363101
1.922308
-0.116192
-1.416484
-1.896360
-0.392621
0.022216
0.904473
0.655137
0.100908
-1.898700
-1.346302
-0.111265
0.515599
0.129077
-1.157115
-1.975691
-0.353170
0.294531
-0.767234
0.633315
-0.337365
-0.470003
1.260547
-0.269569
-0.058190
-0.181870
0.234829
0.683540
-0.656174
0.215726
-1.609387
0.245895
1.632794
-0.852681
1.009204
-0.457943
-2.390887
0.525493
-0.966471
-0.496957
0.497064
-0.965171
-0.029886
-0.688681
-0.923262
-0.942291
-0.964157
-1.830464
-0.224492
-0.449195
0.533272
0.782275
-0.446792
-1.956877
-0.177011
-0.082824
0.672827
-0.071663
-1.518392
1.099860
-0.566940
0.081264
2.184423
-0.625736
0.631493
-0.656918
0.705068
-1.365412
-1.810097
1.262830
-0.324549
1.971611
-1.356397
-0.124744
0.541824
-0.284032
0.670055
1.255831
-1.147846
1.821986
0.140266
0.263887
0.254856
0.096833
-0.599856
-0.945186
1.706850
0.081667
0.009076
0.573994
0.009712
0.116126
-0.645174
0.556912
-1.437530
1.055719
-0.944051
1.405101
0.617377
-0.697096
-0.003005
-2.809332
0.445812
-0.986019
0.371239
-1.121710
-1.080528
-0.884114
2.369984
-0.384070
0.153674
-0.352214
-1.750381
-0.959661
3.713422
0.780482
0.975928
-0.275649
0.198046
0.271113
-1.013321
-2.489362
-0.941425
-0.380878
-0.162632
0.510255
-0.157906
-1.287315
0.316513
0.199093
0.706710
1.629222
-0.220354
-0.703809
1.226633
-1.578338
0.862664
-1.158957
1.579604
-0.632116
-1.829513
-0.712541
-2.626019
0.316399
0.967996
-0.030926
-0.008869
-0.293948
-0.990786
1.165495
-1.118866
-0.299051
0.356773
-1.052244
0.879799
-0.673691
-2.448979
-0.653192
0.078152
0.304283
-2.280909
-0.056175
1.772233
-1.165774
0.184277
0.895592
-0.011180
0.279827
0.818044
0.401037
-1.033336
-0.053502
0.829557
1.562361
1.241829
0.756549
-0.334711
-0.598920
-0.197549
1.381254
0.098725
-3.282298
-0.735237
-0.514412
-0.228411
0.894600
-0.203568
-0.970647
-0.749241
1.150034
1.864489
-1.356229
0.664875
-0.805656
-1.636747
-0.377441
0.528696
-1.155058
-0.468152
-0.698474
0.261660
0.304850
-0.292223
0.338876
-1.516670
-0.330736
-0.465717
-1.951894
-0.632493
1.856226
-1.450100
-0.632669
-1.170901
0.770105
0.093803
-0.584248
-1.123135
-0.315386
0.782801
-0.625233
-0.885212
-0.694918
0.157702
1.004829
-0.645392
0.970201
-1.113589
-1.353437
-0.110519
-0.597949
0.115770
-1.585527
0.094405
-1.933611
-0.074940
-0.222271
-0.184573
0.398682
-0.952472
-0.428139
-1.111378
-1.006521
-0.791865
2.080091
-0.897135
-0.641186
0.189912
0.699751
1.522919
0.767041
-1.443741
-0.650762
-1.356953
1.787645
0.919308
-1.037321
-0.817902
0.727166
-1.788613
0.610204
1.027586
-0.636536
-0.860365
-0.906998
1.512760
0.311536
0.512309
-0.629493
0.299513
-1.667847
0.780944
1.381927
-0.058506
-0.083205
-2.979616
-1.150187
-0.480052
-1.107924
2.003832
-0.620790
-1.639136
-0.761594
1.826674
1.817301
1.814178
1.823553
0.106171
0.340090
-0.822186
1.055531
0.193437
2.172600
0.110307
1.823553
1.127174
1.820427
-0.205548
-1.587032
-0.900981
-1.328915
-0.457380
0.552888
1.495294
-0.796377
-0.404871
-0.928377
1.280131
1.222745
2.403042
1.703593
1.273157
0.711668
1.742311
0.488749
-0.427401
0.539249
-0.571391
-0.273287
-0.745672
0.014343
0.229304
2.271279
-1.338023
0.918877
0.355573
0.988584
0.102697
0.429094
0.110250
0.933186
-0.524875
-0.085811
-0.248189
-0.206354
-0.309880
-0.903880
-0.920044
-1.219430
-1.622886
-0.138967
0.295010
-0.137330
-2.121391
0.984846
-0.952499
-0.733527
-0.683354
1.940610
0.492348
0.033478
1.042388
-0.817265
1.420041
-1.429473
1.306769
0.098258
0.635980
0.433251
-0.241567
-0.141037
0.418004
1.074393
0.248181
-0.553650
0.997129
-0.525643
0.065637
-0.439683
0.965193
-0.058419
0.209701
-0.253298
-0.643887
-0.856228
-0.484744
0.485585
-0.974700
0.957290
-0.631931
0.199568
-0.304613
-0.856422
-1.387918
0.186474
-1.389932
0.110544
-0.478985
-2.332006
-0.457680
0.683576
1.265008
0.021448
-0.323299
-0.414035
1.543032
0.401795
3.383944
0.186764
0.628678
0.700459
0.151524
1.644985
3.103295
0.676037
-0.255036
-0.920757
0.536956
1.909371
-0.355141
0.168242
0.030384
0.239138
0.280268
0.992449
0.561592
0.548788
0.026121
-0.618368
-0.199159
-1.627072
-0.683894
-0.285708
-1.695005
-0.980049
0.772099
-1.853032
0.081014
-0.449145
-0.951935
-1.754184
-0.099914
-3.098476
-2.431143
-0.365333
0.853696
-1.467469
0.530467
-1.207197
-0.069574
-2.034986
-0.820947
-0.718681
0.045173
-0.725118
-0.355208
0.373620
1.239739
0.510510
1.025650
-0.187848
0.435419
0.498418
0.398608
1.825116
-1.067736
0.387945
-0.551806
-0.025887
-0.864569
0.281078
-2.538561
-1.139984
-0.295758
-0.036952
0.359767
-1.785253
1.823553
0.292221
-1.372882
0.761368
-1.366256
-0.499702
-3.031104
-0.025605
-2.280128
1.271100
1.327063
-2.370358
0.620610
0.440833
1.092454
1.001232
0.136210
0.539230
-0.144784
0.265687
0.043222
-0.163166
1.386889
-0.494000
-0.054335
-1.358414
0.904391
-0.810412
0.601826
0.307012
0.752820
-1.652228
1.172137
-0.129128
-0.673465
-0.780481
-0.835780
0.559703
-0.440158
-0.738313
-0.535107
-0.339543
1.356035
-0.387026
-0.955190
0.476720
-1.221264
-0.729337
0.550803
0.254174
0.308947
0.601440
-0.427394
0.236454
-0.706687
-0.048074
-0.409720
1.021367
-1.138236
1.168436
-0.672636
-0.188094
0.135897
1.219973
0.285485
0.019753
1.029861
-1.672794
1.413904
2.556482
0.358324
0.909485
1.041981
1.466966
-0.022121
-1.749341
-0.098395
0.937760
0.312560
-1.159474
0.172497
-1.144685
0.154396
-0.967178
-1.642182
0.206077
1.899013
1.140146
-3.724837
1.874871
-0.088406
-1.011330
0.511506
1.110880
0.100344
0.095592
-0.122071
1.160900
1.908893
-1.221334
-0.459414
-0.290713
-0.101187
1.018213
0.320409
-0.171120
-0.965607
0.474889
0.208844
-2.237955
0.976611
-1.649939
1.109982
-1.348436
0.615752
-0.057149
-0.113409
0.502245
0.250735
-1.011400
-0.908957
-2.677020
-0.172576
-1.259490
-1.327966
-0.646649
1.621737
-1.339216
-0.760904
-1.030003
-1.018223
-0.588171
2.396676
1.621662
0.600836
-1.562037
-0.594241
-0.048311
-1.127848
0.259849
-1.674034
1.468412
-1.400005
0.263353
0.117021
-1.539772
0.275794
0.509995
-2.040249
-0.446001
0.360796
-0.512340
0.616631
-0.845893
-1.134476
-1.174042
-0.481988
-1.767802
0.890701
-0.016934
-1.352725
-2.347024
-2.357936
-2.146914
0.146753
-0.499839
0.766165
0.312402
-0.957314
-1.024993
-2.719481
-0.823966
0.132109
-0.472989
-0.164104
0.152253
-1.549587
0.316798
1.184447
1.068946
-0.400654
-0.734428
-0.139200
-1.292996
-2.517122
-1.294908
0.703808
0.684155
-0.202471
1.095551
2.672966
-1.420983
-2.550727
-0.610593
1.681685
-0.378220
1.082226
-0.683780
-0.348772
-0.610828
-0.083552
0.062686
0.080992
0.100614
0.193943
0.334547
-0.430818
-1.324100
-1.419016
-1.185153
2.459421
0.633299
0.887069
-0.750763
0.446537
-0.041142
1.591051
-1.627223
-0.199652
1.837299
-0.120503
0.997237
0.043953
-1.669687
0.620470
1.107207
-0.708825
1.236301
1.629596
0.175490
0.573147
-2.340127
-1.381743
-1.088127
0.477308
-0.706771
0.839745
-0.805234
-0.558478
0.214365
0.013937
0.552942
1.333407
1.236875
-0.515783
-2.490727
1.448215
2.413706
0.930788
-1.122535
-1.479074
1.825116
0.441184
0.073418
-0.200707
-0.946786
-0.369003
-0.407254
-0.511685
-1.868283
1.821986
0.198445
-0.023284
-0.614456
-2.439075
-0.692913
1.250795
0.091451
-0.218304
-1.719171
0.081170
-0.712697
-0.844828
0.393167
0.675614
-0.274320
0.894751
-1.822072
0.306718
-0.330860
-0.955324
-0.136318
0.045110
-0.929986
-0.347851
1.358305
0.619032
0.676650
0.363320
-0.439316
-1.641439
-0.769799
-1.558896
-0.143630
1.041114
1.348869
-0.647407
-0.109970
-0.496337
0.879008
-0.512171
0.433532
0.970027
0.747277
0.363620
-0.745739
-1.188199
-1.303076
0.755183
-0.352703
1.248655
-0.987139
-1.639229
-1.977544
-0.482661
-0.271632
1.072476
0.304814
-0.031376
-0.920653
-0.006265
-0.264931
1.669501
-0.177779
0.455491
0.512531
0.704104
-0.464687
1.218266
-1.218611
-0.639212
-1.532620
-0.656475
-0.225467
0.507573
-0.732552
0.771438
0.142154
-1.640895
-0.663997
0.815233
0.441049
0.322163
-0.439911
1.467016
-0.665097
0.304496
-0.012090
1.111740
-0.749506
-0.358949
-0.000026
-0.610410
0.403260
-0.913281
-0.854419
-0.611733
-0.133348
0.536096
0.771890
-1.007632
1.719861
-0.897317
0.625925
-0.432081
0.185327
-0.132976
0.178905
-0.817066
-1.471735
0.977063
-0.840029
0.494202
0.027087
-1.208451
0.110208
-0.952074
0.753933
-2.077831
0.977724
-0.058956
0.570928
0.214155
-0.378627
0.909963
1.955008
-0.657574
-0.944787
0.486886
0.324122
-1.759056
0.915686
-1.648854
0.028798
-1.697496
-0.551990
0.851124
1.102331
0.701139
2.659018
-0.705929
-0.828595
-0.840017
0.507520
-1.590324
-2.648896
-0.469314
-0.094674
-0.122711
0.916976
-0.039441
0.010827
0.173164
-0.207522
1.402392
-2.759042
0.059204
0.147057
-0.686132
-0.410055
-1.066813
-0.310172
0.719612
0.653044
1.160390
0.157161
-1.004822
0.312743
-0.144799
-0.227154
0.880869
0.796151
1.411099
-2.632797
0.493514
1.237823
-1.186503
-0.117589
0.049819
-0.257374
0.005907
-0.698507
1.375359
-1.168717
1.052386
-1.474880
-0.999374
0.877291
0.136975
0.624762
2.208585
-1.201650
-0.173333
-0.201240
-0.477546
1.421692
-0.397723
-1.314283
1.043570
2.423665
0.379129
1.009117
0.799111
0.302684
-0.952792
1.402099
0.634266
0.356146
0.091402
-0.520988
0.123740
0.923864
1.267790
0.811396
-1.656220
0.274426
0.020191
0.294018
0.114501
1.797629
0.841485
-0.525917
2.195114
-0.931403
0.350951
-0.026650
-0.245276
-0.219539
-1.182379
-0.301196
-0.036292
-0.871786
0.958926
-0.159814
-1.363979
-2.230661
0.721553
-0.262746
0.173837
-0.385197
-0.166868
2.812969
1.603248
0.949489
-3.089338
0.124121
-3.492002
0.283219
1.083861
-1.900705
-1.737113
0.744020
-0.268813
0.214600
1.854133
-1.951622
-0.830728
0.567635
0.297964
-0.152354
-0.489207
0.808451
1.107491
0.430057
0.088485
0.481511
-1.376501
1.074824
0.818371
-0.503779
0.146706
1.741781
-0.319829
-1.637038
-1.655639
-1.205285
-3.291365
0.764211
0.774548
-1.347363
-0.050835
-0.393736
0.777456
0.473123
0.644915
0.112295
0.494434
-0.128269
0.537043
0.118750
-0.179943
-1.571954
-1.895375
-1.008288
0.495006
0.780066
-0.878081
-1.784612
-3.149250
-1.345648
-0.370380
0.244933
0.318167
-0.075334
0.687799
-0.456739
-1.309076
0.386624
-3.506337
-1.262725
0.717802
-0.895017
-0.222812
-0.165645
-0.881991
-0.693490
-1.046621
-0.345077
-0.132271
-1.428713
-0.865086
-1.163902
0.255963
-0.574784
-0.410452
1.814897
0.475894
1.188835
2.400802
-0.953168
-2.233091
-0.663444
-1.218761
0.533755
0.175121
0.772444
-0.743720
-0.389701
0.230742
0.122508
1.102139
0.884336
-1.339205
-0.978928
-0.759221
-2.022726
-0.023564
-1.206345
-0.684977
-0.625239
0.423173
0.109501
0.820579
2.168809
1.117844
0.901225
1.375597
-1.888813
0.127773
-2.094049
0.469617
-0.270569
-1.447336
-2.484289
-1.547958
0.356737
0.832296
1.823553
0.705099
0.193394
0.614557
-0.988180
0.099431
-0.420850
0.685962
-0.067954
-1.163668
-0.308813
-0.236077
1.920814
0.755302
-1.069869
-0.219924
-0.348489
1.054661
-1.013968
0.066902
-0.378804
1.314079
-0.286308
-0.856305
0.120887
0.314277
0.441212
-0.951113
2.391173
-0.048878
0.410870
1.067343
-0.783945
0.989098
0.653143
-1.656368
0.266908
-1.055674
1.210385
-0.554328
-0.625907
0.925588
-1.237273
-0.038687
-0.793945
1.645236
0.106622
0.855301
-0.966532
0.336584
1.468156
-0.527251
-1.151252
-0.695800
0.845780
-1.449565
0.117237
0.252887
0.878262
-0.080027
0.748717
-0.039537
0.777724
0.643142
-1.332404
0.519493
-0.494515
0.346389
-0.222412
-0.405839
1.132499
-1.159816
-0.993056
0.605836
0.650424
-0.986062
0.037135
1.034502
0.321099
1.260371
-0.638251
1.573799
-0.807721
0.983300
0.193092
-1.342611
-0.485283
-1.813262
0.608112
1.820427
0.227644
-1.121526
-0.831884
0.734270
-0.842712
0.940536
-0.697153
0.856309
0.688330
-3.256078
0.759453
-0.281290
-1.065995
0.770291
-1.023216
-1.436628
1.266856
-2.190516
-1.348368
0.282685
1.586491
-1.524624
0.431014
1.221007
0.714657
-1.109785
-0.517081
1.023852
0.646439
-0.225975
0.297599
-1.657835
-1.061321
-0.194074
-1.402582
0.748293
-0.691988
0.762127
-0.827319
0.276133
-0.205643
0.517887
0.493445
0.937881
-0.587028
-1.448583
-1.018672
-2.506802
-0.039043
-1.603047
-0.541148
0.240869
-1.417081
-0.856007
-3.287879
-0.246480
-0.588002
0.180242
-0.539004
0.547692
1.592172
-0.336844
0.678593
0.983475
-0.325473
-1.085131
0.963078
0.069273
-0.335986
0.000204
0.601090
-0.566167
1.032581
0.192441
-0.097337
0.323374
-0.109354
1.431792
0.097917
-1.387869
-1.271679
-1.069659
-0.736363
2.093605
0.372315
-0.806442
-0.777717
-0.820460
1.137223
0.799484
-0.181839
-0.390922
0.093165
-1.457047
-0.167244
-1.385994
0.550737
-0.100097
0.016786
-2.065997
2.846428
0.574906
-0.848529
0.757346
-0.170002
-1.008199
-0.416968
-0.265656
0.641188
1.246451
0.526100
0.487337
0.071661
1.823553
0.381616
0.354084
0.980463
0.819715
-1.678662
0.485119
0.406413
-0.975072
-0.034220
-0.011333
2.999194
0.952639
1.241499
0.328461
0.044203
0.276842
2.067601
-1.368110
0.066926
0.791671
1.827949
0.585102
-0.493845
1.645229
-0.189903
-1.174242
1.209588
-0.598155
0.188529
-1.611485
0.060392
-0.456357
0.878045
1.002912
0.309841
0.472708
-0.339563
0.068068
-0.884189
-0.634278
-0.202949
-2.312582
0.045674
-1.300364
-1.054516
-0.601888
0.514979
-0.290288
-1.151783
-2.212252
-1.282818
-1.046591
-0.850879
0.290735
-1.202157
0.464751
1.080383
1.140647
-1.505407
1.040383
-1.802587
0.028660
1.413612
-0.792002
-0.107086
-1.473325
-0.353697
-2.660587
-2.454122
-0.011567
1.134075
-1.172910
-0.042757
0.315942
1.977879
-2.593570
-1.075033
0.402199
-0.714398
-0.084158
-0.237593
-0.053424
-0.612580
-0.493754
1.119861
-0.070057
-1.442250
-1.129567
1.065680
0.934648
-0.577552
-0.172836
0.839481
-1.021802
-0.817949
0.356198
0.255801
0.844009
-0.257870
-0.712732
-0.358703
-0.296827
0.012862
-0.693914
-0.262939
1.008700
0.284492
-0.937379
1.089453
1.053226
-1.283501
0.052802
0.219119
0.630247
-3.441035
0.422259
-2.895436
-1.711991
-3.433816
-0.799255
-0.871625
0.505897
-0.410540
1.405909
-1.159346
0.214645
0.907254
1.386144
-0.690141
-1.212331
1.073756
1.184977
-0.093342
0.055920
1.152721
0.406542
0.336890
-0.954750
-0.374919
0.714248
-0.530841
1.801677
-1.071094
-0.107037
-0.644312
-1.506685
0.198243
1.324048
-1.571889
0.139366
-0.091587
0.417925
0.050761
1.304307
-0.904382
0.162367
0.303772
-0.645562
-0.595343
0.194638
-0.591910
-0.803081
0.145597
0.531370
-0.215356
-1.602689
0.414381
0.626058
0.900820
0.320011
-1.212502
0.376749
-0.372519
-0.625960
-2.152706
-0.421025
-1.920956
-0.306511
-1.534264
-0.608896
0.028941
0.707379
0.469709
-0.874368
-0.526935
-0.624317
0.771956
-0.567768
1.801249
1.306848
-0.801357
0.401680
0.444188
-0.130305
-0.387964
-0.382033
-3.083107
0.904275
-0.488851
1.817301
0.083250
0.031464
1.444176
0.002091
0.163361
-0.512194
-2.202360
-0.163851
-0.836892
0.187448
-1.216927
0.794907
-0.417412
1.987646
-0.375403
0.754562
0.830769
-0.448905
0.027239
0.470334
-0.519217
-0.524003
-0.163508
-0.384511
0.870630
-0.667380
0.939519
-1.719263
-0.660321
0.583592
0.621757
1.820427
-1.618353
-0.663433
0.236753
-0.516779
-0.801390
-0.823575
-0.064444
-0.983820
2.672439
-0.065997
-1.339006
-0.755827
0.010389
0.649871
1.823553
-0.501086
1.685129
-0.633652
0.888369
2.081885
-0.598756
-0.783398
-2.837099
-0.055447
-1.070090
-1.759111
-1.666690
0.222973
-0.669564
-1.028291
1.794610
1.043584
-0.618365
0.803243
0.476931
1.286890
0.299182
0.943384
-0.501099
-1.857841
0.192309
0.648488
0.573101
-0.305777
-1.140708
-0.085973
1.119920
0.150413
-0.702456
0.103250
0.556498
0.070064
2.375043
0.035474
0.936817
1.454756
-0.158384
-0.370355
-1.099868
-0.926456
-0.944900
-0.963769
2.097301
-0.491166
0.336802
-1.510679
1.778235
-0.538541
0.032139
-1.483236
-0.796051
-1.220008
-0.458577
-1.757494
0.491211
-1.152671
0.403830
0.398194
-0.589997
-0.953542
2.021075
1.368429
0.911990
-0.070844
-1.679648
-0.943049
-0.195082
1.283957
0.880240
0.503780
-0.043563
-1.021658
-0.720854
0.355044
0.233745
0.198284
0.866751
-1.104181
0.088104
0.331154
-0.370051
2.345715
0.195704
0.111934
0.444331
0.611453
0.307215
-0.287223
1.218361
1.400214
-0.679309
-0.993351
-0.578717
0.436307
-0.513559
2.526759
-2.011298
0.726460
-0.266680
-1.037728
1.614775
1.684662
-0.547127
0.835756
-0.878858
0.956778
-0.762986
-0.249466
-1.306280
1.646110
-1.861903
0.515677
0.343781
-0.597787
-1.799363
0.895243
0.352205
1.114704
1.002388
0.753180
-1.501746
0.752467
0.526162
-0.686629
0.790558
-1.471220
-0.550254
1.825116
-0.277835
0.276087
0.192867
-0.268202
-0.638369
3.611380
1.130338
0.459612
-0.679464
1.326540
-0.162699
-1.104623
0.371892
0.648064
-2.247607
0.071943
0.039753
0.376489
0.015962
1.078809
-0.259332
0.144204
-1.124623
0.465323
-1.532968
1.776251
0.234184
-0.795984
0.320059
-2.041257
0.580645
0.593026
-0.006938
0.566971
1.821986
-0.605282
0.904270
2.210481
-0.186026
2.730799
-0.061418
0.601191
-0.494116
-1.804986
2.727864
2.007752
0.107646
0.104889
1.823553
-1.208771
1.522135
1.417589
2.204801
1.823553
1.823553
-0.379545
1.119694
-0.778918
-0.790297
0.013178
-1.018811
0.411175
0.471138
1.823553
1.821986
-0.353814
-0.006793
0.237326
0.598228
0.485248
1.151328
1.036329
1.756597
2.184454
0.977357
0.586448
-0.142061
0.331262
1.821990
-0.751220
0.853158
1.826674
1.227103
0.755292
1.124724
0.648356
-1.668164
-1.617741
-1.015970
-0.672048
-0.638486
-1.280313
-1.354687
0.052288
-1.686783
1.365839
-0.883103
-0.363801
-0.734833
-0.196504
-0.484414
-0.367514
0.341498
0.272956
0.144400
-1.941176
-1.848753
-0.007089
-0.167738
-1.438632
-3.464909
0.009003
2.334191
-1.407961
0.881466
0.200740
0.887194
0.913822
-1.750865
0.238622
0.333670
0.405740
-0.520770
-1.159005
0.299348
-1.213033
0.604430
-0.811984
-1.661358
-1.112693
0.028110
0.212952
0.598908
1.267887
1.123030
0.019654
0.015094
0.091174
0.327000
0.728137
-2.264809
0.373585
-0.745210
-0.475033
2.141077
0.154743
1.082827
1.067614
0.756818
-1.033843
0.301030
-1.835678
0.667641
0.282094
0.437430
0.584018
0.111787
0.619385
-0.990395
-0.926077
-0.328265
-0.548023
-1.102889
-1.814926
-0.711278
-1.915525
-1.896652
0.262659
-1.039650
1.743117
-0.310458
0.114514
0.009424
0.087409
-1.593961
-0.147889
0.182816
0.283503
-0.358062
0.285277
-1.890208
-0.406640
-0.224083
-0.209663
-1.659888
-1.775562
0.144815
-0.213971
0.045303
-0.191291
0.200401
-2.360433
1.968164
0.378293
0.515081
0.043003
0.848868
-1.057108
2.558946
1.301366
0.881546
-0.254174
-0.877253
-0.895020
1.447899
0.639022
2.375696
0.860552
0.738649
0.401901
0.676115
0.997542
-0.057970
-1.376906
-0.951063
0.182953
-0.757302
0.494128
0.705783
-0.165067
0.347517
1.188580
-1.619464
-0.555936
0.324183
0.473538
-2.372630
0.336755
-1.046821
-0.583343
-4.066539
-1.952215
-0.296759
-0.482621
1.102886
0.016234
1.863315
0.109026
-0.200762
1.267920
1.975954
-0.518016
-0.579011
-0.903822
0.905920
-0.822339
2.639908
1.044302
-1.842866
0.152584
-0.106355
2.187008
-0.202153
0.191263
-0.077390
-0.059698
0.709588
0.158269
0.852329
0.833816
-1.493011
0.198144
-0.584677
-1.662471
-0.626919
-1.834623
-2.140014
1.127596
-0.601458
0.994848
2.351780
0.607726
0.556716
0.676444
0.843531
1.820427
0.686064
-0.356586
2.212331
0.381189
1.083739
0.572470
-0.315231
1.823553
0.321216
0.316773
1.423979
-1.025926
-0.180275
-0.528589
-0.495419
-1.274266
-0.807453
-2.152794
-0.291552
-1.498252
-1.874786
-1.758794
-0.244393
-1.772792
1.255617
0.455674
-1.068177
-0.781116
2.925714
1.823553
-0.740311
0.537841
-0.803294
0.985251
0.338614
0.435069
-0.318754
-1.587611
-0.849308
-1.006433
-0.745019
-0.857270
-0.258325
-0.292356
1.821986
-0.747158
0.024926
0.545167
0.492131
-0.733910
0.680864
2.503539
0.764727
-1.739864
0.987325
-0.839079
-0.363118
-0.366566
1.197628
-0.689903
-1.962661
0.828156
0.080191
-0.585395
0.036670
-0.520793
-0.062248
0.994993
-0.590356
0.000490
-0.910662
1.993247
-0.808990
0.493965
-0.133810
0.023051
-1.494673
-0.135299
-2.039310
-1.931207
0.186007
0.442112
-0.101121
1.444322
0.940825
0.532749
1.686030
0.236882
-1.021678
1.779940
-2.629812
-0.377308
0.741861
-0.500742
-2.887396
2.090742
0.910442
0.115030
-0.715182
0.275068
0.181398
-1.155127
-0.064184
0.642792
0.756385
-0.890423
1.764171
0.252181
-0.322627
-0.978288
0.710613
-1.457007
0.592013
0.348329
-1.037261
-0.340595
-0.569790
-0.441751
-0.862490
-0.271730
-0.803648
0.107998
-0.323065
-0.187178
-0.014629
-3.685513
-0.965229
-1.109401
1.091177
-0.378639
-0.556214
0.512100
-0.463121
0.837799
1.240684
0.077980
1.338165
-2.102523
-2.380062
0.610877
0.947175
0.130570
-0.960683
0.012750
1.610420
1.478650
0.415557
0.569558
0.672896
0.208082
1.391057
-0.333540
1.215867
-0.365718
1.091911
1.826674
-0.965144
1.470478
-1.287686
0.347586
-0.682596
-1.296423
1.830892
-1.231507
0.814925
-0.598662
-1.507022
-0.790173
0.594291
-0.009845
1.095980
0.514288
0.171768
-3.163354
0.542769
0.579244
0.730803
0.467638
-0.751251
-0.511779
-0.552536
-0.376375
-0.687629
1.438404
-0.253209
-0.534876
-0.746527
0.070801
0.169300
-0.100348
-3.394502
-0.672920
1.072404
-0.491863
-0.704612
1.083843
1.736700
0.093386
-0.100718
-0.039425
-0.167050
-0.837174
0.488505
0.401869
-0.263503
-1.750695
0.936727
-0.920536
-0.568130
2.373760
1.823553
2.770084
-1.761154
1.303941
-0.001363
1.982958
-1.823134
0.648467
-0.764484
0.521453
-1.079138
-0.252252
-1.069383
-0.133200
0.911075
-0.553491
0.028745
-0.092231
1.065155
-0.184856
-1.192239
0.444860
-0.505701
-1.166440
-1.159073
0.144806
-1.278482
0.206532
-1.581895
-0.630034
-0.697282
1.934674
-1.113538
-0.363052
-0.020784
0.142839
-0.527565
1.820427
0.534694
1.092226
-0.505671
-0.223135
0.042171
-1.058569
0.614967
1.898206
-0.822267
-0.178618
-0.384215
0.605079
0.565511
-0.050724
-0.128753
0.745972
0.383407
1.820427
-0.364121
-0.395397
-1.176832
0.180734
1.820427
-2.003982
-1.438068
-0.957208
0.626200
-3.045577
-1.038932
-1.233980
-0.078970
2.074716
-0.633088
1.373767
-2.174222
-0.748893
0.212039
1.205956
-1.900952
0.482779
0.141061
1.236312
-0.130841
-1.680430
-0.992431
0.369431
0.439692
0.421185
0.118965
0.558065
-1.762285
-0.610591
3.312157
1.102058
0.962906
0.781356
1.713961
-0.857774
0.471987
-0.783204
-0.116706
-1.487399
0.412350
-0.804398
1.344021
0.290158
-0.183207
0.070590
0.782858
0.265816
-0.736352
-1.263303
-2.177032
1.648299
0.973196
0.705369
2.354349
-0.083776
0.022804
-0.777500
-1.487808
-0.251441
-0.079751
0.354221
-0.823194
-1.647660
0.055768
0.720784
0.875282
0.273842
-1.214948
-0.156659
-0.549106
-1.444574
1.370457
1.326924
-0.185969
0.629637
1.665722
-1.193614
0.410698
-1.397678
-3.685194
0.694910
-0.513264
-0.766261
0.346603
1.820427
0.831412
1.820427
0.386317
-0.374136
0.548712
-0.798721
1.034067
2.192661
1.070211
0.562577
-0.229976
1.101372
-0.724330
0.177897
-2.089766
1.105809
-0.048707
-0.138784
-1.387861
-0.297505
-0.818185
-0.095067
-0.582549
0.391313
0.320877
-0.208799
-2.158382
-1.986967
-2.085552
-1.218647
0.237686
2.089858
0.094107
1.489497
-1.519787
0.559210
-0.235160
-1.032877
0.400661
-1.506275
-0.296041
2.436607
-1.326761
1.444672
-0.789245
0.856055
-0.449336
-2.225782
-0.837251
-0.869221
0.454793
0.555542
0.532179
0.364436
0.006982
-0.857459
0.139100
0.346824
-0.004701
1.104739
0.011115
-0.957898
0.185216
0.184213
0.442439
-0.776983
-0.770861
0.449965
0.146506
-0.397982
0.221695
0.507275
0.364949
0.159666
0.866846
0.056643
-0.234006
1.098335
-0.588794
0.030494
-0.308066
0.190873
-1.472974
-0.386909
0.964177
0.294790
1.823553
0.103153
-1.899671
-0.676712
0.762572
-0.629416
0.357330
0.448400
-0.294530
0.711811
-1.918809
0.000281
-0.721766
1.619015
0.357629
-0.868515
0.903615
-0.704807
-1.450230
-1.156560
0.397166
1.562492
-0.610916
-1.161874
-0.487023
-0.082625
0.129213
0.559165
-0.636496
-0.280404
-0.441463
-0.493010
0.514091
0.191026
-1.126261
-2.083452
-1.059186
-0.678050
-0.040101
0.817006
-0.536398
1.352142
0.777976
0.757459
1.042897
0.985465
-1.089757
-0.675781
0.387669
-0.506291
-1.442824
0.295328
-0.516058
-0.411168
1.410783
-0.554480
1.165443
0.004131
-0.417384
-0.242659
-0.715109
0.562863
-1.166453
-0.445534
0.570783
1.095593
1.700106
-0.097720
-1.539459
-1.231584
-0.158811
-0.435945
-2.737855
-0.496696
-2.491067
-0.533853
-1.193521
-0.889787
0.381829
0.312221
-0.557906
0.655370
-0.220265
-0.838567
0.968284
-0.716437
-1.434525
0.460205
-1.242718
1.330458
-0.786484
-1.026653
-1.079943
1.840776
-0.934080
-0.612501
-0.302230
-0.879649
0.860325
-1.077483
0.574826
-0.290188
0.522056
-0.938838
0.394285
-0.107994
1.093588
-1.354400
-0.110289
1.636398
-1.146094
0.481403
0.821843
1.664806
-0.661352
-0.329036
-1.066127
1.212968
2.579650
-1.338235
0.427363
0.974263
-0.758104
0.399399
0.269498
-0.857964
-0.200887
0.345818
-1.915626
-1.418853
0.517406
-1.112201
-0.691812
0.617745
0.105014
-0.715296
1.116044
-0.289531
1.808894
1.455176
1.479244
1.934449
0.819551
-0.406371
0.040988
0.611578
-0.908118
0.849460
-0.109832
1.596125
-1.227765
0.540125
1.317832
-1.684531
-0.254675
1.106875
0.066810
1.459723
0.187318
-0.156476
2.296332
-2.414874
0.068381
-0.795718
0.790376
0.585241
3.106368
-0.073867
0.881430
1.271084
-0.162124
0.656639
-0.259222
-0.915319
-0.075817
0.585942
1.820427
-1.483507
0.978064
0.541275
0.163651
0.337681
-1.311483
0.127122
1.216184
-1.897325
0.690188
-0.693803
0.585747
2.821944
1.012492
-0.832009
0.720085
0.797891
-0.758836
0.980919
1.174255
0.606703
1.059148
-0.359322
-1.082243
0.784941
1.023036
0.700286
0.431740
1.750903
1.088099
-1.087873
-0.138911
-0.017162
0.920667
0.142870
1.922072
0.400408
1.445866
-2.330149
1.273825
-0.048226
0.452916
-0.379069
0.435340
-0.874264
0.250792
-1.042143
0.235507
-0.399359
0.820457
0.166387
0.224628
1.200834
0.760722
0.316849
0.344899
1.752727
0.345387
-1.044783
-0.717839
-1.526950
-1.334569
0.816788
-0.419989
-0.183912
-0.184053
1.825116
0.636124
0.086421
0.517487
-1.716744
-0.948855
0.187641
-1.303275
0.302360
-1.650090
0.700419
0.841337
-0.291107
0.548984
0.531190
-1.551237
-1.747987
-0.820806
0.079771
-0.247522
0.190340
0.616647
-0.567363
-0.890220
0.671520
-0.058610
-0.414822
0.980616
-3.234560
2.243596
-2.700384
-0.007705
-0.209898
0.212938
0.007930
0.172429
0.171703
0.676594
0.225338
0.327468
-0.296510
-1.737189
0.695989
-0.171891
-0.474720
-1.361131
-0.594106
-0.910117
-1.784018
0.530565
-0.498475
-0.552241
0.824592
0.575364
1.097301
0.195976
0.415756
-0.774451
0.969880
-0.501003
1.497482
-0.580985
-1.501700
-0.721630
-2.111033
-1.133597
-0.037078
-0.362876
0.542885
1.013972
0.748697
-0.872170
-0.498527
0.604494
-0.187286
0.009377
-0.377856
0.778606
1.251037
-1.328977
-0.609718
-1.522904
0.056952
0.223275
1.763982
2.274482
0.648936
0.407148
1.018154
-0.176703
0.009491
0.109323
1.271646
-0.220867
-0.754369
0.793143
-0.487445
0.388432
0.439469
-0.259839
-1.356056
-0.262328
-0.266538
-0.965349
0.305231
-0.491078
1.026180
0.513427
0.945138
0.678157
0.791191
0.491864
0.223249
-0.810115
0.294204
0.949546
-1.390903
-0.159052
0.599425
-0.137814
0.837515
-0.104956
0.097171
-0.269582
0.076641
-0.585573
-0.740058
1.051552
1.268690
0.346944
1.300844
-2.720967
-0.950697
-1.054977
1.036188
0.921787
-0.015169
-0.416170
1.323089
0.789513
-0.948421
-0.150606
-0.691315
0.348974
1.156430
-0.786088
-1.076533
-0.417342
-1.086437
0.110653
-0.864232
0.049835
-1.900979
-2.440566
-0.098894
-1.956008
0.854994
0.633366
0.065563
-2.226249
0.705934
-1.905802
0.748997
0.715482
0.058017
0.208719
-0.030338
-2.201780
-4.279538
-0.801104
0.860521
-0.033116
2.000561
0.325035
0.177518
0.089404
-1.209490
-0.028420
-0.079180
0.191384
1.031129
0.769801
1.432947
-0.209982
-0.099839
0.324601
-0.606799
-0.964663
1.169005
-0.880296
-0.101123
0.334278
0.074386
0.122705
-2.252767
0.801912
0.853349
-0.102728
0.241672
-0.580848
1.920868
-0.160825
0.841806
0.912028
-2.050921
0.311603
-0.940139
0.480801
0.127447
-1.372202
0.622181
-0.548618
0.288226
-0.326222
0.476650
0.865989
-0.134172
1.071385
0.130940
0.452170
-1.556468
-0.258152
-1.081422
-0.465074
-0.030063
0.326641
1.669881
0.376385
-0.318602
0.218311
-1.353014
-0.468424
1.949980
-1.238704
2.752595
0.292428
-0.963593
-0.191590
0.622381
-3.441279
-0.887090
-0.231038
-0.067931
1.338651
-0.504272
0.834296
-0.142365
-1.774905
1.061866
0.303384
0.941318
1.431688
-0.164733
0.135560
-1.442330
0.568927
0.731793
1.820427
0.252697
-1.281676
1.285543
-0.147518
0.089422
-1.676092
-2.312956
-1.710400
-0.316430
0.618897
-1.561643
-1.325747
-0.656064
0.178631
2.053704
-1.985772
1.510178
-0.195909
0.761728
-0.567359
0.470840
-1.405199
-0.303668
0.290423
-1.085392
0.653558
-2.226456
1.505749
0.306424
1.394273
0.734899
0.064113
-2.030339
-0.061592
-0.194871
1.351811
-0.073393
-0.950779
0.524039
1.282246
0.452017
-0.951239
-0.547424
0.980321
0.206712
-0.336948
0.158086
-2.266271
0.615909
0.558026
-0.654671
1.503584
-0.066658
-0.193808
0.936476
0.006707
0.599880
-2.151179
0.376907
-0.252399
-0.249380
-2.452045
-0.055609
1.112344
-0.858135
0.376575
0.284897
0.847988
-0.777102
1.758678
-1.385260
-0.972643
-2.914493
0.304505
-0.277149
0.656959
-1.471921
-2.449127
0.969151
1.746291
-1.138134
-1.302504
0.471648
1.009289
1.837980
0.664014
-1.249929
0.505169
-0.413402
0.819852
0.783993
0.062271
0.040383
-0.919918
0.343434
1.052875
-1.569953
-1.312480
0.058560
-0.115417
-0.445120
1.265506
0.731911
0.381990
-0.996534
-0.517569
0.319019
-0.248953
0.686187
-0.933731
-0.296286
0.012385
0.760967
0.407847
1.954566
0.911157
1.820427
-1.477537
0.299244
-0.148422
-0.300530
-0.056475
0.602036
1.208854
-0.222167
1.535038
0.881579
-0.910464
1.337276
-0.689410
-1.153858
0.627484
-0.961712
1.305317
0.257737
0.549089
-0.234686
-0.815347
0.531952
-0.068402
-0.441923
-1.851640
0.307972
-0.869790
-0.558079
-0.643382
0.099929
-0.996494
-2.195846
1.323041
-0.176683
0.406439
-0.511227
-1.426778
-0.959513
0.383351
0.776608
-0.702606
0.894879
0.967089
-1.023898
1.887688
0.560616
1.086264
-2.537596
-0.535656
-0.332404
1.678210
1.185124
-0.143619
-2.026735
-0.750513
-0.645635
0.948524
-0.165123
1.299744
1.233948
-0.955829
-1.490264
0.660793
0.034347
-1.051274
-0.121937
-0.574874
-0.666662
0.551399
0.129522
-0.314358
-2.769991
0.783849
0.031404
0.460574
-0.668634
1.800511
-0.693373
0.247580
-0.562612
-1.219715
-0.841889
0.456321
0.755152
0.210222
-2.003713
0.933418
-2.064227
-1.364303
0.377568
0.143291
0.176557
0.336612
0.505498
0.203114
-1.395471
-0.656775
0.485299
-0.145556
-1.229893
-0.994930
-0.749306
-0.291079
-0.209001
-0.983347
-0.553355
-1.130277
0.342201
0.673503
0.067514
0.664661
1.433227
0.473964
0.982610
-1.213269
-2.198635
0.979029
-2.915913
-0.610459
0.244637
-1.526858
-0.417177
1.413930
0.407902
0.612078
0.641097
1.203182
0.142061
0.528021
-0.024333
-0.378712
-0.010159
-1.931455
0.612000
1.143857
0.466906
1.432140
-0.026494
1.823553
-0.260082
-1.928662
0.229955
-0.798054
2.089057
-1.418546
0.621756
0.865510
-0.713787
-0.158380
-0.856408
2.541130
-0.050522
-0.502266
-2.802574
-0.321714
-0.030380
-0.998480
0.341455
-0.195301
1.780216
1.303566
0.427189
-0.782427
-0.218436
0.316371
-0.468496
-2.329638
-0.397941
1.349855
1.810477
-0.984564
0.944490
0.327433
0.727619
-0.774271
-0.572589
0.105619
2.092644
0.311749
-1.818510
-0.810320
-0.593061
-0.477104
-0.155442
-0.281492
1.087112
0.279940
-2.322567
-0.375936
-0.112123
-0.388435
0.689082
-0.456766
1.424988
1.204075
0.979039
0.561172
0.034503
-2.902899
0.716695
-0.922413
0.192533
-1.706247
0.375441
-0.811666
0.670938
-1.434285
-0.831318
0.373830
-2.020487
-1.126365
0.067498
0.465619
0.474222
-1.346127
1.010395
-0.015267
-0.428996
-0.969871
0.503989
1.465765
0.548890
-2.025240
-2.030220
-0.428804
0.324814
-1.003602
-2.265019
-0.917581
-0.701048
-1.222205
0.811314
2.950450
-1.135599
-1.020227
-1.083707
1.191155
0.129766
-1.335193
0.992199
1.726317
1.491830
1.060832
-0.598387
-2.140646
-0.739043
-0.848719
-0.577132
-0.516549
-1.326101
1.132231
0.969735
0.266143
0.714344
-0.126886
-0.335915
-0.422581
1.087209
-0.097421
-0.506271
-1.388080
1.074663
0.398869
-1.375176
0.883299
-0.271940
0.308535
1.200006
-0.315384
-0.045570
0.535648
1.513149
1.171266
-1.667826
2.667915
-3.232294
-1.241622
-0.456368
1.784996
-0.545877
0.053333
-1.015023
-2.237426
-0.136493
-0.229821
0.262398
0.624143
0.555053
-0.101037
0.822734
-1.194433
0.096689
-1.451762
-0.687425
1.988831
1.821986
0.816666
1.030388
0.275126
-0.012788
0.110011
-0.192131
0.358511
-0.858446
0.314197
-1.208498
0.537939
-0.915672
2.813873
0.828057
0.540970
1.173002
0.521951
0.471063
0.259161
-1.410397
-2.338322
-0.576819
0.230394
0.931547
-1.682715
-0.928294
0.640288
0.151279
1.451542
1.823553
-0.499948
0.902496
1.018732
1.185015
-0.064421
0.457388
0.400408
1.483710
0.827281
-1.592859
0.548284
0.696259
-2.708943
0.041541
0.906605
1.823553
0.477096
-0.284272
-0.081834
0.058532
-0.514375
-2.837513
-0.783780
-0.257041
0.467827
1.781360
1.825116
1.820427
1.820427
-0.931108
1.821986
1.026099
-0.596873
0.699356
-2.256080
0.502514
-1.528111
0.258548
0.484819
1.828239
0.793267
2.438397
2.682582
-0.433019
0.549706
0.297680
1.012740
1.055673
-1.291862
0.210521
0.281380
0.648363
0.830827
2.728849
1.312336
1.628957
-0.441620
1.473987
-0.034097
1.217339
-1.527254
-0.349139
2.217364
0.552788
1.582896
1.139674
-0.133608
-1.445469
-1.863721
-0.658692
-1.245617
-1.088495
0.784839
-0.184177
0.780000
0.693104
1.832435
1.142902
-0.570665
-0.172046
0.061808
1.173981
0.917890
-1.094670
-0.284163
-0.268399
0.604069
-0.739796
0.220452
0.069871
0.228848
-0.516623
-0.488593
-1.332403
-0.012678
-1.774174
-1.543595
0.752316
-0.712835
1.446124
-0.236243
-1.572627
0.547527
1.190673
0.661735
-0.836934
0.192979
0.307683
-0.050573
0.554621
0.488298
-0.229054
-1.261223
0.871236
-1.172635
-0.473875
0.616690
-1.038653
0.630355
-1.081565
1.153847
-0.496358
-0.269582
0.368374
-1.387993
0.385893
0.318365
-0.809930
-0.200528
1.935668
0.408394
-1.759159
1.259872
0.665374
2.249539
0.241536
0.973163
-1.004272
0.583682
0.822760
0.673741
-1.034490
0.083499
-0.990978
-0.612004
0.932288
-1.477696
0.366921
0.859646
0.245690
-0.758031
-1.423968
-0.421113
1.548389
0.480451
-0.653089
-1.589562
-0.690270
0.845780
0.363519
0.987364
0.334958
1.239257
0.929156
-0.008993
-1.954947
-2.423542
-1.095420
0.464891
-0.860643
-1.886715
-0.210671
0.322834
-1.812337
1.361448
-1.166636
1.521247
-1.400914
0.658735
0.504504
0.742749
-0.334346
-0.142764
-0.634113
0.028358
-0.139369
-0.089660
-1.248220
-1.841015
1.778956
1.700319
1.476215
0.700349
0.620848
-0.010853
0.604473
0.677293
0.442956
1.060369
0.834070
0.209195
1.511014
-0.424512
-0.133832
-0.398592
-2.591238
-1.907772
-0.936461
-1.977676
-0.270178
-1.626030
-1.721880
-0.226700
1.190199
-2.663105
-0.080389
1.148177
-0.271080
-1.449810
-1.133908
1.820427
1.226515
1.625749
-0.673507
-1.328085
-0.162748
1.576497
-2.169884
-0.623136
-0.418583
-0.064510
0.354425
0.505934
0.879556
-1.482458
0.841507
0.298341
1.294846
-1.634205
-0.540696
-0.152808
-0.457152
-0.775296
0.167597
0.405897
0.239114
0.247112
-1.149233
0.423866
-3.222830
-0.311442
-0.232204
-1.900557
-1.252934
0.777443
-2.200809
-2.334697
0.591283
0.980239
-0.117897
0.928631
1.498540
-0.047285
0.979914
-2.006111
-1.023386
-2.236603
-0.689758
-0.277043
-1.448496
0.618540
0.679396
-1.720558
0.011715
1.823553
0.416447
0.233431
0.010349
-0.341700
-0.605933
1.272135
1.948004
0.094566
-1.394694
0.843872
-1.415513
-1.227399
1.571236
0.756399
1.555747
0.167455
-0.538848
-0.104587
0.769348
0.199650
2.382798
-0.559486
1.328813
1.043447
0.393033
1.364908
0.601986
-1.756966
0.572857
0.059325
0.743371
-0.506846
0.070484
-0.535382
-0.387752
-1.527199
-0.419716
-1.044874
0.235665
-2.218005
0.424441
-0.106669
0.319809
-1.292328
-1.448612
0.749336
1.462074
0.282038
0.895106
0.548212
-0.288748
-0.378829
0.325088
0.466319
-1.502104
0.289767
0.054910
-0.133318
0.118082
-0.302462
-2.057136
-1.887048
-0.075219
1.540317
-1.087238
1.185122
0.187019
0.795614
-2.609761
-1.794064
-0.392205
0.758607
1.029584
0.923209
0.520659
0.583560
-1.132836
2.053647
-0.596666
-1.314534
0.756683
-2.241458
0.710056
-1.756305
-0.538736
-0.957309
-0.429313
0.934506
-1.600833
0.598583
-0.889068
1.344867
-3.991826
-1.194870
0.058469
-0.018417
0.996920
0.386045
-0.111881
2.645479
-0.368787
-1.754986
-1.859231
0.799867
-1.077025
-1.098025
-0.507651
-0.869538
-1.891993
2.586040
0.936326
0.163500
-0.474528
0.173096
-0.307976
-0.885490
0.905015
0.719524
0.771571
-0.572013
-0.373333
-1.019616
-0.133608
0.017923
1.016436
0.802985
0.372759
0.947448
-0.341365
1.259630
-1.649519
0.947831
-0.809586
0.045182
1.192783
0.890992
-0.699775
0.378627
1.445069
-0.292677
0.892879
0.055421
0.026460
-1.893506
0.193558
1.279256
-0.207656
0.084782
1.405908
-1.253917
0.418138
-1.066551
0.160679
-1.900206
-1.959157
0.165146
0.345590
0.666118
0.738403
0.176385
-1.151243
0.044891
0.811318
-0.709542
-1.001095
1.108293
0.933661
0.942112
-1.066741
1.497871
0.321263
-0.660333
-1.742429
-0.354864
-0.037828
-1.073642
-1.498791
-0.813779
-1.382806
-0.525260
0.672823
-0.556644
-0.062472
-1.360813
0.116259
-0.626400
-1.592565
1.347597
0.286424
-1.779634
0.816765
0.112882
0.627190
-0.763086
-2.177138
-1.455570
-0.376265
-0.079562
0.255214
-1.765108
0.306345
-0.301914
0.142480
0.353052
1.474668
1.243737
0.254886
0.181570
0.399017
0.148253
-0.554531
0.165535
-0.440059
0.181910
-1.804596
0.623250
-0.987201
0.932363
-0.610935
-0.504773
-0.972669
1.476919
0.814872
-0.871598
1.820427
-1.080592
0.027688
-1.065437
-0.236493
-0.232981
-0.296134
-0.018755
1.848072
-0.335588
0.049078
0.819588
0.355688
0.013736
-0.198385
1.666906
0.141378
0.625227
-0.041601
0.820625
0.221470
0.259879
-0.209143
-1.416869
-0.964607
-0.021033
-1.393065
-0.144302
-0.174588
0.270418
-0.216691
-0.165273
-0.793478
-0.374718
0.322228
1.848770
-0.582688
-0.202000
0.373026
-0.282519
-0.563274
-0.191874
0.468369
0.076026
0.524705
-0.415157
0.289693
0.489759
0.472121
-1.399850
-0.783897
0.527961
-0.653701
-0.429954
-0.318131
-0.306654
-1.558159
-0.656386
-1.155031
-0.172029
2.080091
-1.642510
-0.525400
0.272235
-0.411670
-3.546245
2.593287
1.818862
-0.593826
2.143269
-1.292115
-0.022835
-0.393335
-0.958605
0.484671
-0.492453
-0.029981
-0.899225
0.547519
1.052386
-1.018160
-0.447156
-1.632090
-0.494606
0.325083
1.669808
1.976084
0.555328
-0.593954
-2.201812
-0.998090
-0.837724
0.157580
0.159745
-1.222378
-1.734224
0.305553
-1.262230
-1.949105
1.035501
-1.668163
0.609926
-0.723128
0.020621
-0.201818
0.418314
-0.037040
1.639774
-1.052917
-1.877678
0.008962
-1.242080
-0.028535
-0.241606
0.126379
0.266932
0.861601
-0.373220
-1.348747
0.458645
-0.759329
1.571938
0.014550
1.385631
1.394614
-1.066922
0.942819
-1.876677
0.598893
-0.003432
0.365352
0.381194
-0.629794
-0.265049
0.031782
-0.021534
0.137212
0.287079
-0.279366
-0.319682
-0.660078
0.350418
1.227642
-0.168420
-0.972905
-2.061275
1.374370
0.151977
0.872002
-0.226345
-0.176064
0.331442
0.639353
-0.910163
0.092157
0.263112
1.182188
1.367491
0.021584
-1.828444
1.823553
-0.834573
-1.328948
-1.219202
-3.398734
0.250585
-0.050061
-1.606447
0.185964
2.043041
-1.388165
0.398165
0.962299
0.856275
1.622075
0.319869
1.196851
-0.199427
0.449499
-0.566597
-0.605567
0.595001
-0.257314
0.397614
-1.929351
0.541546
-0.304551
-2.759164
-1.240791
-0.018578
1.545856
0.591586
-1.633885
0.100300
0.662556
-0.030027
0.062322
0.704902
0.102958
-0.437067
1.212870
-1.129903
0.612201
-0.071371
1.057034
0.729988
0.399493
-1.136889
-0.647527
-0.233840
-1.059735
-1.389309
-0.740301
-1.405540
-0.093295
0.721174
0.364674
1.594212
-0.529066
-0.970003
1.204056
-1.205212
0.450669
-0.021573
0.160069
0.271569
1.265628
-0.532866
0.828318
-1.423243
-1.611856
0.322816
0.730870
-1.244642
0.369108
0.922071
0.072340
0.951897
-2.310595
0.366581
-0.140002
2.315392
1.817301
-0.381693
-0.582612
-1.892955
-0.852227
-2.741185
-0.033402
0.382279
-3.604619
-0.017369
1.320308
0.246232
0.924844
-0.634625
-1.306744
0.361466
-1.849544
1.401281
0.365326
0.277528
-1.759084
0.526152
0.060464
0.334119
1.355252
-2.245141
-0.120400
-0.287049
-0.762102
0.938906
0.901620
-1.900066
-0.061252
-0.127002
-0.845580
1.929979
0.035300
-2.037444
0.082315
1.706180
0.734133
0.203713
0.738028
-0.344645
1.160297
0.269796
-0.482318
-0.467128
0.469321
-1.744063
0.305292
-0.084501
-1.098342
0.947171
0.789961
0.133245
-0.580430
0.068888
-0.376216
0.677973
-1.590444
-0.926589
-0.508013
-0.149231
-0.645105
0.589889
2.172600
1.160040
1.436111
-1.334792
-1.230325
-0.172004
-1.137798
0.066226
1.066302
0.741779
-1.180884
-1.174936
1.224145
1.821986
1.720889
0.640579
-1.351156
-0.254707
-0.292227
-0.409480
-0.607070
-1.942594
0.264475
-0.014733
-0.567790
0.696644
0.968785
0.310487
0.453794
0.418829
-2.929620
-0.611623
-2.556080
-1.676530
-0.158500
-0.506793
0.169026
0.117025
-0.657867
-1.022124
-0.001125
-0.442198
0.964474
-1.257928
-0.332056
1.005992
2.633113
-1.020919
1.183960
-0.114055
1.091059
-1.366399
-2.118800
0.867448
-0.411286
0.248644
-0.804677
0.879703
0.336802
0.645808
-0.250434
-1.465787
-1.558360
0.384015
0.941316
-0.972401
-0.278208
1.117558
-0.063250
-3.376502
0.566225
-0.797244
-1.361205
-0.544564
-0.820158
-0.590359
-1.392865
1.126775
2.806502
-0.204536
-0.835019
0.702601
0.369884
-1.407343
0.692116
1.764540
-2.258968
1.026528
1.262751
-1.062238
-0.075606
-2.358389
0.638043
-1.384642
-0.186467
-1.014033
1.799569
0.727585
0.301890
0.026567
-0.882749
-1.323386
0.489224
-1.535071
-2.104101
-1.130194
-0.514444
0.991272
1.349078
-2.031812
-0.164277
0.680982
0.418406
-2.431947
0.748569
0.577989
-1.103380
0.397372
2.298971
0.151751
-0.989039
0.409902
0.789822
-0.184751
1.099203
-2.099493
1.828239
-0.861667
0.140036
-0.020799
-2.001463
-1.907643
-1.918915
-0.274779
-1.077322
0.613140
1.483665
-0.671522
-0.421538
0.458169
0.967073
0.439909
1.124097
-1.581713
1.355578
-2.366327
0.716341
-1.551820
-1.420200
-0.954435
0.030414
0.090464
-0.724568
1.033196
-0.353020
1.534981
-0.810233
0.382522
-0.077280
0.764443
-0.662905
-1.847898
-0.740117
0.924675
0.004402
-0.508698
-0.200520
0.339305
-0.029919
-0.276845
-1.891098
0.031808
-1.960322
0.717298
1.808299
0.996804
0.648124
-0.127727
1.145341
1.857816
-0.590183
-2.005869
-2.377071
1.011064
-2.053488
-0.702750
-0.436997
-0.417333
-1.409247
0.592193
-1.739209
1.823553
1.089782
-0.876000
-0.304378
-0.247727
1.743816
-0.061308
0.374667
-0.617148
-0.568762
-0.482921
2.056149
0.187804
0.260050
0.146922
1.035904
2.506941
0.173850
-1.358220
-0.651535
1.813416
-0.847181
2.100156
-0.707420
1.719838
-0.557971
-0.475013
-0.333995
-1.282555
-0.982499
0.576548
1.920060
-0.190202
-2.117097
1.088695
0.990630
1.667446
0.323792
0.057323
0.759443
0.131187
-0.495984
1.560231
0.372650
1.002219
0.266834
0.133014
-0.170941
0.929554
-0.057994
0.676598
0.491478
0.378874
-1.216691
0.086335
1.149593
-1.595253
-1.104832
0.442594
0.866709
-0.854270
1.181164
-0.500856
0.543319
0.119036
0.860831
-0.328425
-0.582803
-0.180913
0.444886
-0.633588
-2.064342
0.656143
0.851979
-0.926881
0.476135
-0.496671
-0.362846
-0.800540
0.660803
-0.377062
-0.478479
-1.265884
0.254162
0.300301
-0.006668
-1.943028
-1.459634
-1.214861
0.689387
1.482899
-0.041110
-2.430132
-0.004332
-4.230069
-0.319410
0.038311
0.761093
-0.300977
1.269490
-0.581360
-0.130029
0.363123
-0.843068
0.067535
0.845509
-0.279687
1.956360
1.591880
0.533948
0.077780
0.192143
-0.877037
0.214531
-0.140093
0.007960
-0.331390
-0.791043
-0.836145
0.146860
-0.742948
-0.614739
0.174389
-1.132582
-0.782880
-0.110447
-0.763026
-1.259491
-0.653993
1.199324
0.825423
1.502800
0.905579
0.176262
-2.077974
1.018025
0.022771
-0.840723
-0.583152
0.695741
0.868015
1.832751
1.406095
2.649688
1.420007
1.605234
0.815189
0.764493
0.279076
0.526933
-1.614639
0.230738
0.825607
1.599299
-0.231241
-1.703867
1.818862
0.389693
-0.148413
0.255647
-0.120869
-0.981257
1.826674
1.445629
-0.161341
0.174345
-0.249645
-1.027323
-0.546348
-0.408069
-1.530416
0.431597
0.350331
-0.817304
-2.837304
-2.442009
-2.307440
-0.805536
-2.242001
-0.375563
1.389882
-1.039700
0.564448
0.841207
-0.505967
0.439032
0.805923
-0.790977
0.669517
1.707519
1.745903
-1.138854
1.026423
-0.962875
0.592576
1.344363
1.506604
-1.341953
0.217955
-1.300643
-1.786931
0.830165
1.863257
0.394926
-0.733053
-0.570000
-1.496136
-0.479765
-0.981454
-1.802464
0.348489
-0.402618
-0.455008
0.187480
0.169714
0.456464
-0.752593
0.334360
2.304170
0.190796
1.365846
2.299127
-0.695075
-2.159343
-0.864567
0.938415
-1.529870
-0.076326
0.155605
1.233846
0.278362
0.248552
0.276093
1.896569
-1.568578
0.072838
0.143180
-0.223483
0.497369
0.497959
0.644560
1.373115
-0.303374
0.810832
0.243583
-0.618651
-0.208320
-1.035651
-0.577951
-1.640180
-1.025106
0.763606
0.557522
0.008219
-1.188642
0.972968
-1.562521
1.451792
-1.741096
1.821986
0.466938
-0.069749
-1.813448
-0.554416
0.335628
-1.191081
1.451958
0.662188
0.480205
-0.514922
0.401787
1.024071
-0.160845
-0.463610
0.876082
-0.128525
-1.327856
-1.611264
-1.267452
-0.527216
0.968421
0.657467
-0.176149
-0.726195
0.804193
1.404842
-0.131195
-0.541990
0.756439
0.673430
-0.627909
-1.476017
1.278498
0.270029
0.433375
0.675383
-1.555184
-1.845533
-0.084763
1.150197
-0.372923
-1.764760
1.842910
-0.316571
-0.056002
-0.776184
1.161479
-1.325445
0.235234
1.083282
0.879774
0.615337
-1.103907
0.663999
0.880121
0.138944
-0.532855
0.871487
-3.155813
-0.564892
0.648322
1.481195
-1.135548
0.489202
0.600205
-1.307875
1.009761
0.541732
0.856695
-1.565593
-2.294632
-0.759502
-0.825226
-1.947686
-1.467604
-1.579495
-0.623389
-0.327797
-0.764571
-1.124543
1.022841
0.200645
0.299886
-1.771593
1.759983
-1.118400
1.823553
0.984968
-2.327096
0.983339
1.384718
-0.923491
1.936659
-1.049351
1.464823
-0.542505
1.209322
-0.741449
-1.791642
-0.549184
1.821986
1.942613
0.018913
-0.695236
0.003241
0.954163
-0.370712
0.607378
0.148279
-0.717147
-0.270932
-0.356233
-0.033204
-0.876707
0.275300
1.185897
-1.371096
-0.394306
-0.350684
-0.503794
-1.038401
-0.730683
0.781792
1.020767
1.773513
1.236659
0.659216
0.412762
-0.093772
1.044206
-0.028364
1.197344
0.543528
2.015936
0.711712
1.046049
-2.244272
-1.102681
-1.773266
1.099995
0.423387
0.837735
-0.620232
-0.555531
-0.476627
0.419315
1.327710
-0.476759
0.371737
-0.036236
-0.052785
-0.997332
1.481050
1.503899
-2.001770
-1.284697
0.804225
-0.050016
1.406218
-0.746848
0.266219
1.823553
-0.131595
0.696351
0.787982
0.247989
-0.743432
0.115657
1.826674
-0.371269
-0.152974
-2.016908
0.662269
-0.303608
0.342027
0.656086
-0.932622
-2.679221
0.099977
-0.700324
-0.400197
-0.752667
0.197862
-0.131963
0.318039
0.397716
-0.410417
-0.513630
1.202844
-0.232903
-1.726398
-1.601418
-0.410651
-0.073744
-0.123703
1.431123
-0.901218
1.400093
1.182920
1.820427
-0.661367
1.817301
-1.073054
-0.098027
-0.362364
0.718799
-0.978844
0.010702
-0.288849
0.312262
0.614622
-0.462425
0.357057
-1.843971
0.341171
-0.090131
-0.553057
-0.240518
0.030950
-1.493055
-1.188367
-1.118494
1.075034
1.790725
0.011955
2.093461
-3.074924
-0.462295
-1.454486
-1.568497
1.821986
-1.351892
0.785532
-2.738033
-2.134259
0.322695
-0.659041
-1.647820
-0.595977
1.117904
-0.060271
-1.247154
-0.266819
0.015013
0.042196
0.922833
-0.003496
-0.984700
-1.451799
0.428515
-1.057125
0.001179
0.919206
-1.644029
-1.132579
0.456547
-1.443286
-1.462232
-0.862195
0.284494
-0.102563
-0.944571
-2.822119
-0.340501
-1.265388
0.493978
1.620216
0.651367
-0.001814
-0.648151
-0.760143
-1.092273
-0.621391
-2.119237
-1.250800
0.071566
0.823562
-0.468049
-0.132373
-1.216246
1.128243
0.038376
0.012610
-1.921409
-0.996787
0.340427
-1.748827
1.248209
-1.793182
-0.870242
1.228453
0.675177
-0.570025
-0.306076
-1.099346
-2.074103
1.364216
-0.172476
-0.141034
0.734829
0.093806
-0.255295
-0.767869
-1.042660
-0.605196
-0.799128
-0.101635
-0.161373
1.197510
0.439112
0.184500
-0.044044
1.823553
1.746561
0.519270
-0.671723
0.623241
1.825116
0.595406
0.323176
1.219160
0.388735
-1.185390
0.850240
0.906337
0.657202
1.957437
0.749270
-0.606996
0.087165
0.459441
1.987317
0.485388
0.945894
0.908896
0.396361
-1.432362
-1.353941
0.270019
0.781677
0.811723
1.273304
0.402030
-1.753305
1.388413
0.524219
-0.649029
-0.951628
-1.918682
-2.513524
-0.289564
0.752856
-0.382479
1.231650
1.829056
-0.767921
-0.903227
-0.325521
0.323349
1.696984
0.434530
0.072120
0.481424
0.297007
-0.388944
2.261599
-0.233028
0.359091
1.719373
0.336020
-1.534008
-0.318716
0.368070
-0.241370
-0.229857
-0.406995
-1.194452
1.786727
0.136046
-0.606734
2.767181
-0.378284
0.530557
0.146187
-1.297749
-1.550873
0.211819
-0.579748
0.571458
-0.398778
0.567001
-2.267334
-0.387912
0.529362
-1.365978
-0.836845
0.058290
0.349820
-0.195943
0.230963
0.908465
-0.989592
0.745010
-1.208254
0.317362
-0.126113
0.684402
-1.185235
0.348627
1.825116
-0.633346
-0.188640
-0.387743
0.039016
-0.573912
-0.696964
-1.088323
-1.045392
0.601905
-1.614769
-0.928191
-1.730812
0.120858
-0.642162
-0.026210
0.032264
-0.468792
-2.304148
0.011609
-0.066121
1.080699
-0.684652
-0.531242
0.355044
-0.136797
1.749866
1.138891
-1.049376
0.181967
-1.319967
1.432079
0.385184
0.294296
0.716408
0.763752
-1.276986
-0.368646
-0.954949
-0.948115
-1.900230
0.221634
-0.062585
0.956852
0.052209
-2.279414
0.953329
1.089881
-0.112578
-0.034769
0.962935
-1.850188
-0.658449
0.268681
0.525665
-0.360279
-0.635851
0.176500
1.130749
-0.169444
-1.893240
0.389993
-0.024898
-1.042030
0.810191
-0.145408
0.325668
1.071529
0.215833
-0.959143
-0.374833
-0.262134
-0.858471
-0.006971
-0.929647
-0.553621
0.373256
-2.408243
0.127608
0.573396
0.049896
1.704808
2.639340
0.556458
1.917847
-1.011942
0.320377
0.288925
-0.785000
-0.728929
0.319116
-0.329510
0.399683
-2.715286
0.083478
-0.474736
-1.310810
0.343452
1.439369
-0.592979
-0.893763
0.185145
-0.377581
-0.835151
-1.171048
0.889314
1.126709
-0.904381
-3.049766
-0.252458
1.008715
-0.202428
1.075662
0.267393
0.226368
0.021560
-1.543063
0.330370
0.728698
2.547853
-0.032575
0.020902
-0.412350
-0.189157
0.861259
-1.165599
1.125511
0.502392
-3.622419
0.202491
0.425371
-0.274548
1.347026
-0.028535
-1.372877
0.937736
-0.205208
0.616909
-0.751652
2.031378
-1.506559
-0.987775
-0.624756
0.870565
-0.147930
0.687386
0.301691
0.112117
0.106111
1.112365
-1.575691
-0.524346
-2.014493
-2.091932
-0.801575
-0.240526
-0.602132
0.004081
1.423445
-0.177023
-0.349474
-1.402409
-3.299070
0.362538
-1.350732
0.705157
-0.767844
-0.814459
-0.313886
-1.557082
-0.022071
0.586857
0.071132
-0.068778
-0.488846
0.894506
-0.651560
0.972895
-0.969439
-1.195392
-1.775164
-0.509734
0.103512
-0.592413
-0.394362
0.594929
0.653891
0.926037
0.138350
-0.475182
-1.669067
1.168458
3.059559
-0.930848
-0.337529
0.580412
0.408182
-1.341653
-1.077925
-0.037425
-0.642736
-0.752159
0.811299
-0.874584
1.385919
0.598913
1.040619
-0.390778
1.392516
-2.143115
-1.625028
-0.414135
0.723217
1.893283
1.823553
0.810746
0.855437
-1.005587
-1.287004
1.077302
-0.382597
0.829385
-0.198291
-0.921258
-0.683844
-2.117152
-0.086642
0.141112
0.247987
-0.289207
-1.504657
-0.164665
1.551189
-1.387832
0.032139
-0.348058
-0.034837
0.023689
0.462058
-1.304538
-0.772667
1.682919
0.168689
0.116244
0.898812
1.303328
-0.236149
-1.231320
-1.279118
0.505109
0.051354
1.862971
-2.671704
1.648181
-1.175902
0.409899
0.080215
0.016081
-0.129234
0.676361
0.655699
1.823553
-0.342381
0.926083
1.058073
-1.035041
0.325622
-0.919979
-0.422691
-0.522113
-0.815527
0.251704
1.387277
0.394722
0.402928
1.007859
0.387074
1.675816
1.232278
-0.975886
-1.415774
-0.461875
-0.894632
-1.101817
-1.666657
-0.620206
0.160781
0.251125
0.791906
-0.187472
-0.622403
0.427596
-0.078807
-1.461902
0.861997
0.608915
-0.605951
-0.163057
0.080315
0.719844
0.913285
0.143696
0.484404
-0.410171
-0.022862
-0.801007
0.394718
-0.462130
-0.786339
-0.805856
-0.394407
0.456779
-2.388136
1.754798
-2.533192
0.004315
-0.209389
0.238358
0.258712
-1.223548
1.050251
-3.092227
0.791126
-0.442071
1.218776
-2.418912
-0.069359
0.644039
-0.720198
0.382115
1.900038
-1.116260
0.319635
-0.195302
-2.269925
0.209852
-0.010305
0.393151
0.457909
0.853179
-0.434719
-0.009262
-1.165761
1.440166
0.536247
0.126925
-0.262659
-0.263118
0.769467
0.499079
0.124423
0.301106
0.756385
-1.213400
-0.781181
0.299275
1.823553
0.850198
2.159145
1.570099
2.470109
-0.206693
0.808394
0.797759
1.821986
-3.272795
0.305305
-0.528551
3.694801
1.131010
0.696944
1.854631
1.821986
2.016109
0.565481
0.774190
1.823553
1.243838
-1.016588
1.820427
1.496022
1.742296
1.820427
-2.263765
1.821986
-0.713150
0.456065
1.817301
1.817301
1.224145
1.802149
1.730566
0.110602
1.825116
1.001576
1.823553
1.818862
2.208585
1.825116
2.202905
-0.468556
-0.801404
-2.498342
0.614765
1.643381
1.282481
1.778396
-1.602787
1.825116
1.820427
1.823553
-1.885553
0.608973
0.566542
-0.748339
1.661437
0.382135
0.584479
2.832582
-0.402409
1.132380
3.252681
1.207053
1.518378
1.321118
-1.013885
-0.130979
1.808903
0.590885
0.494524
1.472917
-0.202924
1.291046
-0.684513
1.283788
0.304206
0.482734
1.341491
-1.261424
2.001536
-0.331423
0.916852
1.352975
1.212036
0.503753
0.091897
-0.717216
-0.274356
0.077887
-1.510890
-1.699579
-1.033623
0.785668
1.695306
1.322295
-0.952997
1.140449
-0.925341
-0.485474
-1.508470
1.356575
-2.131042
-0.513826
-1.155098
-0.160513
-1.242358
-0.023497
-2.059832
-0.621738
0.667917
1.032808
-1.286369
1.566313
2.675887
1.325315
1.825116
1.823553
0.330425
-0.095357
0.576654
-1.244248
-2.078505
-2.182859
0.222896
-1.556517
-0.145287
0.784781
-0.478337
-1.861868
-0.336277
1.851913
-0.364525
1.697455
-0.377005
-1.662374
-1.893144
0.766044
0.070987
-0.106421
-0.672154
-0.498682
0.081908
-1.852438
1.041163
0.144323
-0.711883
0.519419
-1.238228
-2.047455
0.362591
1.251079
-0.305212
-0.109957
0.742005
0.187885
-1.456444
-0.850952
-0.899844
1.333281
-1.374142
-0.418837
-0.200785
-2.516332
0.272213
0.831270
-2.098884
-0.187119
0.692251
1.053507
-0.412443
0.013272
0.908079
-0.766671
-0.773139
0.490765
-0.916397
-0.393725
0.141069
0.638372
0.641960
1.088967
0.555840
-0.530797
1.634674
-0.117658
-0.143619
-0.084117
-1.742799
-1.037540
-0.183719
-0.362177
0.417275
-1.651633
-0.502004
0.551399
-1.628641
-0.853310
-0.578334
1.399990
-0.795841
-0.417719
1.175363
-0.471486
1.238935
-0.672286
0.175203
-1.028301
-3.453095
-1.523718
0.409900
0.760039
-1.048784
1.298701
0.026059
0.114388
-0.578467
2.208032
0.560217
-0.893372
1.388773
0.636559
-1.295259
-1.621220
1.600733
1.610637
0.081775
1.060858
1.950227
-0.816863
-0.733543
0.502319
0.034948
0.589464
0.803267
0.785916
1.515583
0.439430
-0.442359
-3.018789
-0.203022
1.562267
-0.657892
-0.603536
-0.477331
1.219730
0.278373
1.238516
-2.572856
0.141107
-2.901425
-0.588440
-1.062696
-0.517223
-1.136364
0.757792
-1.686282
-0.834544
0.185859
0.507092
0.679297
-0.805604
-1.942560
0.868371
-0.171577
-1.999506
-0.670357
0.349551
1.820427
1.187717
0.890104
-0.438612
-0.681650
-1.014849
0.380583
-0.754210
0.494634
-0.974945
-0.139924
-0.834099
0.090077
0.405920
-0.165685
-1.414445
0.295154
-0.078664
0.559700
-0.115648
0.903234
0.309088
-0.247348
0.491406
-0.703459
-1.484836
-0.051287
0.146348
-0.403259
-0.186387
0.577232
1.721976
-0.471737
-2.406093
0.543932
-2.822753
1.188493
-1.271423
0.220718
0.850269
-1.113298
1.276303
-1.102674
-1.686658
-0.934195
-2.100770
0.320428
-1.255416
0.348487
1.074694
0.496734
0.474271
-0.774700
-0.319692
-1.218449
0.342518
0.806600
0.505852
-0.283451
1.236287
0.025246
1.852855
-2.696122
0.618007
-0.938703
0.911110
-0.229628
-0.472018
1.199481
-0.030156
-0.021661
-0.311144
0.442314
1.223834
-0.359405
-1.323429
0.584297
-0.752333
-0.554444
0.872249
-1.927169
2.823756
0.873790
0.740018
1.143318
1.458107
0.019734
-0.209849
0.641025
0.989794
-1.342146
-0.852306
0.283643
0.037443
-2.263914
-0.177302
-0.603224
-0.718745
-2.131590
-1.427367
-1.520072
-0.642782
1.716627
1.345315
1.039732
-0.193555
0.514415
-0.070113
-0.098587
1.677871
-0.309090
0.677721
-0.847841
-0.019859
0.860101
0.865062
0.198568
-0.357983
0.759720
-0.212228
-1.830646
-0.226371
-1.053457
0.545959
-0.127020
0.492500
0.676604
-0.780988
-0.124087
0.013312
-0.662668
-0.582161
-0.252624
-0.143275
-1.867059
0.272337
1.163425
-0.470077
-0.313088
-2.405611
0.643017
-0.075584
0.063394
-0.283386
1.828239
0.168920
0.937740
0.548796
-1.047718
0.662377
-0.115241
0.407850
-0.848503
0.134066
0.016245
1.152431
-1.095130
0.780193
0.012721
0.099292
1.323893
0.150685
-2.189745
0.808402
-0.123376
-0.569291
1.682004
-2.620443
-1.126265
0.271941
1.034454
-1.101538
0.780028
2.352087
0.016294
0.598872
-0.109495
-1.565689
0.084784
0.019184
0.903373
1.161187
-0.353407
-0.622955
-2.538147
0.604019
0.010895
-0.795226
1.821986
-0.397364
2.342760
-0.173408
1.825116
-0.823594
0.707721
1.076109
-0.454381
-1.671405
0.860035
0.067173
-1.957444
-0.131978
-2.357499
-1.097785
-0.793130
0.415127
0.867724
0.737502
-0.066535
-1.180693
-1.315110
-0.596592
0.861287
0.539356
-0.710594
1.825116
-1.165884
-0.718661
1.165974
0.648265
0.111291
1.821986
0.456138
-1.642699
-1.192590
-0.003917
-0.044029
-2.311038
-1.017844
-0.446369
-0.930604
0.633965
-2.024167
-0.805233
1.825116
-0.495236
-0.734424
1.520631
-0.833470
-0.061661
1.691336
0.142290
-1.032652
-1.314720
-0.175095
-0.362404
-1.670080
-1.483776
0.401022
-1.760947
-0.943453
0.117367
0.234946
0.879458
0.595894
-1.069197
1.073308
0.500715
-0.483228
0.118127
-1.446013
-2.238367
0.299501
-1.108068
0.403275
-1.369854
0.374080
0.921611
-1.683539
0.392840
-2.965235
-1.889393
-1.101179
-2.731821
1.663293
0.635708
1.430417
0.032457
1.235728
0.524179
-0.083270
0.947897
-1.518218
1.210016
0.673765
-2.465208
1.111172
-0.212477
0.959153
-0.173722
-0.229289
-0.610775
-1.054832
0.731792
-2.491317
0.588264
-0.218717
1.026662
0.234116
0.115961
-0.191893
-1.079295
-0.618316
-0.904078
-1.167506
0.732910
0.341901
-1.345546
0.045435
-1.547167
-0.113811
0.425389
-1.117013
-0.804218
1.821986
1.067381
-0.324084
-0.645043
-0.511891
-1.235309
-0.412806
-0.152384
0.768773
0.889159
0.066225
-0.105385
-0.117487
0.391979
-2.345396
1.613003
-0.404851
-0.974173
0.493448
-0.109442
2.147911
-1.006516
0.075893
0.345887
-1.735924
0.604013
2.016826
0.822067
-0.103830
0.054045
-0.084518
0.190913
-0.552739
0.229788
-0.366784
1.628225
0.362888
1.174373
-0.084133
0.355485
1.158478
-1.463150
3.005934
-0.525918
0.376115
0.053152
-0.646359
1.715745
-1.149151
-0.758886
0.126298
0.679681
-0.455301
1.172924
-1.518525
-1.155520
-0.354273
-1.926895
-1.118228
-1.176606
0.881035
1.821986
1.817301
-1.649001
-2.517204
0.307742
-0.616681
-0.120717
0.756385
1.341204
-0.117910
0.642783
0.478623
0.919120
-1.821025
1.233865
-0.493819
0.605895
-2.412733
-0.590776
-0.166464
-0.243201
1.582396
0.011823
-0.994912
-1.953002
1.144581
0.744078
-2.884554
0.799653
-1.083325
-1.586730
-0.202857
-0.458640
0.094692
0.639969
-0.955381
-1.034889
0.727789
0.016545
0.843201
0.165879
-1.324461
0.739726
-1.387058
0.631598
0.864118
-0.657754
0.463689
-0.339377
-1.616980
-0.349282
-0.802758
0.879866
-2.338924
-1.298356
-2.626883
-1.111570
1.176655
-0.264021
-0.974597
0.052295
0.845927
-2.679712
-0.320486
1.010641
-0.547710
-0.964089
-1.003780
-0.469912
0.848623
0.069499
0.045463
-0.032061
-3.349182
0.823081
2.115834
0.349628
-1.015174
0.071502
-1.560439
-0.312577
1.478402
0.420388
0.427287
-0.015683
-0.853835
0.684923
0.461428
-0.908558
-1.891272
2.428082
0.719977
-1.488080
-1.943530
-0.846572
-0.192382
-0.837295
-1.280918
-0.710202
-1.351001
0.597497
0.180285
1.497010
0.836562
-0.108890
1.823553
-0.796503
0.763796
1.178848
-0.328480
-0.283561
0.477911
0.314448
-2.262989
2.031452
1.073121
0.096275
0.176441
0.059093
0.313332
0.538300
-0.318405
-0.197047
1.298672
0.768314
0.472940
0.307420
0.267114
0.407229
1.010767
0.956571
0.646838
0.544694
-0.678027
-3.047925
-0.291728
1.944389
-1.446719
0.363701
-2.553307
0.762842
1.024713
0.467533
2.741163
-0.448245
-2.484400
-1.406209
1.417189
0.529135
0.631619
1.071165
1.012668
0.184350
-1.212506
-0.396232
0.760013
0.232104
0.174258
0.031146
0.022157
0.731052
-0.095592
0.216040
-0.105671
-2.000421
0.055633
2.292723
2.411582
-0.046093
1.614873
-0.642753
0.768434
-0.044525
0.479438
0.014881
-0.500591
-0.297240
-1.465837
1.067062
0.157319
0.306199
-1.820595
-1.326696
-1.784153
-2.836502
2.475324
-0.599645
0.934242
1.170007
-0.705722
-0.885783
-1.308107
-0.450021
0.434833
-0.611363
1.500972
0.406303
0.418830
-0.113436
-1.405090
-0.193167
-1.631909
0.532329
1.399332
-0.127620
0.650403
1.655998
0.774282
0.745835
-0.338576
-0.999500
-1.728398
0.512318
-0.411725
-1.897519
-1.880623
-0.262415
0.377565
-0.481429
0.171587
-0.857313
1.166997
-0.369239
0.418249
-0.433768
1.746190
0.780595
0.467886
-1.215802
1.148423
-0.375483
-1.180105
-2.762451
1.641136
0.552371
0.581419
-0.167800
-2.098827
-0.588190
-2.192978
1.215048
0.907916
-0.985897
-1.908258
-1.141483
-0.472980
2.275077
-3.763914
0.545554
0.522700
0.659934
-0.400479
-0.959195
-1.755748
0.547376
0.668492
-0.715644
2.333128
0.303330
1.652691
-0.871403
0.907709
0.150930
0.849800
0.978690
-0.425550
-1.119230
-2.368429
-0.085925
-0.378547
-1.109890
1.798963
1.934483
0.554653
-1.365475
-0.023721
-1.859527
0.671181
-0.409346
-0.677618
-1.658940
0.414497
0.872286
-0.749162
0.287789
-0.299894
-1.614353
-0.978188
0.125352
0.246660
1.069043
-0.138975
0.678475
0.193993
1.715170
0.005767
-0.061656
-1.636978
0.124177
-0.641443
-1.420358
-0.992294
-0.584819
-1.651139
-0.317609
0.776423
0.903298
-1.479899
-2.149776
0.882514
1.826674
-0.513131
-0.195314
1.099558
0.113733
-0.152554
0.150377
0.213411
0.187856
-0.863772
-0.613600
1.188277
-0.809809
0.809105
-0.995117
-0.441092
-0.255203
1.402693
0.615093
0.907304
0.585101
0.463459
0.973380
-1.710942
0.203625
-1.569778
0.296423
-0.040267
-0.026861
-2.834421
-1.154037
-0.320343
-0.365222
0.380996
-2.836997
-0.817094
0.470168
1.425596
-1.154633
-0.707129
0.031050
-2.077608
0.003753
0.593240
0.180469
-1.132396
0.706072
0.333970
-0.212091
-1.422503
0.394655
0.413292
0.976233
0.600093
1.791009
0.547224
1.825116
0.530576
-0.358049
1.826674
-1.602637
1.019996
0.446362
-0.749590
0.902295
-0.046334
0.476028
-0.444688
1.282498
0.253847
0.855443
-0.064538
0.443505
-0.818387
1.309312
-1.438102
-2.774580
-1.165922
0.632018
1.120506
-0.023262
0.320151
-0.859868
-0.832862
-0.061880
1.216261
0.108148
0.100706
-0.956811
1.205228
-1.602265
2.066580
-0.047982
0.525102
2.335718
1.790365
0.553654
-0.752683
0.226578
0.241304
-0.377709
-0.506547
-0.730223
-2.072553
-0.116209
0.012337
0.396702
-1.149182
-1.476082
-0.758545
0.657710
-0.354684
0.052923
0.165844
0.711646
1.867249
-1.527972
-0.981952
-1.600545
0.198725
-2.101851
-0.603070
0.806537
0.626203
-1.453847
0.857332
-1.340266
0.067838
-0.650176
0.506033
-0.285407
1.587999
-0.684195
0.745354
-0.451035
-0.633448
-1.329871
0.163662
-1.650465
-0.731375
-0.000399
-0.025764
0.863173
0.265971
-1.012797
0.849528
0.790445
1.729507
1.003192
-0.009131
-2.083861
-1.094898
0.267785
-1.783619
-0.911775
0.307783
-0.372259
0.570386
-0.608519
-1.481629
-0.284345
0.881787
-0.804168
-2.560207
-2.950415
-1.483252
-2.874033
1.263424
0.586502
-0.489930
1.921446
0.638388
0.340352
-0.353689
0.833046
-0.867331
0.980252
-1.269720
0.863603
-2.021400
0.000003
-0.017217
0.640529
0.662349
-3.854535
-1.214848
0.316226
-4.173337
0.311732
-2.313704
-1.325426
-0.797583
0.644183
1.050215
0.131357
1.290313
0.028114
-0.196454
0.532152
-0.570603
-1.386597
-0.009582
-1.774210
-0.042763
-1.734543
0.783819
0.198380
0.959518
0.783248
2.226396
-0.191942
0.371004
1.114187
-0.939424
-0.203663
-0.488931
0.542342
1.638551
-1.734573
-0.959020
0.159727
0.593327
1.371768
-0.356246
0.070086
1.056494
-0.787802
1.278556
-0.955653
1.952425
-1.416569
-1.083625
0.290801
0.476427
1.079654
-0.782689
1.471580
0.861592
-1.357430
0.645573
1.776528
-2.824409
0.407007
1.119772
-0.611718
0.160903
0.026545
-0.172914
-1.027565
1.386132
0.001078
-0.283121
-1.170173
-1.564969
-3.460172
-0.034384
0.324557
-1.743302
0.645551
0.374530
1.164427
0.805419
0.525288
0.642018
-0.149029
1.793835
0.338706
1.423643
1.167067
0.367420
-0.944020
0.687498
2.462155
-0.274397
-1.331822
0.106939
-1.496502
-1.370490
0.680140
1.587085
-1.272162
1.820427
-2.675860
1.556874
0.692186
-0.769264
-0.434716
0.389328
-1.623138
-0.692378
0.388223
-0.006973
-0.106649
0.714391
-1.471375
0.336856
-0.264787
0.629385
-1.197326
1.821986
0.046161
0.445954
-0.006918
0.015213
0.020828
-0.466469
1.492412
-1.084844
0.320225
-0.266221
0.108730
-0.464208
-0.173325
2.162515
1.612427
0.450010
1.172778
-1.064739
-0.788842
0.073640
1.058501
1.706476
0.758852
-0.650841
0.472894
-0.372595
-0.735771
-2.803470
-1.141677
1.144919
-0.654294
-0.212021
-2.506941
-0.051580
-0.400017
1.600756
1.764526
-0.385021
-0.599861
0.423362
1.219807
2.098331
0.750385
-0.187921
1.336883
1.060060
0.054091
1.036864
-0.207536
-0.035744
-0.078270
-1.308131
-0.805424
-0.042469
0.451665
-1.712264
-0.593083
1.121207
-0.817412
0.787182
0.297616
-1.857761
-0.045665
-1.179116
0.555632
-1.881958
-0.592790
-1.508139
-1.100869
0.587502
0.851777
1.391195
0.932998
0.815855
-2.549459
-0.690497
0.531832
-1.961071
-3.389089
-1.505886
0.131971
-1.122952
-1.537179
2.129920
0.007523
0.530252
1.126107
1.086488
-2.277398
0.549608
-0.060200
-0.329980
-0.199616
-1.138397
-0.045635
-1.407754
-1.666352
-0.687535
-0.683660
-1.306966
0.671148
-1.302079
-1.836735
0.371982
-0.829674
-1.546525
0.196280
0.869989
-0.961692
0.456777
1.101398
1.554277
0.425657
-0.036391
0.203830
-0.955956
-2.168058
1.295461
0.982372
0.080569
-0.794177
-1.534117
0.451928
0.664861
-0.360882
0.546176
1.356632
1.351129
-0.736828
-2.487587
0.249582
0.324981
-1.355691
-0.593876
1.550044
0.242516
0.754254
0.764322
-0.294064
-0.534552
-2.922807
-3.267978
-1.930848
-0.760034
0.144446
0.550779
1.027591
0.817672
-2.267709
-0.114077
0.323729
-1.333259
0.974117
-1.109377
1.258621
0.171683
-0.948682
-0.039605
-1.611998
0.094199
0.429163
1.401970
0.012590
0.420774
-1.924262
-2.653286
0.055089
-0.519754
-1.560915
0.524804
0.615217
-2.417507
-1.147569
-1.786614
3.349719
-0.962468
2.767154
0.794570
-1.953890
1.894651
-1.005871
-0.524387
0.921111
0.172162
0.126172
0.319715
-0.801150
0.305245
1.506085
-0.792450
0.113106
-2.348116
0.340412
-0.505515
-0.367045
0.860903
-1.433425
1.812442
-2.141536
-0.435163
-1.788491
-0.323279
0.614937
-0.518715
1.401745
0.037396
-0.768017
-0.797346
1.642623
0.927346
0.720085
0.244591
-1.556684
1.354189
-1.490787
-0.631446
1.034570
0.464594
-0.564037
1.917575
-0.409878
-3.825524
-1.206022
0.878458
0.926330
0.096295
-0.150185
1.872564
-1.143276
-0.559212
0.417511
0.378513
-2.828381
0.320676
1.612202
0.575364
-1.147736
0.647278
1.323345
-1.255168
0.176224
1.033595
-2.079314
0.144462
-0.538008
0.460995
-0.456241
-2.039031
-0.660395
-0.495834
0.687317
-1.147935
-1.110469
-0.472841
1.004161
0.571954
-0.377342
-2.579702
-0.069084
-1.108357
-0.083690
1.156257
-0.246658
-0.879691
0.709701
0.557263
-0.884438
-2.386845
-1.383687
-0.361532
0.857713
1.635897
-0.123011
-0.172035
-0.422912
0.114526
0.917659
-0.672813
1.272109
-1.201622
0.812755
0.334100
0.586206
0.869529
-2.350049
-0.241521
1.077943
-0.201164
-0.086282
1.118056
-0.026277
-0.208143
-0.029492
1.448904
-0.050507
1.399840
0.325001
-2.826951
-0.007976
-0.113489
-0.350755
-0.997362
0.507584
-0.242720
0.751220
-0.377403
0.037084
-0.355617
0.219277
-1.345215
0.252593
1.780138
0.750665
-0.777982
0.229499
0.315042
1.825116
-2.184026
2.348581
-0.058837
0.350147
1.825116
-0.336782
0.330799
0.635384
-0.792475
-0.978267
-0.688388
0.442657
-3.018967
-1.004332
1.165190
-1.689953
0.408381
-0.701892
-0.775403
-0.778683
1.823553
-0.327143
-1.825470
-0.809380
1.051241
0.319555
-0.164233
1.718408
-0.831378
0.548382
-0.503442
0.454686
0.090895
2.009436
0.177600
0.304281
1.904695
0.316504
0.589531
0.327514
0.346675
0.471680
-1.846105
1.047436
-0.540856
-0.792180
0.135465
-0.390836
-0.997701
0.196210
-1.045416
-1.000338
-2.602341
-2.290587
-1.841993
0.045958
-1.280019
0.789130
-0.859337
1.037953
0.634530
-0.343686
1.829801
0.848430
-1.457854
-1.059830
0.297214
-2.010421
-1.057405
0.599607
-0.159724
0.310242
0.195038
-1.751182
0.166836
0.747220
-0.035897
0.943159
-0.524468
-0.549887
0.703026
-0.174530
-1.451890
0.726640
0.353201
0.880337
1.920146
-0.618239
-2.536335
0.007595
0.344634
-0.119505
-0.409562
1.040873
0.233392
-0.668014
-0.593420
-0.774799
-0.717109
0.439894
-1.709334
0.944862
1.886260
0.222671
1.096915
0.062579
1.116529
-0.686172
-0.951974
0.895197
0.023644
0.620445
0.040690
-0.653242
1.220713
-1.095046
0.231137
0.433837
0.780104
1.200327
-0.315249
-0.729985
0.674649
-0.568384
1.225647
-0.922148
-0.447065
0.965126
0.389152
-0.449815
2.048926
1.320204
0.467866
-1.306633
-1.711891
1.345615
-2.132903
1.823553
0.109719
-1.690407
0.479767
0.648902
1.187520
-0.817138
-0.392503
0.390912
1.363574
0.749535
1.019794
-1.020272
-0.150718
-1.061251
-0.183949
0.209367
0.839460
-0.856717
-1.086637
0.615548
-0.447388
-0.509361
-3.687196
-1.273245
0.678333
0.949483
0.619968
0.613484
0.570365
0.005244
-2.369379
0.245188
-0.218426
-1.652366
0.955594
1.049298
-0.171965
0.829642
0.065578
0.235151
0.479431
1.074386
-1.237906
-1.464662
0.148245
0.426108
0.224572
2.221435
-0.058859
0.283847
0.589917
0.198658
-0.676324
0.107933
-1.486493
-2.506367
0.429971
-1.223111
-0.240519
0.298769
1.825116
-4.096602
1.061041
-0.948988
-0.312361
-1.766198
-0.944298
-0.793366
-0.440727
0.109915
0.590875
0.601648
0.209680
1.484720
-1.693478
0.449675
1.737306
1.003245
-1.170178
-0.320321
0.007296
0.909633
1.278244
-0.535641
1.101464
0.635450
-0.809316
-0.319504
-1.490738
-0.158108
-1.196212
0.931145
0.304545
-0.269564
-1.898325
0.270148
1.111646
-0.268994
0.105640
-0.890891
-1.027625
2.065587
-0.842757
-0.246300
0.759393
-1.115739
1.082376
0.251425
-0.238927
0.598958
-1.995718
-2.247317
-2.470252
0.895085
0.832400
-0.076088
0.444089
-0.679469
-0.642970
-0.292196
-0.538777
0.982721
-0.486260
0.610965
1.156695
0.498433
-1.606362
-1.156423
-2.026667
-0.693480
-2.859252
-0.395510
0.006718
-0.104773
-1.026670
-0.132441
0.987396
2.475566
-0.013049
-1.791013
-0.546123
1.066391
-0.575851
1.818862
1.092294
0.575141
-1.323286
-0.079952
-0.901900
1.823618
-0.105663
-1.178186
0.468745
0.657255
-1.374448
1.026745
-0.699612
-0.178327
-0.178980
-1.763155
-0.016679
-1.090740
-2.295840
-0.628670
0.816237
-0.725577
-2.166706
0.027218
-1.479097
2.155715
1.325426
1.258483
-0.733942
-1.459671
-2.378357
0.394871
-0.171982
1.001724
-1.240314
-3.027854
-0.115249
-0.062988
-1.587208
0.641403
0.501886
1.194306
-0.268825
-1.843932
0.594430
0.537045
0.436068
1.209099
-0.212042
-1.215114
0.944826
0.107748
1.123676
0.950895
-0.690610
0.974449
0.563199
0.665280
-0.205884
0.910333
0.143239
-0.959684
0.152800
0.475355
0.240094
0.394170
-1.422647
-0.215639
-0.217751
-0.775379
0.637636
0.123794
-0.719902
-0.579065
-0.211573
-1.558909
-1.402660
-1.109368
-0.380100
-2.449807
0.375241
0.076151
-0.097585
0.187711
0.148589
-0.252466
0.002147
-0.329905
-1.026693
-1.455618
1.098270
1.825116
-1.185771
1.023303
-0.405675
1.440706
-0.786822
0.752826
-0.107826
-0.070891
-2.456645
1.068009
0.723117
0.340305
-1.632930
0.837829
-1.326683
0.762119
-0.231071
-2.534406
0.052021
-0.421574
-0.358645
1.760322
-0.881011
0.669055
0.324346
-0.012070
-0.992952
1.795426
-2.783850
-0.220737
0.522955
-1.088125
-1.699369
-1.364908
1.268517
0.579152
1.988682
-2.237725
-0.684412
-0.015718
-0.594912
0.927701
0.363054
-1.671859
-1.446514
-0.335883
0.363165
0.228945
0.236495
0.967447
-0.545358
0.301451
-0.245019
0.221216
0.222810
-1.511139
0.497445
0.939848
0.188423
0.183079
-0.040525
0.968411
1.202924
0.744579
0.166089
0.042554
-0.113815
1.820427
-2.316233
-0.781837
0.375472
-0.358347
0.138451
-1.377297
-0.975480
-0.530982
-1.333876
1.701466
-0.202097
-0.354824
-0.130455
-0.399026
2.446212
2.096272
0.680381
-0.905205
-1.542013
0.555598
-2.302527
0.167984
-0.796997
0.323303
0.773445
-1.618249
0.478132
-0.717779
1.316553
-0.108611
0.914564
2.021263
0.200744
-0.955966
1.821986
-0.863666
0.199605
0.767114
-2.579456
0.220872
0.880907
-2.512142
0.094484
1.340582
0.047453
0.920469
0.253487
-0.150602
-1.958026
-1.010805
-0.135672
1.055060
-0.224398
0.320329
-0.705001
0.536073
1.104851
-0.607969
-0.841900
0.914955
-0.217558
-1.451265
0.417751
-0.596397
1.158021
0.241444
-1.886568
1.011087
1.000288
0.588839
0.338690
2.074709
1.281718
-0.895581
-0.204376
-0.310654
0.359912
-0.253067
1.138709
0.787517
-2.791375
1.204234
0.040320
-1.076245
-0.985442
-0.799132
0.169838
0.352194
-0.817504
1.820427
-0.904209
0.563200
0.119459
-0.840532
0.617568
-0.988764
-0.701069
0.105522
-0.326008
-0.128582
-1.707473
-1.576059
-0.045212
0.010951
0.750264
-1.334566
-0.556129
-0.938241
-0.402969
0.681528
-1.631287
0.089992
-1.239812
-0.708045
1.461211
0.517667
0.248906
0.268227
0.221161
-0.256076
0.241463
0.978934
-1.359647
-0.982766
-0.365560
-0.873398
-1.066776
0.917788
1.059910
0.358663
0.067625
-0.802771
0.580923
1.008217
-2.636011
-0.829252
2.329569
-0.082509
0.352584
-0.544150
0.081797
-1.378841
0.657659
-2.969947
0.009125
1.526275
-0.349976
-0.900515
0.950868
0.689728
-0.260179
-0.537137
-0.093775
-1.460631
-0.165509
-1.026058
0.764646
-0.318684
0.289441
-0.435594
-1.251632
-0.183753
-0.444554
-0.384600
0.728489
0.281450
-1.335306
-1.142294
1.047304
1.738354
0.390280
0.919910
-0.826645
-1.315125
0.114721
0.464255
-2.067583
0.945866
0.807934
-1.015359
0.948524
1.719890
1.367143
0.509502
0.167310
1.017855
-0.847360
-0.749680
0.669945
-0.343907
-0.467488
0.215428
0.567178
1.818862
0.431801
1.815738
-0.578878
-0.079289
0.589082
-0.414165
-0.158611
-1.026248
-1.085579
-1.009854
-0.620530
0.731538
-1.004730
-0.338402
-0.269254
-0.304006
0.521998
0.678121
0.646882
0.734643
1.513609
1.138788
-0.836254
2.411659
0.423924
-1.631100
0.654316
-0.710330
0.747045
0.052462
-0.017887
0.904488
0.489511
-1.006125
0.536838
0.263056
-0.964452
0.794293
-2.405467
0.440569
-0.142739
-1.533035
0.331325
-2.493765
0.781130
-0.044947
0.965439
1.053723
0.863519
1.349198
-0.618540
0.325564
0.607716
-1.981729
-1.277838
-0.910241
0.117956
0.671934
0.688137
0.717468
-0.693074
-0.002380
-1.011099
0.507878
0.002358
0.842219
1.820427
1.407070
0.787042
-2.186896
0.348579
0.610316
1.825116
0.792720
-0.580611
1.916887
-0.013268
-0.701307
0.360111
1.013987
0.656153
-1.230856
-1.947962
-0.568218
-0.583739
-1.910926
1.060512
-0.315666
-0.746575
0.772147
0.755501
-1.103665
2.388812
1.966926
0.242390
0.575464
1.850428
-1.932521
-2.162678
0.408857
-1.409691
-1.577334
0.525035
0.195387
-0.711028
0.277870
-0.124584
-0.425538
0.400521
0.704761
-0.089185
-0.719316
0.852482
-2.226368
1.253133
-1.352952
0.865945
-2.090390
-1.390884
-0.409069
0.622482
-0.045441
0.234670
-1.822053
-0.174401
1.256698
-1.531576
-0.229497
-0.562209
0.578843
0.762839
-0.662257
0.355974
-0.021575
-0.142877
-1.087404
-2.093173
0.028059
0.346943
0.851881
-1.376197
0.249768
1.141340
-0.160001
-2.004656
-0.100500
-0.748057
0.378097
0.412611
-1.724258
-1.024892
0.797048
1.283705
2.234994
0.576196
2.643651
0.101128
-0.120558
0.353527
-1.369887
1.019433
-2.337987
-1.899435
0.607473
0.250913
-1.802523
-0.468531
0.617836
-1.285635
1.325426
-1.843251
0.844898
0.311945
0.506860
1.262830
0.583601
0.377233
-0.163091
0.858853
-0.171718
1.283626
0.469772
-1.453600
-1.547367
-0.016448
-0.955712
-0.490198
-1.081398
0.784520
1.372178
-1.738461
0.204630
2.133594
-1.772730
0.564435
-1.253236
-0.199655
-1.651928
-1.467564
0.468627
1.812615
-0.176987
-0.972170
-0.563194
4.653930
-0.208177
-0.845608
1.071625
0.605004
0.445735
1.833957
-0.150407
0.857378
1.596391
1.089251
0.406660
2.067539
2.095149
2.183568
0.525724
1.825116
2.158581
2.179725
0.386842
1.823553
0.917410
-0.641605
-0.625684
-0.748756
-1.066387
0.350781
0.578514
-0.022234
0.514916
1.625494
-1.793936
1.263966
-0.603392
0.607922
2.037422
-1.582523
-0.661851
0.917748
-0.471737
1.077911
1.820427
0.145568
-2.465794
0.981002
-2.451825
1.850630
0.754290
-0.180276
-0.249067
-0.683965
-0.077536
-1.925710
0.015836
0.530743
-0.501550
-0.240901
0.489469
-0.054433
1.825116
1.823553
0.872865
0.599784
-0.055032
-0.087629
0.822371
-0.430315
1.395760
0.612212
2.764786
0.294859
1.297795
0.726320
0.781577
1.163136
0.796405
0.433124
0.709586
-1.584149
3.139291
-0.129067
2.208302
2.030680
1.157271
2.482943
1.963379
1.249316
-1.717936
0.457969
-0.764676
0.847503
1.827240
-0.650187
-0.681054
1.669985
-1.533257
-0.648320
1.617208
-0.001678
-2.903452
1.394228
0.627934
1.043019
-0.035851
-0.015652
0.573565
-1.796801
1.876565
-0.255365
0.904959
0.238645
0.296849
-1.811782
1.468642
-0.211390
0.624217
-1.460113
-0.271853
-1.041288
-1.673551
0.523020
0.480194
-0.788732
0.347455
1.062788
0.285888
-0.148948
-3.344602
-1.211278
-2.119527
-1.838685
-2.291575
1.818862
1.816571
-0.552287
0.379766
-0.177177
-0.487391
-2.358106
-2.639913
0.395685
-0.054017
-1.660494
-0.916016
-1.728826
-0.781638
1.320080
-1.848246
1.663020
-0.180578
-0.553342
-0.817325
-0.391432
-0.554712
-0.469301
0.015477
0.252582
-1.558891
-0.625578
0.048587
0.884257
-0.957594
0.791298
-0.001845
-0.517566
1.054736
-0.179682
-0.522692
0.376374
-0.913669
-0.797654
0.656414
0.439432
0.227838
-0.716896
-1.401530
-0.086321
0.721413
-0.260559
-1.123827
-0.247358
0.288479
-2.915726
0.465072
-1.009071
0.338127
-1.091258
-1.370523
-0.178507
1.829467
-0.852563
0.691705
0.374516
-0.619779
0.145294
0.482646
-0.864679
1.586809
-1.209641
1.374359
2.038262
-0.249293
-1.737890
0.233417
-0.472360
-1.730355
-2.165589
-0.845531
0.310531
-0.887722
-0.435420
0.706124
-1.448048
0.495834
-0.732279
-0.884301
-0.818773
0.198862
-1.616906
-2.350132
-0.370458
-1.283331
-0.551294
1.591495
-2.027955
-0.083587
-0.059031
-0.273603
0.624850
-1.291724
-0.039862
-0.100120
1.037430
1.306282
-0.229347
-1.282592
1.650955
-0.476982
0.150552
-0.287939
-0.443840
0.515737
0.987666
-0.960043
0.226666
-1.154163
0.411902
0.616059
0.267591
1.889426
-0.924172
1.481204
0.406216
0.380930
0.457298
-0.613335
-0.897759
0.210946
-2.397987
1.430484
-1.474530
0.385156
-0.618362
-2.022370
1.710498
-0.349793
1.690804
0.284562
0.720540
1.242121
0.818670
-0.064430
2.784165
0.921115
0.015533
-0.147882
1.078025
0.584211
-1.428784
-0.007659
-1.334743
1.407784
-1.058159
-0.591476
1.580634
1.019601
0.374030
1.117120
0.221482
2.246670
-1.311836
-2.021116
-2.147135
-0.669380
1.518819
0.102479
-0.102689
-1.305915
0.086449
-1.930211
-1.495494
-0.352465
-0.533099
0.532225
-1.144823
1.554393
-0.362575
-2.073824
-0.148938
2.226730
-1.669641
0.110208
2.050532
2.053191
1.460337
1.997255
1.862212
-1.291130
-0.348028
-1.813807
-1.266634
-1.036974
-1.262613
0.092186
-0.647862
1.002633
2.263290
-0.208115
0.506401
0.291961
0.235333
0.705617
-0.144811
-0.927947
0.845319
-0.006846
0.919289
0.374604
0.266530
0.030692
0.564042
-2.012769
-3.090839
-0.736730
-0.968204
-2.404960
-0.932495
-0.601972
1.163947
1.818862
-1.559717
0.965097
1.800198
1.821986
0.256604
-0.906197
1.820427
1.815738
1.382622
0.834695
0.424099
1.778954
-0.016785
0.559420
0.891901
2.022639
-0.551210
1.007982
0.710023
0.462500
0.391898
0.633463
0.995728
-0.738162
0.427210
1.401772
-1.272046
-0.601622
1.314178
-0.227769
-0.317814
-0.956018
0.240548
1.524095
-0.981523
-1.055145
0.680733
-1.406026
0.707609
0.179876
-1.495893
0.438013
1.098918
0.473567
0.336820
-0.765988
0.964200
0.794338
0.616958
1.077887
0.500995
-1.640081
-0.575208
-1.062006
-1.794878
-1.716949
0.380872
-0.633491
-0.804197
-0.773025
-0.600518
-1.069610
-1.700874
-1.118214
-0.203922
-0.267976
0.305041
-1.160464
1.130894
0.748312
-0.743402
-0.836546
-0.429120
-0.267579
-1.159743
1.550749
1.881805
1.185029
1.026785
-1.792241
0.326435
2.283190
1.928316
-0.216275
0.711622
-0.056400
1.633881
0.728453
-0.174872
0.817081
-0.728754
-2.848084
0.296913
0.164368
1.146253
-2.061513
-1.274481
0.617208
0.113729
-1.641324
0.051235
-0.611168
-2.209535
-1.053839
0.911108
0.416625
1.941007
1.416073
-0.405027
0.512793
0.756274
0.452572
0.036129
0.605736
-0.439959
-1.122510
-1.621396
1.127270
-1.405451
0.190287
0.428821
0.281593
-1.815936
-1.245633
-1.792032
-0.700139
-3.779861
-0.681718
-0.167364
0.782165
1.806360
1.498220
-1.443240
-1.827975
0.618241
0.560460
-0.120125
-1.744005
-0.111684
2.661971
1.035052
-0.893382
-0.292148
0.046084
-2.172220
1.128596
-0.843398
-1.730575
-2.085274
0.188102
-0.390443
1.150789
-2.399737
-0.740222
-1.359010
-0.988591
0.621824
0.283807
1.512124
-1.330003
1.123489
0.016137
-0.620911
-1.789896
0.584058
0.938551
-0.335472
1.328025
0.012268
-1.857957
0.536557
0.576885
0.197222
-2.557633
-0.380114
-1.663348
-0.339054
0.165881
1.202440
2.316037
0.430424
0.862903
1.159325
0.867145
0.624643
0.399175
1.448677
-0.322447
0.824215
0.289421
-0.091098
1.172616
-1.554679
-0.468093
0.272752
0.517214
-0.034997
1.493501
-0.998865
1.451495
0.795116
-0.442701
-0.239517
-2.226014
-0.962973
-0.372597
0.372385
0.042510
0.185191
-1.270447
-0.498781
-1.019379
0.692413
-0.318092
-0.801268
-0.132446
1.039699
-0.111592
-0.801685
-0.300227
1.025143
0.846215
-2.353435
-0.222452
-1.455284
1.192924
2.169110
0.652426
0.357599
-1.522280
0.631929
0.125043
0.941688
-0.518744
-0.766399
0.753127
-1.416923
-0.345117
-1.515424
-2.773930
0.671290
-1.083132
0.334069
-0.598417
-1.121677
0.341453
-1.707588
0.399174
-1.358853
-1.332004
-1.787141
-1.830348
-1.698532
0.160052
1.181931
0.495924
-2.042177
0.875420
0.539227
2.228338
0.931346
0.538387
-1.303676
-0.121298
0.688339
-1.263843
1.828239
0.346509
0.169183
1.727355
0.807123
1.221539
0.236208
1.132102
1.070830
0.338982
0.173327
-2.162131
-2.333903
-1.170931
0.710388
-0.190948
0.669749
-0.691856
-1.004281
-2.674120
-1.382852
-0.653589
0.006166
0.513097
1.097625
-3.201747
0.276038
1.908906
-0.600780
-2.060266
-0.920726
-0.250807
-0.524435
0.791137
0.901052
1.302265
-0.055025
1.045651
0.338180
0.476266
1.252691
-0.786801
-2.725890
-0.797148
-0.402311
0.166961
-0.317110
-1.366202
-0.385380
-0.488924
-0.129078
-1.095279
1.079965
-0.876364
-2.736882
0.501207
-0.380267
-3.987469
-2.485302
1.284104
0.430909
0.613031
-0.311121
0.419159
0.734735
3.566736
-0.776635
-0.611186
1.845473
0.354009
0.610282
-0.794177
1.160938
0.633058
1.321124
-0.586058
1.387984
-0.006437
1.471891
-0.223424
-1.108400
0.870044
-1.381194
-3.134673
-0.103956
-1.380279
-1.421102
-0.609296
1.381219
-0.239880
-0.924008
0.288630
0.229939
1.875302
0.698489
-1.539296
-2.334339
-0.289776
0.531420
-0.319264
0.242276
1.559151
0.202208
0.372234
-1.270151
0.166590
-0.130177
0.557163
1.294981
-1.190937
-1.249510
1.169540
0.990826
1.505803
-1.369574
-1.798864
0.645763
-0.373314
-0.173990
1.130215
-1.401322
0.360765
-1.673753
-0.898793
0.575548
1.056661
-0.516705
0.310737
0.415552
0.366500
0.593282
0.086074
0.687579
-1.112956
-0.093895
-1.752886
0.314789
0.445708
0.016177
-1.033315
-1.480176
-0.790695
0.556344
0.014432
-0.903776
0.409347
0.658033
0.444902
-0.526912
-0.917679
-1.756203
0.550085
-0.692202
1.928148
0.345177
1.961742
-0.422563
-1.502678
-1.691748
-1.348285
0.736084
0.446653
-0.821622
-0.071970
-0.613873
-0.261418
-0.163961
-1.152268
-1.689961
-1.843311
1.001974
-1.983206
0.815532
1.022621
0.708114
0.276305
-0.249799
-0.260210
-0.190647
-1.386446
-1.099592
-0.011376
0.520934
0.495187
-0.081071
1.469754
0.787399
0.544861
-1.548131
-0.780076
0.918002
-0.312239
1.695098
0.382504
0.392776
0.620298
0.530475
0.727299
-1.514691
-0.940520
2.234813
1.151665
-0.209536
-0.463812
-0.871898
0.195674
-0.694562
-1.113992
-0.801228
-0.900677
1.081954
-1.282650
0.482393
-0.851971
-0.129720
-1.075608
0.829346
-0.385263
-1.713352
0.713516
-1.154537
-1.685773
-1.073389
-1.788836
1.545595
-1.156238
1.231806
0.869902
-1.831652
-1.064988
2.175534
-2.323209
-1.099285
0.158878
1.284470
1.037621
1.247925
-1.333709
-0.142515
-1.402276
-0.541459
-3.067829
-1.275084
0.336922
1.531638
-1.256112
-0.874842
-0.872347
-0.309569
1.142295
-0.370693
-1.088828
1.751846
-0.473983
0.871027
0.613389
0.569325
0.490506
-0.931923
1.321711
1.639546
0.122314
-0.844328
-1.594615
0.437942
-0.712653
0.784073
0.238402
0.316712
-1.719468
-0.007909
0.226373
0.892752
-1.149502
-1.304471
0.072626
-1.288553
-0.774212
0.756026
0.666255
0.010920
2.015536
-0.567959
-0.565066
-1.923091
-0.381234
0.611509
1.060477
-1.123010
-0.398908
-2.531375
-1.059621
1.132481
1.531769
-1.002157
0.991268
0.895755
0.640263
-0.533044
-0.444157
1.148756
-0.361137
-0.462483
-0.629592
-1.754722
0.763440
0.049331
0.250862
0.101767
0.040927
1.020239
0.361328
0.187959
-0.829267
0.382679
1.732954
-1.222506
-3.702358
0.264477
-0.066888
1.167448
-0.733837
-1.451934
-1.601872
1.256768
1.843493
-0.130857
-1.106039
0.034143
-1.068848
-1.456024
-2.028691
-1.168355
0.471527
-0.388960
-1.704081
-0.420868
-0.040733
0.307683
0.165859
0.574756
0.168722
-0.493668
-0.272093
1.631995
-0.996656
1.376795
0.323312
0.933379
1.114780
0.091892
1.465303
0.466350
1.032107
-1.631148
1.317221
0.617098
-0.839918
0.207507
-0.287395
0.640125
1.596622
-1.981283
-2.851933
-0.169683
0.258882
-0.291895
-2.621428
0.595004
0.827098
-0.692441
0.961823
0.313558
-0.277000
-1.120501
-0.316760
-0.800889
-1.725806
0.418843
1.074825
-1.936779
0.476600
-1.178544
1.132585
-1.335361
-0.147690
-1.009028
-1.061490
1.643052
1.031318
0.612521
-0.898531
-0.713375
0.594515
-0.317306
-0.713863
-0.987858
0.286773
-0.715901
-0.667313
-0.823221
-0.443486
-0.579419
-1.610732
1.891525
-2.553903
2.211856
0.404825
0.990471
1.332141
-0.291586
-0.743333
-0.952797
1.590149
0.471145
-0.248243
-1.341245
0.786780
-0.615768
0.235558
-2.270491
-1.927631
0.118293
0.017533
0.101229
1.107625
1.095169
0.627838
0.573520
-0.692309
1.269223
0.757895
-0.426516
0.793008
0.061678
-2.034584
1.359329
1.043633
-1.890753
-1.167691
0.006314
-0.142600
1.160559
-1.601090
-1.748825
0.743752
-0.661246
0.633002
-2.457633
-0.455875
-1.940336
-0.280440
-0.254659
0.498498
-0.665471
0.938403
0.328667
1.137815
-1.101011
1.148660
1.305023
2.495353
0.514812
-3.108432
0.668162
-1.032247
1.234280
-0.696451
-1.205033
0.094077
-2.025649
-0.913098
1.395740
0.984221
-0.410253
-0.652235
0.941446
-0.821900
-0.839009
-0.464013
0.465893
-0.805231
-1.235590
0.159731
-2.036648
-0.325006
-1.708289
0.775842
1.028729
-1.574522
0.068778
-1.508119
-0.904910
2.337412
0.294941
0.310815
0.614205
0.816699
-1.084936
0.871126
-0.235525
0.600675
0.093517
-2.001896
-0.539811
0.405976
1.203805
-0.923714
1.432841
-0.060696
0.332608
-0.210666
-0.094223
0.141375
-1.149817
0.066986
0.482809
0.495327
-0.101088
-0.145788
-1.680535
-1.951221
-0.669420
-0.376178
-2.830618
-0.991439
-0.284257
0.181719
-1.732057
0.705053
0.562850
1.056661
-1.890352
1.308104
0.480267
0.530231
-1.167201
-0.465388
-1.602489
-0.752292
0.856698
-1.238478
1.209030
0.814566
1.457726
-0.016062
-0.418120
-0.535138
-2.054220
1.821986
1.305704
0.724243
-1.159349
3.296895
0.482121
-0.616911
0.075105
1.135245
0.541370
1.129568
-0.881594
1.028259
-1.830631
-1.020979
-0.130249
-0.779772
-1.588868
-0.156128
0.992837
1.032622
-1.211358
0.683828
1.125318
0.926775
-0.510337
2.303196
0.652192
0.243324
0.931065
1.236959
0.543691
-1.818000
-1.010229
-1.744097
-2.384520
0.473635
-1.411667
-0.122804
1.270955
2.476172
-0.001718
-0.778514
0.032012
0.660147
0.969051
0.486425
-0.483344
2.175715
-0.779333
0.459388
0.653582
0.787454
1.863315
0.753112
-0.241599
-0.225472
1.147434
-0.765292
1.825116
-1.008326
1.279786
-1.456255
-0.957356
-0.165927
-1.017555
-0.563341
1.823553
1.472040
-0.945839
-0.019047
-0.890563
0.596617
0.036815
-3.802600
-1.584662
-2.591977
0.855898
-0.304370
-1.908436
-0.781110
0.316243
-1.440017
0.920122
-0.978981
0.632955
1.637774
-1.024892
-0.135687
-1.916301
-3.206580
-1.508586
-0.550475
-1.588063
-1.918572
-1.994965
-2.047126
-0.677528
0.830711
-1.024252
-0.603172
-1.242504
-0.291292
-0.372485
-1.963407
-1.385518
-0.599879
-0.655069
-3.360046
0.756020
1.396703
1.587666
-2.063938
1.168883
1.308274
0.258024
0.037944
-0.110233
-0.433357
1.465368
1.111054
-1.061198
-0.112758
-2.060498
-1.509424
1.160862
-0.555322
-1.091774
1.735084
-0.773047
2.162390
0.303547
0.005248
-0.441953
1.024825
0.956118
-2.091490
-1.768423
-0.091992
1.009355
-0.664238
-0.599644
-1.880801
0.263307
1.310874
-1.391307
-0.278776
-0.944576
-0.232852
1.213964
0.622720
0.287521
1.165897
0.097544
-0.554921
0.421903
-1.375292
0.011053
-0.259743
-1.197710
0.353925
-0.271880
-1.103812
0.387411
0.540315
1.555028
-1.256832
-1.210352
-1.295640
0.642100
-0.780435
0.269266
-0.086743
-1.543141
-0.722413
0.955567
0.320522
0.063850
-0.411258
-0.300780
0.109624
-1.030399
-1.219640
-1.296434
-1.076264
0.461111
-0.669402
-0.049748
-0.200424
1.379104
-3.617681
-1.045939
1.134106
-1.158581
-0.154389
0.517866
-0.295259
-1.453741
-2.074682
0.147165
-1.122530
-1.772370
-0.845335
-0.072755
1.087888
-0.049414
-0.121561
0.654310
-0.626338
0.556518
-0.342901
-1.826495
0.510881
0.657755
0.753742
-1.859790
1.405418
0.648453
-0.506360
-0.364081
0.529476
1.071538
-0.774980
-1.672847
0.224304
0.462886
-0.689753
-0.844572
-1.132890
1.888219
1.306769
0.888718
-1.643811
-1.538284
0.908797
1.213876
-0.560899
-0.377682
1.342644
1.086462
-0.156757
-0.796925
-0.660357
-2.140015
0.051800
-0.249483
0.412097
-1.607737
0.991148
0.047435
-0.019823
-0.266070
-0.131761
0.924153
-0.259663
-1.795343
-0.583205
0.184238
-1.136903
0.196017
0.640874
-1.493618
-0.103351
0.655433
0.509384
0.116569
0.886374
-2.124716
0.849291
-0.714317
-0.540467
0.288199
0.546809
0.329459
-0.837365
-1.030774
1.632164
-1.923348
-1.851998
1.184459
0.276731
-0.993667
-1.818177
-2.763237
0.880055
-0.543261
0.188479
-0.209070
0.597952
-0.642984
-2.067864
0.801295
0.267367
-0.649560
-0.791209
0.268414
-1.790393
0.414080
-0.362709
-1.666990
0.243801
0.685786
-0.169694
0.519413
0.444445
-1.296228
-1.362850
-0.810883
0.077019
-0.344379
1.795426
-0.269139
-0.366028
1.187734
1.057645
1.500328
-0.162693
-0.250836
1.454603
-0.236876
0.422566
0.311442
0.257704
2.015521
0.964893
-1.715348
-0.707478
0.138212
-1.518253
-0.236717
-0.381459
1.754393
1.244567
-0.774813
0.338061
-0.856055
-0.049740
-0.298239
1.290719
-1.530887
-2.173361
-0.628582
0.069049
0.693555
-0.747200
0.852476
-0.417449
-0.350586
0.990036
-0.252974
0.660803
-2.749592
1.448504
-0.517035
0.857843
1.607091
-3.018388
0.464079
-1.390527
-0.831176
-1.081267
1.229665
0.936240
0.920501
-0.902684
0.429387
0.445438
1.736336
0.751230
2.949702
-1.247967
-0.968339
-0.433535
0.728118
0.722597
-1.517465
-0.437642
0.222086
0.634493
-2.303086
-2.012203
-1.711943
1.610080
-0.875345
0.661295
1.160691
-0.199190
0.279359
-2.358948
-0.152026
-0.157868
-0.913609
-0.849451
0.753051
-0.858178
1.392193
1.187613
-2.157410
0.166482
0.656882
2.236231
0.913545
0.321101
-0.175571
0.948100
1.906924
0.170153
1.127641
0.015779
0.580822
0.458513
-0.355463
-1.673451
0.799528
-0.462072
-0.504569
0.467808
1.344999
0.693420
1.054847
-0.537174
-0.866482
-0.038082
0.795256
0.118396
0.258352
-2.690941
-0.155701
-0.660225
0.065819
1.593683
0.116195
0.939040
0.943876
0.441391
-1.186402
0.168692
0.001375
0.558308
1.068773
0.795281
-0.142409
-0.964111
0.599940
-0.436209
0.252882
0.069631
-0.427841
0.874994
-1.611530
-0.926935
0.718979
0.244389
0.675051
-0.248912
-4.168903
-2.406973
0.829819
-2.473514
0.584632
0.346065
-2.016910
0.096643
0.857936
1.392161
0.642686
1.570648
1.955765
0.564720
0.241451
-0.833001
-0.166132
0.011480
1.461895
1.081116
-0.375602
0.978850
0.599492
0.037612
0.372093
-0.598261
0.362649
0.196799
-0.510595
0.313034
0.543392
-0.183389
1.000035
-0.371375
0.658656
0.538408
-1.045645
-2.163456
-0.132483
-1.394126
-2.221870
0.007723
-0.175588
-0.174609
0.526703
-0.827123
-1.620700
0.295645
-1.130281
-0.147153
1.506617
0.102385
1.823912
-1.052191
0.270728
0.706999
1.271735
0.174528
0.466755
0.642128
-1.674094
-2.423159
0.367481
-0.961651
1.000326
0.268396
-0.823867
-0.058796
0.877110
-0.668083
1.136544
-0.806789
0.538639
-1.800336
1.121100
-1.249739
-1.245462
1.821986
-1.738436
0.068599
-0.681069
-1.496549
-0.611468
0.207753
0.406850
1.615726
-0.037376
1.818862
1.468484
-0.434553
0.007561
-1.692999
-0.894984
-0.272498
-0.048587
-0.172466
-1.500112
0.858497
0.858025
0.180476
-0.742946
-1.233736
-0.481382
1.336043
-0.076709
0.874527
0.139548
0.233177
0.000085
-1.311666
0.004755
0.307709
0.601264
0.029226
-0.115707
1.691711
1.373377
1.334000
1.015742
0.634857
-1.494658
-1.541277
1.298461
0.721867
-1.326339
-0.818631
-0.302661
-0.889203
0.526071
0.744626
1.812961
-2.218846
-1.978877
-1.750837
0.755080
0.646031
-0.696478
0.138324
-0.342497
-0.941468
0.923131
-0.035156
1.186491
-0.591630
-1.742340
-1.558905
0.626464
0.130859
0.945549
-0.206527
1.799986
0.559017
1.628772
0.313575
0.974294
-0.928123
1.046131
0.241061
0.853028
0.477959
1.069314
-0.594219
-3.280567
-2.718383
-0.650215
-0.746721
1.747951
-1.847286
-1.274795
-0.031132
0.472375
1.363994
0.559739
0.243579
0.822469
-0.815496
-0.783391
-0.603668
0.839245
1.169334
0.109814
-0.717269
0.395336
1.851451
-0.612142
-0.748481
-0.746853
-0.358610
0.549399
0.317221
-0.080971
-0.064331
1.511487
0.720189
0.114669
-1.836566
-1.738064
1.843130
-0.201685
-0.305071
-1.492390
-0.609004
-0.459640
0.782366
1.068302
-0.285574
-1.242876
0.874528
1.843101
-0.235642
-2.366809
-3.018093
-1.329740
1.804645
0.268853
-0.406667
-1.059296
1.821986
0.042084
-1.664720
-0.571940
0.111509
1.231394
0.269704
-0.909854
0.178421
0.962894
-1.411468
1.713303
0.327540
-0.654849
-0.702589
-0.732505
-0.246591
-1.968009
-1.039235
1.348089
-0.182396
-0.947559
0.965827
0.845690
0.934951
-0.769194
0.395975
-1.594281
-1.912656
-0.679825
0.648216
-0.243867
-0.670565
-0.725735
-0.676384
0.251658
-0.646192
1.337918
1.751163
1.623623
1.770414
-0.336620
0.772974
-0.128456
1.544999
0.411830
-0.946779
-0.716723
1.907066
0.481674
-0.931839
0.368761
-1.161790
1.347271
-2.415591
0.674591
-1.858221
0.838534
1.353317
2.206694
-2.635848
0.179120
0.737302
-0.824176
-1.177370
-0.105050
-0.502885
-0.530423
1.154502
-0.823658
-1.743782
-0.773268
-0.123134
0.635942
1.061644
0.466661
-0.970717
0.074983
1.174190
-0.241756
0.428485
0.546216
-0.134086
-0.345214
0.087830
0.085735
-1.338479
0.609831
1.817301
0.678309
-3.372268
-1.361418
0.518987
-1.232701
-0.448829
1.200821
0.441101
-2.108005
-1.765224
0.929243
0.800101
-0.849505
1.019297
-1.300053
0.683385
-0.768332
0.798029
0.076458
-2.100969
0.122882
1.003524
-0.638893
-1.804358
-0.457838
-0.815040
1.326915
0.496921
0.159175
-0.818461
-0.323602
-0.011093
-0.540269
1.622669
-0.527764
-0.823461
-3.005212
1.544772
0.001147
0.619352
0.186162
1.013773
0.451122
0.085101
1.180916
1.060912
0.530335
0.872136
1.328874
-0.725785
-1.908910
1.605595
-1.176961
-0.244801
0.194062
-0.664828
-2.057513
-1.942059
0.087044
-0.054310
0.936096
0.595890
-0.617773
0.798361
-0.313996
-2.249879
0.151212
-0.108534
2.692249
0.193635
1.609357
-1.198240
0.520553
-0.881410
0.468119
-2.846445
0.804168
-0.136281
-0.630023
-0.754277
1.567403
-0.173697
-0.428456
-0.487043
-0.644754
-1.948369
0.473472
0.462922
0.428163
2.525575
0.143487
-0.620671
0.781361
0.267424
-1.826789
-0.528324
-0.498896
-0.774204
-1.706248
-0.003704
0.024820
-3.026444
-1.095592
-1.193649
0.760176
0.856955
0.100599
-1.583012
0.094829
-0.296745
-0.401610
-1.647159
1.721277
-0.024407
1.200245
0.133375
0.653550
0.198415
-0.709951
-1.573909
0.638284
-0.571134
1.041725
1.091103
0.252950
1.324314
0.557469
0.612297
1.167483
0.528380
-0.844556
0.043022
2.470956
0.254132
0.340132
-2.078518
-0.722097
-0.345997
-0.802067
-1.066472
-1.880750
1.390115
-1.824507
0.405067
-0.958294
-3.181440
0.523315
-1.107356
-0.138683
0.923864
0.346260
0.687188
0.680864
0.982547
-0.115882
-0.506739
1.574996
-0.074683
0.499412
0.781252
-0.976865
0.747787
0.030702
1.265507
0.193317
0.551948
-1.600326
0.956977
0.415424
1.680426
-0.125303
1.713212
-0.112028
-2.318799
1.003030
-0.834247
0.072430
-0.000375
0.937562
1.109063
-1.327771
0.809219
0.667024
1.529448
0.370152
-2.412500
1.089978
1.609446
0.315421
-0.317679
-0.072741
-0.597668
0.362560
0.977750
-0.533461
0.863725
-2.547726
-1.631339
-0.054187
-3.430719
-1.712612
-0.192119
-0.095652
-1.069306
0.008125
0.658599
2.213852
-1.700912
0.728703
0.649871
-0.696077
-1.453939
-0.541723
0.688959
-2.287207
-1.351889
1.968911
0.256458
-0.286373
0.904069
0.283180
1.011918
-0.962969
0.403984
0.808850
-0.659541
-0.208039
-0.823732
-4.196609
-1.153549
1.649530
0.670129
1.098330
0.403321
-0.112644
-0.057577
-1.910226
1.373492
0.009249
1.991943
0.587199
-1.378451
0.465752
-0.794925
-0.728352
-0.078431
-0.333410
0.236528
0.283940
-1.542450
3.681822
0.607041
1.522058
1.759485
-0.971519
1.820427
1.821986
0.965233
-1.286936
0.456712
-0.799461
-1.320402
0.720982
0.107049
-1.355193
0.346143
-0.374757
1.227561
-2.326534
-0.435082
2.406804
-0.493467
1.022267
0.271781
0.300941
0.584634
0.305245
0.984755
-0.259707
-0.769744
-2.293934
1.940013
-0.371293
-1.330170
0.414760
-1.195773
-0.379532
-0.584496
1.180787
-0.726359
0.307179
-0.326491
0.767149
-1.750246
2.015459
-0.798584
-1.180345
0.721211
-0.084138
-0.974529
1.049515
0.156131
1.037498
-1.452326
0.108730
0.155771
1.399360
-0.933260
-1.932277
0.209637
0.625899
-0.106155
-1.360291
1.556886
-0.370170
0.168495
1.031018
-3.415061
-0.011433
1.492092
0.864897
-1.807647
0.370512
-0.702460
-0.781131
0.159638
-0.194164
-1.681513
0.046925
0.301188
-1.035276
0.052302
-0.386678
-1.864336
0.992051
-1.277428
0.346089
0.374650
1.548582
0.808229
-0.394106
-0.320193
-1.329346
-0.059242
0.565755
-0.598401
0.401007
0.139428
-1.873900
-1.880702
0.007514
0.206639
0.668715
0.522047
-1.011517
0.478909
-0.520089
0.580412
-0.163355
0.664055
1.588378
0.608432
-1.396255
1.107917
0.218594
0.435407
0.109617
1.444878
-0.341432
-0.456358
1.818862
0.603260
-1.855369
-1.210669
-0.378641
1.666554
-0.630349
-2.133320
-1.518412
-1.452331
0.654101
1.254428
-0.474862
1.635992
0.629904
-0.632109
0.208220
0.210475
-1.545045
1.540746
0.067756
0.052849
-0.975990
-1.698970
-1.105492
-0.960916
-0.168330
1.123580
-1.643411
-1.189219
-0.985558
-0.183333
0.217674
0.259027
-0.254895
1.475367
0.464392
0.880193
-0.105980
-1.367065
-0.348415
0.168339
0.649528
0.786905
-0.831923
-1.473733
1.010640
-0.812513
-0.906242
1.156910
-1.575583
1.809108
0.030933
0.600495
1.817301
1.146341
0.153615
0.685598
-0.096269
-0.088915
-1.535220
0.142539
0.300616
0.386689
2.341527
-0.055129
0.910992
0.719833
-0.804960
1.177344
1.332073
0.566380
-0.214518
0.277667
0.997025
0.928905
0.121305
-2.457412
0.612803
-1.376789
-0.588372
-0.679527
-0.433226
1.057193
0.570475
-0.297335
-0.182580
-0.389985
0.046210
-0.213010
0.973066
0.844765
-1.268135
0.162552
-3.390908
-1.724938
-0.267405
-0.885689
-0.286956
1.397743
-2.192115
1.029917
0.545449
-1.128540
0.222799
-1.193353
0.107779
-0.129312
0.044249
0.983676
-0.693172
0.687251
-2.980936
-0.822808
0.346882
-1.370452
0.358630
0.131829
-1.489174
2.136672
0.024945
0.297075
-1.823194
1.035291
2.514839
0.909946
1.006740
-2.322222
-0.338783
1.375200
-1.809610
-3.839337
1.772188
0.531003
0.051146
-0.211362
-0.572536
-0.542544
-0.697599
-1.363372
-1.993098
-1.583446
0.976562
-0.328723
-0.868602
-0.669984
-0.576928
-0.807702
0.899694
-0.283746
-0.348771
-2.492423
1.074290
-0.854542
1.036646
-0.461993
0.401153
1.069387
-0.460795
-1.182991
-3.182221
0.771804
-2.904850
-0.817558
0.478439
-1.650172
-1.081786
-1.460970
-0.663362
0.309825
0.308232
0.037062
0.440238
0.021996
-1.243874
0.516575
1.075547
0.250801
-1.680809
-0.989381
-1.284056
0.826204
-0.089475
0.900502
1.805245
0.021745
-0.182901
1.411255
-0.799864
0.141481
-1.032440
0.161671
-0.345276
0.986066
-0.529810
0.272771
0.937906
-0.124279
0.382697
0.881203
2.422715
0.297609
0.525129
1.113714
0.399853
1.037555
-0.071667
1.736621
-0.111495
0.786603
0.019665
0.944616
0.893293
-0.244366
0.411712
0.222842
-0.078700
1.224180
0.369247
0.332479
-0.423069
1.353461
-2.116445
1.039671
1.306816
1.528309
0.978851
1.350297
-2.438188
0.281525
1.064077
0.190916
0.969499
-0.050970
0.549140
-0.067648
-0.036348
0.171010
1.501652
0.559779
0.574323
-0.688058
0.160033
-1.356577
-0.163885
-0.084740
0.573514
1.477968
1.041701
-0.105719
0.392604
0.508509
-1.421071
1.609237
1.111673
-0.323619
-2.315860
-1.022213
1.818862
1.784487
0.330305
0.368811
0.670658
-2.260901
-1.842686
-0.198453
-1.626349
-0.598959
-1.138736
0.217258
-1.027570
-0.591049
0.287909
-0.016194
0.211980
-1.374275
-0.090240
0.360802
-1.050293
0.705906
-0.965366
0.488025
0.422521
0.418066
0.628434
-2.059637
0.964762
-1.900656
0.829863
-0.460353
0.305612
-1.764024
1.580985
1.253786
0.972880
0.184044
0.640141
-0.768444
0.481586
0.353834
0.079332
1.826891
2.614734
0.683751
0.388677
0.259214
0.704643
-2.079674
0.950747
0.793781
-1.824075
1.314587
-1.022161
0.202871
-1.789351
-1.364881
-0.744629
0.554997
-0.858122
1.282796
-1.953590
1.440310
0.638530
-0.129117
1.266775
-0.764878
-0.747790
1.121138
-1.303424
-0.147797
1.149060
1.817301
-0.802352
-1.554117
0.204958
0.495556
-0.666841
0.235291
-1.556983
0.496821
-0.240759
0.567051
-1.099882
0.955290
1.885006
1.426308
0.911209
-0.741588
1.842840
0.208745
0.288369
1.853959
-1.101430
2.047250
-1.034373
-0.378107
0.328892
-1.236329
0.175780
0.011950
0.296624
-1.447654
-2.496421
0.168197
-1.342725
0.223971
0.445283
0.081212
-0.445368
-0.191168
-0.122735
0.863845
-0.309932
-1.249770
-0.305545
-1.373250
0.793977
-0.737745
1.483471
-0.260519
1.234379
-0.026949
0.989230
0.286441
-1.447202
0.011880
0.719643
0.575578
0.580412
1.911023
-1.642510
0.002794
0.433824
-0.231774
-0.465835
-2.400688
-1.504740
-0.343104
-0.831285
0.337372
2.030214
0.451463
-2.484204
0.872753
-1.384646
1.814870
-0.445555
0.641011
-0.429174
-1.204022
0.636057
1.042236
0.140931
1.294309
0.354657
0.414817
0.584216
0.837032
1.595621
-0.289081
-0.033079
-0.611538
-0.725805
0.844836
-2.662410
-1.614822
1.458609
0.004543
-1.292193
2.016999
-0.714341
-1.185678
1.933685
-1.699938
-0.200922
0.483080
-1.127362
-0.764626
0.934994
-2.348118
0.619081
1.468924
1.458826
-1.304815
-0.578737
-0.588717
1.161446
0.360079
-1.284376
-0.980902
-0.074268
-0.703254
-1.953040
0.862982
-0.242751
1.036406
-0.361917
-1.124422
-0.482289
-0.492746
-0.297729
0.262884
-2.117682
0.596161
-0.064852
-0.967872
1.201676
1.820427
1.299307
0.691109
-0.188959
2.565619
0.005676
-1.150141
0.146377
0.062744
-0.104730
-1.344844
0.639942
-0.749509
1.427716
-1.285227
-1.051751
0.258375
-2.141543
-1.715399
-0.861432
-0.558219
0.649281
0.659846
-0.033335
-1.590636
0.560479
-0.137600
0.578020
-0.984925
1.301102
-0.951170
-1.073978
-0.359694
0.649047
0.204494
0.212841
-0.897746
-0.102549
0.311065
0.111658
-2.558805
0.385759
0.109521
-1.627955
-0.000834
1.821986
-0.211477
-0.980902
0.887981
0.704793
-0.241402
0.359933
-1.096331
1.235494
-1.075566
0.252201
-0.299794
-0.056789
0.955874
-0.538971
0.115296
1.483315
-2.323216
0.478476
0.293498
1.006754
0.223629
-1.571735
1.761083
-0.957287
0.492201
-1.467210
2.056397
1.144267
-0.481126
0.575606
0.677408
1.622544
-1.833672
-0.729010
1.430148
1.620704
-2.579572
0.093125
1.245762
-0.856269
0.193268
1.781360
0.515962
0.848240
-0.701530
1.405509
-1.400854
-0.336572
0.254036
-2.520419
1.203392
-0.981818
0.370385
-0.079130
0.464116
1.789173
1.221319
-0.665844
1.185474
-0.319445
-0.036272
0.866662
1.174089
0.733847
-0.056462
1.821986
0.684473
0.398152
-2.088570
1.643369
0.825689
1.642664
-0.845627
1.808508
1.087645
0.621782
-0.198242
-0.039480
0.552577
-0.247641
-0.625969
-0.624868
-0.236989
1.479191
0.391200
0.256329
-0.582956
-0.719919
1.822823
